{"type":"FeatureCollection","features":[{"type":"Feature","properties":{"country":"Kenya","admin_level":"Admin1","admin1":"Homabay","admin2":"","name":"Homabay","verified":true},"geometry":{"type":"Polygon","coordinates":[[[34.76049532200011,-0.311791870999912],[34.759372197000175,-0.309612969999932],[34.75905173500013,-0.306600931999981],[34.757595097000035,-0.305040659999918],[34.757442564000144,-0.302893734999827],[34.757458399000086,-0.301064005999933],[34.757794151000155,-0.298938819999876],[34.75828830300003,-0.296921674999965],[34.757042582000054,-0.29526364599991],[34.75571688300005,-0.293638059999978],[34.755798207000055,-0.291765229999896],[34.75526246100014,-0.289846525999963],[34.74574671900007,-0.283127572999945],[34.74048174400008,-0.279690439999968],[34.705009459999985,-0.256758063999939],[34.702397610000105,-0.256984010999872],[34.66877615300007,-0.259678642999972],[34.6484726810001,-0.261299656999938],[34.63536712299998,-0.262326055999949],[34.583754974000044,-0.266497823999941],[34.555052176000174,-0.268799817999934],[34.544855740000116,-0.269590451999875],[34.52416218900004,-0.274313058999894],[34.483092932000034,-0.298631745999955],[34.44696589900002,-0.320003936999967],[34.39681589900016,-0.355853936999949],[34.38671174300009,-0.364329750999843],[34.36366589900001,-0.383603936999975],[34.349465899000165,-0.395603936999862],[34.32786589900019,-0.41370393699998],[34.317865899000026,-0.421903936999968],[34.3132658990001,-0.424603936999915],[34.30907099800004,-0.426218100999961],[34.30564403300008,-0.42733521599996],[34.30366132700016,-0.427771169999971],[34.29716589900005,-0.428403936999928],[34.29156344300014,-0.42803708799994],[34.2883658990001,-0.427403936999951],[34.28366589900003,-0.42590393699993],[34.278165899000044,-0.422803936999912],[34.2741031220001,-0.419265022999866],[34.27267563500004,-0.417695721999962],[34.269265899000175,-0.412803936999865],[34.26296589900005,-0.397303936999833],[34.258765899000025,-0.38590393699991],[34.250565899000094,-0.364103936999811],[34.24779003700013,-0.35739359199988],[34.24626589900015,-0.353503936999914],[34.244509488,-0.349156444999835],[34.243065899000044,-0.345603936999964],[34.241314124000155,-0.341254676999938],[34.24021951200018,-0.338379956999916],[34.15076589900019,-0.338103936999971],[34.13856589900007,-0.338103936999971],[34.09306589900007,-0.338103936999971],[33.97966589900017,-0.338103936999971],[33.94796589900011,-0.338103936999971],[33.92956589900018,-0.435403936999933],[33.92436589900018,-0.465903936999894],[33.92266589900004,-0.495903936999923],[33.92086589900015,-0.53770393699989],[33.917065899000136,-0.567803936999951],[33.91896589900011,-0.623803936999934],[33.91916589900018,-0.631703936999884],[33.92176589900015,-0.690803936999885],[33.922865899000044,-0.729003936999902],[33.92436589900018,-0.743703936999907],[33.924665899000104,-0.759703936999927],[33.925865899000144,-0.804803936999861],[34.080965899000034,-0.796903936999911],[34.08314398100015,-0.791295717999958],[34.08426589900006,-0.78750393699994],[34.09126589900012,-0.783503936999978],[34.10266589900016,-0.782303936999824],[34.10946589900004,-0.782003936999956],[34.11476589900013,-0.780303936999871],[34.11916589900005,-0.777703936999956],[34.12506589900005,-0.777803936999817],[34.130664526000146,-0.777779901999963],[34.133566398000085,-0.777616661999957],[34.1411658990001,-0.777103936999879],[34.1463658990001,-0.774603936999881],[34.148577438000075,-0.771611628999949],[34.15086589900011,-0.768503936999934],[34.15616589900009,-0.765903936999905],[34.16256589900007,-0.764903936999872],[34.16916589900012,-0.762703936999912],[34.17456589900013,-0.758103936999817],[34.17846589900006,-0.754303936999975],[34.18446589900003,-0.750703936999912],[34.187865899000144,-0.748603936999928],[34.18976589900012,-0.74610393699993],[34.193865899000116,-0.74390393699997],[34.19848320700004,-0.742490474999897],[34.20044372700005,-0.743138325999951],[34.20175438300015,-0.745306189999894],[34.20436589900004,-0.752803936999953],[34.20909343800014,-0.757460758999969],[34.21078089900004,-0.760598936999941],[34.21192150900009,-0.763224424999976],[34.21308762900014,-0.766414452999868],[34.21617669800003,-0.768845706999969],[34.22256589900013,-0.773403936999898],[34.22776589900013,-0.778803936999964],[34.232775495,-0.781987380999908],[34.235415898999975,-0.786953936999964],[34.236275966,-0.79039688999984],[34.238665899000125,-0.793903936999925],[34.242165898999986,-0.799303936999877],[34.24611589900019,-0.804603936999911],[34.24849432800005,-0.807772514999897],[34.250260987000104,-0.809111080999969],[34.25326589900004,-0.814003936999882],[34.254365899000106,-0.819303936999916],[34.2600658990001,-0.821303936999925],[34.26556589900008,-0.82280393699989],[34.27211523200009,-0.824434159999953],[34.27996589900016,-0.824103936999961],[34.28546589900009,-0.825203936999969],[34.28916589900018,-0.829503936999913],[34.292865899000105,-0.832703936999849],[34.29570837200015,-0.835661463999941],[34.29730678200008,-0.836777832999928],[34.302465899000026,-0.843203936999885],[34.30706589900012,-0.849603936999813],[34.31066589900007,-0.855303936999974],[34.316165899000055,-0.861103936999825],[34.320565899000144,-0.865103936999958],[34.32646589900014,-0.864803936999976],[34.332365899000024,-0.863203936999923],[34.33656589900005,-0.862103936999972],[34.3381658990001,-0.856953936999901],[34.344271618,-0.854333347999955],[34.34706035500011,-0.853779381999971],[34.350169412000014,-0.853389954999898],[34.35676589900004,-0.852503936999938],[34.36266589900009,-0.852203936999899],[34.36866589900018,-0.851503936999904],[34.37076589900005,-0.847503936999942],[34.37456589900006,-0.845503936999933],[34.37896589900015,-0.844203936999861],[34.38336589900001,-0.84390393699988],[34.38606589900013,-0.838603936999959],[34.38878328200019,-0.833113496999886],[34.39266589900018,-0.829903936999813],[34.39166589900003,-0.825703936999957],[34.38826589900009,-0.822103936999952],[34.38736589900003,-0.815903936999973],[34.39376589900007,-0.817803936999894],[34.39966589900007,-0.819803936999904],[34.40566589900004,-0.823003936999896],[34.41066589900004,-0.825103936999938],[34.41626589900011,-0.829303936999906],[34.42136589900019,-0.831403936999948],[34.42596589900012,-0.833603936999964],[34.42976589900013,-0.83620393699988],[34.434865899000044,-0.839603936999936],[34.43936589900005,-0.843803936999961],[34.444865899000035,-0.846603936999941],[34.44856589900007,-0.85000393699994],[34.454565899000045,-0.854603936999979],[34.458965899000134,-0.85790393699989],[34.463812244999986,-0.862138509999966],[34.464265899000054,-0.854303936999941],[34.463765899000066,-0.84860393699995],[34.463987000000145,-0.844800266999925],[34.46396589900013,-0.840803936999919],[34.46496589900005,-0.83440393699982],[34.466990037000016,-0.830114281999897],[34.468165899000155,-0.827403936999929],[34.47016589900011,-0.823803936999923],[34.47196589900017,-0.818903936999959],[34.47376589900006,-0.81430393699992],[34.47626589900011,-0.809403936999956],[34.47946589900005,-0.804803936999861],[34.48206589900008,-0.799703936999947],[34.48406589900014,-0.793503936999969],[34.48546589900019,-0.786803936999831],[34.4905658990001,-0.781503936999968],[34.49416589900005,-0.778703936999932],[34.49886589900012,-0.773903936999886],[34.50526589900011,-0.767303936999951],[34.51166589900009,-0.761503936999929],[34.51681534000011,-0.757369688999972],[34.519465899000124,-0.754703936999874],[34.52316917700011,-0.748970140999916],[34.52463714400017,-0.747081753999908],[34.529165899000134,-0.742703936999874],[34.53366589899997,-0.736903936999965],[34.53559217500003,-0.7298840119999],[34.536296156000105,-0.72830855199993],[34.53171589900012,-0.725103936999972],[34.533865899000034,-0.719403936999925],[34.53414135500009,-0.716200589999971],[34.53466589900012,-0.711303936999911],[34.533865899000034,-0.705303936999883],[34.53666589900007,-0.700703936999957],[34.5401658990001,-0.692603936999888],[34.5451658990001,-0.686803936999979],[34.547865899000044,-0.685503936999964],[34.550065899000174,-0.682603936999897],[34.55286589899998,-0.675303936999967],[34.55916589900011,-0.671803936999936],[34.55705526500009,-0.666667706999931],[34.55604914900016,-0.664071448999948],[34.56126589900009,-0.663503936999916],[34.566115899000124,-0.661703936999913],[34.56867818000012,-0.661531772999979],[34.57339914900001,-0.660356648999937],[34.57691589900003,-0.659903936999854],[34.58120571600017,-0.657676040999888],[34.58215534900012,-0.654125326999917],[34.582965899000044,-0.651603936999948],[34.586633156000175,-0.65033759399995],[34.59176589900005,-0.649314524999966],[34.59387026100006,-0.649562501999981],[34.59868134100003,-0.649458357999947],[34.60074547100015,-0.649867076999953],[34.60536589900016,-0.651203936999877],[34.60906589900003,-0.649503936999906],[34.61099190500005,-0.650286908999931],[34.61601698600009,-0.651534370999968],[34.61779102000014,-0.65244926299988],[34.62066265600009,-0.653724476999969],[34.62386589900018,-0.653903936999882],[34.626820308000106,-0.654944842999953],[34.62900645900004,-0.657624186999954],[34.63352486300016,-0.660260737999977],[34.63566589900006,-0.66070393699988],[34.643115899000065,-0.632103936999954],[34.64507434300009,-0.629208839999876],[34.64783349200002,-0.625864484999909],[34.65060810900019,-0.621803197999952],[34.65088116900006,-0.619617314999857],[34.65056589900007,-0.615303936999908],[34.652458932000116,-0.612483287999964],[34.65465970400015,-0.609996856999942],[34.65686589900014,-0.607203936999952],[34.65856589900011,-0.603003936999869],[34.65936589900008,-0.601453936999974],[34.68516589900014,-0.600703936999935],[34.69079256599997,-0.593557269999963],[34.693665899000166,-0.591903936999927],[34.69628568400009,-0.588853430999961],[34.69816589900017,-0.584803936999947],[34.69908589900007,-0.580713936999928],[34.700025753000034,-0.578189337999902],[34.70080843000005,-0.576183585999956],[34.70395200400009,-0.572091109999917],[34.70510881300015,-0.570851898999877],[34.708220936000146,-0.568914009999958],[34.70941546500012,-0.567824760999883],[34.71087040599997,-0.564705009999955],[34.71096589899997,-0.560903936999978],[34.71216451300006,-0.557601973999965],[34.71546589899998,-0.557603936999953],[34.719855000000166,-0.558634724999877],[34.72366589900008,-0.559003936999943],[34.726715899,-0.557053936999978],[34.73176589900004,-0.555603936999944],[34.73487087100011,-0.557225053999957],[34.73791607300018,-0.557836889999919],[34.74116589900012,-0.557903936999878],[34.744565899000065,-0.557503936999922],[34.74786589900009,-0.557503936999922],[34.75018058100011,-0.556645313999923],[34.75276589900017,-0.555303936999962],[34.75550173300019,-0.55204139999995],[34.75906589900006,-0.549003936999895],[34.76085936800001,-0.546400723999966],[34.76107648700014,-0.543306289999919],[34.762865899000076,-0.540403936999951],[34.766054114000156,-0.536348722999946],[34.76726589900011,-0.533803936999902],[34.771515899000065,-0.532303936999938],[34.77520001700009,-0.532657465999876],[34.78076589900013,-0.533103936999964],[34.78446482600003,-0.532299429999853],[34.78765080500011,-0.531451106999896],[34.791441120000115,-0.52798225499987],[34.79569018600017,-0.525814024999875],[34.79966589900005,-0.525803936999921],[34.80242436100019,-0.524281244999884],[34.806549841000106,-0.52295977599988],[34.80876137100012,-0.522079785999892],[34.811306229000024,-0.521130110999934],[34.81407340499999,-0.519317028999922],[34.817519651000055,-0.517763940999941],[34.82088897600005,-0.516688551999948],[34.82306908200013,-0.516219055999954],[34.82606371600008,-0.515574468999887],[34.82992145300017,-0.515274977999979],[34.833565899000064,-0.51400393699987],[34.837072712000065,-0.512818534999951],[34.84186085400012,-0.511641719999943],[34.84396677400008,-0.511308531999873],[34.84717624400008,-0.510728074999918],[34.85071415200008,-0.509498664999967],[34.853265899000064,-0.507203936999929],[34.855775529000084,-0.503561528999967],[34.85896888800005,-0.50244013899993],[34.87995678600004,-0.48694675999991],[34.881165899000166,-0.485803936999957],[34.89156589900017,-0.483803936999948],[34.90146589900007,-0.48130393699995],[34.90786589900006,-0.479203936999909],[34.91766589900004,-0.474303936999945],[34.92726589900013,-0.469503936999956],[34.93576589900016,-0.465303936999931],[34.94266589900013,-0.461103936999962],[34.94497233499999,-0.459211763999974],[34.9545658990001,-0.451303936999921],[34.96256589899997,-0.444403936999947],[34.972365899000124,-0.438303936999944],[34.985465899000076,-0.432903936999935],[34.997365899000044,-0.428203936999978],[35.00096589900005,-0.426103936999937],[35.00856589900019,-0.41980393699987],[35.01985951600017,-0.409650856999917],[35.02078163200008,-0.406605280999884],[35.01981840800016,-0.402360926999904],[35.017865899000185,-0.400503936999939],[35.01768163200012,-0.395755280999936],[35.015132434000066,-0.393236114999979],[35.010586251,-0.389253397999937],[35.0096212790001,-0.391123664999952],[35.00791536100019,-0.392690244999926],[35.0070039150001,-0.394853034999812],[35.00714822000003,-0.396835088999921],[35.005056758000194,-0.398171440999931],[35.00435838100003,-0.399562348999893],[35.0039841520001,-0.401345783999943],[35.00278397000011,-0.403321488999893],[35.000962143000095,-0.404097812999908],[34.998137185000076,-0.403393365999875],[34.996253361000186,-0.403996422999967],[34.99488395200012,-0.40531417099993],[34.9932640130001,-0.406175531999963],[34.990934246000165,-0.406313220999891],[34.989223032000154,-0.40677707499998],[34.9878247420001,-0.407759461999945],[34.98758239800014,-0.409544135999965],[34.98601608300015,-0.412038640999867],[34.984380167000154,-0.411406816999886],[34.98282104200018,-0.411832646999869],[34.981299730000046,-0.412482611999906],[34.97962752400008,-0.411261187999912],[34.97819151500005,-0.409874650999882],[34.97652944700019,-0.408937366999965],[34.97486527500013,-0.408124024999893],[34.97259723000013,-0.40922391099997],[34.97070917499997,-0.410367354999948],[34.96891250700003,-0.411115787999961],[34.96704010499997,-0.41044409299991],[34.96548735800002,-0.40983125799994],[34.963656264000065,-0.410457015999839],[34.964429215000166,-0.412190140999883],[34.96219652900015,-0.413371352999832],[34.960371846999976,-0.413921564999953],[34.9582742720001,-0.413459623999927],[34.956487828000036,-0.413397271999941],[34.95380426600008,-0.413373262999812],[34.95209992000008,-0.414251866999962],[34.950330274000066,-0.414271027999916],[34.94863265700019,-0.412937298999964],[34.94612598400016,-0.412956010999835],[34.94402067000004,-0.411767024999961],[34.941558287000134,-0.411675933999959],[34.93993223000018,-0.411644574999968],[34.93837735000011,-0.411009548999971],[34.93702094400015,-0.409583710999868],[34.93497077799998,-0.409217123999895],[34.933327213000155,-0.409948057999827],[34.931483356000115,-0.410265429999868],[34.929558576000034,-0.409519945999932],[34.92979509300011,-0.40769244199987],[34.929362668000124,-0.405538947999958],[34.92896109600014,-0.403801483999928],[34.929613325,-0.402093082999954],[34.92918548600005,-0.40080817199987],[34.92697520500002,-0.401675349999948],[34.92602537900012,-0.400203001999955],[34.924467902000174,-0.400557421999906],[34.92228810500018,-0.40169170199988],[34.920467649000045,-0.40194435699982],[34.918467788000044,-0.401669644999913],[34.916384129,-0.40142323799995],[34.91402206400005,-0.401251243999923],[34.91425625700015,-0.399377515999959],[34.914201733000084,-0.397369822999963],[34.913421073000166,-0.39541079299994],[34.9143801190001,-0.393846157999974],[34.91528277300017,-0.392489243999876],[34.91474994500015,-0.390982365999832],[34.91557773400018,-0.389376035999874],[34.91615695600012,-0.387226819999967],[34.915802865000046,-0.385011510999959],[34.91444507300014,-0.383798624999883],[34.91275942200002,-0.384146317999978],[34.91118801600004,-0.385159433999945],[34.909655045000136,-0.386641789999942],[34.90804244200018,-0.387326479999956],[34.90622908900019,-0.388010527999938],[34.90416342300017,-0.388503725999897],[34.90186067700006,-0.389075460999948],[34.899886387000095,-0.390110354999877],[34.89835721700007,-0.39179626899994],[34.89588883900012,-0.391858096999897],[34.89388333400018,-0.392440793999867],[34.89234962800009,-0.394287623999901],[34.890852720000055,-0.395579815999895],[34.890079840000055,-0.397448795999935],[34.889427826000144,-0.398987824999892],[34.887985145000016,-0.39771471399996],[34.88725777500008,-0.395821951999949],[34.88594252100012,-0.394448537999892],[34.884270867,-0.394334776999926],[34.881640544000106,-0.394338943999912],[34.87998739400007,-0.393974424999953],[34.878457038000136,-0.394766621999963],[34.87734887100015,-0.395620383999869],[34.87584430100003,-0.394888895999941],[34.87360359800016,-0.394086724999909],[34.87177312400007,-0.393256492999967],[34.87004003100009,-0.392588212999897],[34.86792679600012,-0.392432812999914],[34.86622228400017,-0.393114826999977],[34.86466864500011,-0.394952002999901],[34.86276933800008,-0.395207882999955],[34.86039750300006,-0.394301230999872],[34.85856899800018,-0.392757920999941],[34.85946673100011,-0.391423009999869],[34.85857060200016,-0.390499917999875],[34.85676356700009,-0.390101308999931],[34.85423271300016,-0.390168369999969],[34.851914570000076,-0.390490792999913],[34.84944699600004,-0.390387265999948],[34.84661719200017,-0.390349685999979],[34.84453774400009,-0.390029252999909],[34.84231456000015,-0.390248261999943],[34.84024651800013,-0.390799186999971],[34.83849191200005,-0.389963210999952],[34.836748980000095,-0.388784645999976],[34.83496817300011,-0.388013976999957],[34.83326262200012,-0.386371513999961],[34.831283406000125,-0.386354199999971],[34.829360922000035,-0.386021815999925],[34.82745767500006,-0.386045048999961],[34.825564187000055,-0.386332923999873],[34.82379604500011,-0.385747571999957],[34.822410779999984,-0.384525915999859],[34.82378469100007,-0.383816244999934],[34.82501818700018,-0.382773759999907],[34.82517713200008,-0.380645424999955],[34.82414304000014,-0.379089300999965],[34.82231663100009,-0.377914436999959],[34.822389779000105,-0.375585108999928],[34.82280137300006,-0.373370012999885],[34.82245224700017,-0.37162496499991],[34.82253456300003,-0.369513782999945],[34.82038114800014,-0.368843106999975],[34.81967048500019,-0.367173152999897],[34.818912390000094,-0.365524653999955],[34.81826351400002,-0.36385675799994],[34.81725141400017,-0.362157712999874],[34.815963399000054,-0.360561680999979],[34.81495554600008,-0.359123817999944],[34.81346502500014,-0.357620399999973],[34.81232997700016,-0.356194928999912],[34.81080098500013,-0.354378162999978],[34.810980345000075,-0.352381171999923],[34.81074070200003,-0.349827119999816],[34.80857587500009,-0.35101709099996],[34.80700053600003,-0.352699033999954],[34.80529037800011,-0.35223841699991],[34.80320869700006,-0.352289084999938],[34.80104780300019,-0.352877699999965],[34.79913283100018,-0.352531063999891],[34.79772022600008,-0.351198507999868],[34.796550350000075,-0.3492561999999],[34.79533166900006,-0.348113197999851],[34.793573218000176,-0.347908098999937],[34.79151945100011,-0.346924562999902],[34.79074517000009,-0.344747801999915],[34.79208510800015,-0.343324130999974],[34.79335263700011,-0.342178560999969],[34.79261238400005,-0.340246435999973],[34.79109012300012,-0.340006413999845],[34.78940499000004,-0.341125826999928],[34.787557558000174,-0.340611325999873],[34.78562490600012,-0.340065105999884],[34.78527905100003,-0.338088268999854],[34.78572176600011,-0.336404917999914],[34.784096275000024,-0.334545048999871],[34.78285454900015,-0.332391962999964],[34.78387823600019,-0.330732391999959],[34.78615514800009,-0.329943860999947],[34.788167735000115,-0.330689776999918],[34.79022053300014,-0.329678492999903],[34.788340572000095,-0.328204260999883],[34.787631160000046,-0.325635090999924],[34.78727837800017,-0.323546895999925],[34.78501194400019,-0.321254464999924],[34.783684365000056,-0.320125397999959],[34.78133106000013,-0.320247537999933],[34.780096126000046,-0.318420318999927],[34.779658140000095,-0.316415024999912],[34.77813814100017,-0.315295789999936],[34.77660146300019,-0.315766349999876],[34.77462621000012,-0.314891343999875],[34.773502743000165,-0.313362563999931],[34.77203848400006,-0.312199493999913],[34.76968977800004,-0.31094951699987],[34.768866537000065,-0.30930871899983],[34.76779738200014,-0.309323575999883],[34.76674664400008,-0.310556433999921],[34.764517292000164,-0.31065660299987],[34.76276702900003,-0.310138391999885],[34.761579030000064,-0.311834583999939],[34.76049532200011,-0.311791870999912]]]}},{"type":"Feature","properties":{"country":"Kenya","admin_level":"Admin2","admin1":"Homabay","admin2":"Homa Bay","name":"Homa Bay","verified":true},"geometry":{"type":"Polygon","coordinates":[[[34.54461166300007,-0.592584039999906],[34.543325052000114,-0.58905926999995],[34.54227258500015,-0.587399050999977],[34.539808813000036,-0.583946130999891],[34.53908088200012,-0.57895443599989],[34.536965899000165,-0.576903936999884],[34.533557102000145,-0.57571587599989],[34.53046589900009,-0.573853936999967],[34.52895409700005,-0.572147034999944],[34.525465899000096,-0.568303936999939],[34.52216589900007,-0.56390393699985],[34.52106589900018,-0.560703936999914],[34.521165899000096,-0.55780393699996],[34.52061589900006,-0.555053936999968],[34.51918461200006,-0.551996807999899],[34.51825439400017,-0.549307880999891],[34.51774958400017,-0.547760217999951],[34.51640904600009,-0.543807997999863],[34.51591885,-0.540298193999888],[34.51637484000008,-0.538407701999972],[34.517554974,-0.535597509999889],[34.51790982900019,-0.532156982999879],[34.515565899000194,-0.530203936999953],[34.51394311600012,-0.5273226999999],[34.512349310000104,-0.524361103999922],[34.51201016099998,-0.52261705199993],[34.512337052000134,-0.52000931099991],[34.51078274400015,-0.51614705399993],[34.50977445800004,-0.514598128999921],[34.50760151600019,-0.511865580999881],[34.504759544000024,-0.509147282999947],[34.50330089900007,-0.506298936999883],[34.50324185800008,-0.501703045999875],[34.503265898999985,-0.4969039369999],[34.502191358000175,-0.492944073999979],[34.50056248800007,-0.490106449999928],[34.49805379900005,-0.487415345999977],[34.49665946300013,-0.486112052999943],[34.486465899000166,-0.479803936999815],[34.48230852800015,-0.477562028999955],[34.459887973000036,-0.455583513999898],[34.37586589900013,-0.373403936999864],[34.357520491000116,-0.38882269699991],[34.43806589900015,-0.483903936999923],[34.4459658990001,-0.499903936999942],[34.41746589900009,-0.527703936999956],[34.414665899000056,-0.532803936999926],[34.412565899000185,-0.537603936999972],[34.41066589900004,-0.541903936999972],[34.4071781670001,-0.545714039999893],[34.40456589900015,-0.549403936999965],[34.402865899000176,-0.553803936999941],[34.40476589899998,-0.556803936999927],[34.409365899000136,-0.560603936999939],[34.41456589900014,-0.56570393699991],[34.418265899,-0.568803936999927],[34.42066589900003,-0.574703936999924],[34.42257524300004,-0.57926876099998],[34.424765899000136,-0.58540393699991],[34.42676589900003,-0.592903936999903],[34.43026589900012,-0.593803936999961],[34.433465899,-0.596603936999884],[34.43356589900014,-0.604203936999966],[34.436665899000104,-0.608803936999891],[34.439265899000134,-0.615303936999908],[34.438765899000146,-0.621203936999962],[34.44036589900003,-0.62880393699993],[34.44326589900015,-0.633303936999937],[34.44623106800009,-0.636188206999861],[34.44916589900015,-0.637903936999976],[34.456265899000186,-0.642103936999945],[34.461202930000184,-0.64646052199987],[34.463652386000035,-0.64832353099996],[34.46796589900015,-0.651303936999966],[34.47066589900004,-0.656103936999955],[34.47486589900012,-0.657503936999944],[34.47876589900005,-0.660403936999899],[34.48586589900003,-0.663303936999966],[34.4912658990001,-0.665503936999926],[34.49696589900009,-0.667103936999979],[34.500165899000024,-0.665103936999969],[34.502765899,-0.661203936999925],[34.50876589900014,-0.661203936999925],[34.51566589900011,-0.660953936999931],[34.522465899,-0.661503936999964],[34.52836589900005,-0.661703936999913],[34.533465899000134,-0.661703936999913],[34.53610052200008,-0.658157112999902],[34.535180126000114,-0.654702064999924],[34.534293258000105,-0.6499246919999],[34.5324735910001,-0.646865474999913],[34.53106589900017,-0.645103936999931],[34.533865899000034,-0.643903936999948],[34.540465899000026,-0.648203936999892],[34.54676589900015,-0.653503936999925],[34.55140598200012,-0.65665862599991],[34.553270484000166,-0.658469363999927],[34.55604914900016,-0.664071448999948],[34.56126589900009,-0.663503936999916],[34.566115899000124,-0.661703936999913],[34.5663623530001,-0.657753634999949],[34.566452403000085,-0.654204291999974],[34.566376487000184,-0.651206289999891],[34.56766345400018,-0.647858284999927],[34.56545591300005,-0.644487169999934],[34.56237042700019,-0.643379785999969],[34.560706863000064,-0.643208757999957],[34.55816589900013,-0.641503936999925],[34.557065899000065,-0.637403936999817],[34.55531023900011,-0.634759125999835],[34.555765899000164,-0.631603936999966],[34.55718605100003,-0.628432833999966],[34.55756589900005,-0.626003936999894],[34.55478576000013,-0.621693154999946],[34.553753483000094,-0.619710532999932],[34.55227481000003,-0.616493045999903],[34.55206589900007,-0.613303936999898],[34.549454605,-0.612330759999963],[34.5472648920001,-0.610548231999815],[34.545665899000085,-0.610103936999906],[34.54342166800012,-0.61215778299993],[34.541265802000055,-0.608549672999914],[34.54246213400012,-0.604594995999889],[34.54471589900015,-0.603103936999901],[34.54520044500009,-0.599894325999912],[34.545072614000105,-0.596928710999919],[34.545070834000114,-0.59365657799998],[34.54461166300007,-0.592584039999906]]]}},{"type":"Feature","properties":{"country":"Kenya","admin_level":"Admin2","admin1":"Homabay","admin2":"Suba North","name":"Suba North","verified":true},"geometry":{"type":"Polygon","coordinates":[[[34.293316169000036,-0.428365557999939],[34.29068301,-0.42791267899986],[34.28616589900014,-0.426803936999931],[34.28076589900007,-0.424403936999965],[34.27566589900016,-0.420703936999814],[34.27336589900011,-0.418503936999969],[34.270665899000164,-0.415303936999862],[34.26776589900004,-0.409903936999967],[34.26106589900007,-0.39200393699997],[34.25596589900016,-0.378703936999898],[34.24813632700017,-0.35821629499992],[34.247265899000126,-0.356103936999943],[34.245265899000174,-0.351103936999948],[34.24378674600007,-0.347395597999878],[34.242165898999986,-0.343403936999948],[34.24088011800012,-0.340198372999907],[34.21056589900002,-0.338103936999971],[34.144065899000054,-0.338103936999971],[34.11296589900007,-0.338103936999971],[34.042365899000174,-0.338103936999971],[33.950865899000064,-0.338103936999971],[33.93236589900005,-0.418503936999969],[33.92656589900014,-0.453003936999892],[33.92416589900017,-0.47890393699987],[33.92186589900007,-0.519003936999979],[34.01446589900007,-0.522803936999878],[34.04206589900019,-0.515603936999923],[34.08646589900019,-0.501403936999907],[34.13106589900019,-0.479303936999941],[34.19556589900009,-0.50040393699993],[34.20066589900017,-0.503103936999878],[34.20336589900012,-0.505703936999964],[34.209265899000115,-0.506903936999947],[34.20844815100014,-0.511641021999935],[34.20996589900011,-0.515603936999923],[34.21426589900011,-0.517203936999977],[34.21786589900006,-0.519603936999943],[34.22256589900013,-0.525003936999894],[34.23306589900005,-0.534003936999909],[34.24156589900008,-0.542603936999967],[34.25296589900012,-0.54790393699983],[34.25976589900017,-0.54580393699996],[34.26596589900015,-0.542703936999885],[34.27356589900012,-0.538603936999948],[34.27836589900011,-0.535803936999912],[34.28176589900005,-0.53670393699997],[34.28616589900014,-0.536803936999945],[34.290365899000165,-0.53610393699995],[34.29212995300014,-0.537309612999877],[34.29316589900003,-0.540103936999969],[34.29276589900013,-0.543603936999943],[34.29336589900004,-0.547203936999892],[34.296365899000136,-0.54950393699994],[34.29866595600009,-0.554239536999944],[34.29995499100011,-0.556522410999889],[34.30150989900011,-0.558045936999918],[34.303465899000116,-0.560603936999939],[34.30406589900002,-0.565303936999953],[34.30451589900014,-0.568553936999933],[34.30599762700018,-0.570631482999943],[34.30776589900012,-0.574403936999886],[34.305665899000076,-0.581903936999879],[34.29706589900013,-0.66840393699988],[34.304365899000175,-0.667003936999947],[34.31146589900004,-0.665603936999958],[34.316165899000055,-0.664603936999868],[34.32326589900009,-0.662903936999896],[34.330165899000065,-0.661203936999925],[34.33516589900006,-0.659303936999947],[34.34076589900013,-0.657903936999844],[34.34826589900018,-0.655303936999928],[34.34916589900007,-0.648303936999923],[34.349465899000165,-0.64140393699995],[34.34976589900015,-0.635903936999966],[34.35151004300019,-0.628213931999881],[34.35231105800011,-0.625578376999954],[34.354165899,-0.620403936999935],[34.35646589900011,-0.614203936999957],[34.359465899000156,-0.608203936999928],[34.361765899000034,-0.60140393699993],[34.364070398000024,-0.597410888999946],[34.36724310500006,-0.592758284999945],[34.364865899,-0.589503936999961],[34.368265899000164,-0.588303936999978],[34.37016589900014,-0.588492248999898],[34.37376494600011,-0.588426813999945],[34.37826871400006,-0.588096697999958],[34.38176456400015,-0.586501562999956],[34.38446589900008,-0.584403936999934],[34.387465899000176,-0.57950393699997],[34.39096589900004,-0.575803936999932],[34.39416589900014,-0.574303936999968],[34.397265899000104,-0.572103936999838],[34.398874840000076,-0.568607701999838],[34.40001499800013,-0.565623809999863],[34.401186660000064,-0.563215009999965],[34.40295464000013,-0.559648344999971],[34.40476589899998,-0.556803936999927],[34.402865899000176,-0.553803936999941],[34.40456589900015,-0.549403936999965],[34.4071781670001,-0.545714039999893],[34.41066589900004,-0.541903936999972],[34.412565899000185,-0.537603936999972],[34.414665899000056,-0.532803936999926],[34.41746589900009,-0.527703936999956],[34.4459658990001,-0.499903936999942],[34.43806589900015,-0.483903936999923],[34.357520491000116,-0.38882269699991],[34.33286589900018,-0.409603936999929],[34.31946589900008,-0.420703936999814],[34.31606589900014,-0.423003936999976],[34.31025522300001,-0.42577591099996],[34.30775179000011,-0.42665959399983],[34.304665899000156,-0.427603936999958],[34.300365899000155,-0.428203936999978],[34.29716589900005,-0.428403936999928],[34.293316169000036,-0.428365557999939]]]}},{"type":"Feature","properties":{"country":"Kenya","admin_level":"Admin2","admin1":"Homabay","admin2":"Suba South","name":"Suba South","verified":true},"geometry":{"type":"Polygon","coordinates":[[[34.24156589900008,-0.542603936999967],[34.23306589900005,-0.534003936999909],[34.22256589900013,-0.525003936999894],[34.21786589900006,-0.519603936999943],[34.21426589900011,-0.517203936999977],[34.20996589900011,-0.515603936999923],[34.20844815100014,-0.511641021999935],[34.209265899000115,-0.506903936999947],[34.20336589900012,-0.505703936999964],[34.20066589900017,-0.503103936999878],[34.19556589900009,-0.50040393699993],[34.13106589900019,-0.479303936999941],[34.08646589900019,-0.501403936999907],[34.04206589900019,-0.515603936999923],[34.01446589900007,-0.522803936999878],[33.92006589900018,-0.55210393699997],[33.918465899000125,-0.594103936999886],[33.91896589900011,-0.627703936999978],[33.92116589900007,-0.670503936999978],[33.922465898999974,-0.711103936999905],[33.92396589900011,-0.73760393699996],[33.9244658990001,-0.748903936999966],[33.92526589900001,-0.77920393699992],[34.079565899000045,-0.805203936999931],[34.08267948100007,-0.792509272999894],[34.083538273000045,-0.790095939999958],[34.08756589900008,-0.784603936999872],[34.09766589900016,-0.782603936999863],[34.10656589900009,-0.782203936999963],[34.11226589900008,-0.781503936999968],[34.11696589900009,-0.778903936999882],[34.12236589900016,-0.777603936999981],[34.12816589900007,-0.777903936999905],[34.13166696400009,-0.77771938099994],[34.13712491200016,-0.777534737999929],[34.14426589900012,-0.776003936999928],[34.147826055000166,-0.772674717999962],[34.14907276600019,-0.770909031999963],[34.152665899,-0.766703936999932],[34.15926589900005,-0.765703936999898],[34.16536589900011,-0.764203936999934],[34.172465899000144,-0.760303936999946],[34.17656589900008,-0.756303936999927],[34.18196589900015,-0.751803936999977],[34.18709963200007,-0.749196646999906],[34.188405047000174,-0.747957688999975],[34.19166589900016,-0.744903936999833],[34.19616161300013,-0.7430639399999],[34.19936589900004,-0.742403936999949],[34.19976589900011,-0.740503936999914],[34.19726589900006,-0.734503936999886],[34.220115899000064,-0.721703936999972],[34.23236589900006,-0.713503936999871],[34.24996589900002,-0.701103936999914],[34.289965899000094,-0.672903936999887],[34.305665899000076,-0.581903936999879],[34.30776589900012,-0.574403936999886],[34.30599762700018,-0.570631482999943],[34.30451589900014,-0.568553936999933],[34.30406589900002,-0.565303936999953],[34.303465899000116,-0.560603936999939],[34.30150989900011,-0.558045936999918],[34.29995499100011,-0.556522410999889],[34.29866595600009,-0.554239536999944],[34.296365899000136,-0.54950393699994],[34.29336589900004,-0.547203936999892],[34.29276589900013,-0.543603936999943],[34.29316589900003,-0.540103936999969],[34.29212995300014,-0.537309612999877],[34.290365899000165,-0.53610393699995],[34.28616589900014,-0.536803936999945],[34.28176589900005,-0.53670393699997],[34.27836589900011,-0.535803936999912],[34.27356589900012,-0.538603936999948],[34.26596589900015,-0.542703936999885],[34.25976589900017,-0.54580393699996],[34.25296589900012,-0.54790393699983],[34.249165899000104,-0.54790393699983],[34.24156589900008,-0.542603936999967]]]}},{"type":"Feature","properties":{"country":"Kenya","admin_level":"Admin1","admin1":"Kisumu","admin2":"","name":"Kisumu","verified":true},"geometry":{"type":"Polygon","coordinates":[[[34.80648817600007,-0.015917717999969],[34.807595056000025,-0.013873342999943],[34.809966602000145,-0.01244106099989],[34.81013374000008,-0.010288518999971],[34.809157611000046,-0.007213982999872],[34.80993095600019,-0.005580794999901],[34.812602997000056,-0.00012766299983],[34.813552856,0.001347526000131],[34.81571677400018,0.0042831290001],[34.817099605000124,0.006336365000152],[34.82119906500003,0.011956063000071],[34.82231890000003,0.013525018000109],[34.825066519000075,0.017358529000148],[34.82701784600016,0.020060675000082],[34.82937600900016,0.023366735000081],[34.83067984600012,0.025650060999965],[34.82719517800007,0.025181434000046],[34.82464601300012,0.024762987000145],[34.821213826000076,0.024091524000085],[34.81895382200014,0.023160239000049],[34.818108613000106,0.020764151000037],[34.81699483300014,0.019388633000062],[34.81579871500014,0.018137245000105],[34.81407627500005,0.016820051000025],[34.81224724599997,0.015552644000024],[34.81093716200013,0.014041573000156],[34.80996269900004,0.012603416000104],[34.80612787600012,0.011767399000121],[34.80384508900016,0.010710261000042],[34.802346075000116,0.009445479000021],[34.80051645900005,0.007793449000076],[34.79820791100019,0.005652799000075],[34.796080892000134,0.003571863000047],[34.79448705500016,0.001997833000189],[34.78933334400017,-0.00342266499996],[34.78704269399998,-0.004638762999946],[34.785641005000116,-0.006637532999946],[34.78474181300015,-0.008314320999943],[34.78334454700018,-0.010113757999875],[34.782470529000136,-0.011873443999946],[34.781564019000086,-0.01386677999983],[34.780656802000124,-0.016271562999918],[34.77898791200005,-0.015685545999929],[34.77725931700007,-0.015198896999891],[34.77486196000007,-0.014123351999899],[34.77274449700013,-0.014557541999977],[34.77060910100016,-0.015571764999947],[34.768685721,-0.015510345999928],[34.76608846200014,-0.015122309999867],[34.76417732300018,-0.014587920999816],[34.76291940600015,-0.016632057999914],[34.76248107800012,-0.018195537999873],[34.76178899200005,-0.019852360999835],[34.76038134900017,-0.02165044599991],[34.75885230600005,-0.022753756999975],[34.75606676800015,-0.02652288999991],[34.75037184500013,-0.030714419999924],[34.74974424200013,-0.028717078999932],[34.749305860000106,-0.026688102999913],[34.74838302100005,-0.024793213999885],[34.747649895000166,-0.022719719999941],[34.74621559900015,-0.021219281999947],[34.74223436000017,-0.022409535999941],[34.74067766100006,-0.022321130999899],[34.739106123000056,-0.022419583999977],[34.737897268000154,-0.020366518999936],[34.73593709900001,-0.017515260999971],[34.73285974100014,-0.011796821999894],[34.7316813540001,-0.010067777999893],[34.7291833650001,-0.007158628999889],[34.72737755000014,-0.005174719999957],[34.725818613,-0.003605661999927],[34.72258867600004,-0.00463433099992],[34.72054115800006,-0.005885709999916],[34.71836522300009,-0.006012723999959],[34.717152833000114,-0.007012187999976],[34.71563270200005,-0.007692003999978],[34.7147240490001,-0.009010977999935],[34.71442879900019,-0.01084480999998],[34.713108724999984,-0.012859645999811],[34.71188402400003,-0.014789328999939],[34.71029679900005,-0.01778612499993],[34.70875941800011,-0.019041559999891],[34.70673014099998,-0.01922331499992],[34.70413830800004,-0.018966801999909],[34.70148544700004,-0.018696292999834],[34.69966718500001,-0.01886250299998],[34.69783135800009,-0.018108653999889],[34.6957522670001,-0.017725462999977],[34.69399770100006,-0.019498059999933],[34.692052961000115,-0.020642043999885],[34.68979366400015,-0.0234836919999],[34.687576267000054,-0.023288590999925],[34.68833685200019,-0.021588749999978],[34.68952338300005,-0.019833648999963],[34.690576358000044,-0.018444207999949],[34.69237702700008,-0.016541929999903],[34.693022027000154,-0.014042264999944],[34.693234049000125,-0.011854635999953],[34.691180200000076,-0.010540291999916],[34.68945239300007,-0.009818066999969],[34.687163832000124,-0.009364072999972],[34.684360152000124,-0.010115144999929],[34.672317654000096,-0.013504158999922],[34.65377903600012,-0.0055669219999],[34.65184333200017,-0.004932750999956],[34.65040349500015,-0.004314011999895],[34.64834336400014,-0.003425229999891],[34.64188833999998,-0.00129385799994],[34.639987603,-0.00064829899992],[34.63807616100013,0.000692388000061],[34.63629380500009,0.002262155000039],[34.63428980000015,0.002839767000012],[34.63194487099997,0.002889002000131],[34.62993294300014,0.003954706000172],[34.62761202000007,0.00486150200004],[34.625419497999985,0.004474104000167],[34.62335498400006,0.00405256900018],[34.621718234000184,0.003358221000099],[34.61991047100008,0.002671884999984],[34.61765611200019,0.002264850000131],[34.615432341000144,0.002348328000153],[34.61313794400007,0.002023085000133],[34.61343955500007,0.003879898000037],[34.61292801400015,0.00538273300009],[34.61099551400008,0.005965751000019],[34.60835965600012,0.005366251000169],[34.605374969000025,0.010098647000063],[34.60322910200017,0.012514021000072],[34.60145801100009,0.012866595000105],[34.59456074300016,0.006993986000111],[34.58897964200014,0.002511891999973],[34.591717242000186,-0.005087205999928],[34.589615006000145,-0.008553860999882],[34.58680255000013,-0.017053922999935],[34.586109723000106,-0.020546638999974],[34.58299076300017,-0.025307847999954],[34.576664990000154,-0.035654472999909],[34.57161463299997,-0.036448084999847],[34.569212374000074,-0.037493143999882],[34.56710184600007,-0.038990124999941],[34.56524974700005,-0.039850271999967],[34.56402658000019,-0.038471319999928],[34.56177629100006,-0.035002703999965],[34.56096352000003,-0.032790019999936],[34.561589340000126,-0.031023274999882],[34.56153058899997,-0.028509825999947],[34.56330451300005,-0.026904879999904],[34.563911247000135,-0.025233163999872],[34.56203514500015,-0.021366040999908],[34.564078872000096,-0.018041149999874],[34.55499440500006,-0.017275525999878],[34.55175554500016,-0.020332632999953],[34.55055411200016,-0.021158312999887],[34.54855890200008,-0.021628362999877],[34.54676618100018,-0.021373266999888],[34.542916019000074,-0.018301729999962],[34.540418024000076,-0.01719922999996],[34.537940166000055,-0.017414463999899],[34.53498064400014,-0.015323777999924],[34.533028252000065,-0.014140243999975],[34.531763481000155,-0.015291361999914],[34.53067428300011,-0.016789965999919],[34.52961541000013,-0.019240603999947],[34.52742585000016,-0.019157426999868],[34.525798277000035,-0.019490445999907],[34.523219226000094,-0.020417010999836],[34.521447244,-0.020896586999811],[34.516842316000066,-0.022601204999887],[34.514754848000166,-0.023521657999936],[34.51077508500015,-0.02492963799989],[34.5071586520001,-0.026162332999945],[34.50529084500005,-0.026639906999947],[34.50034357700014,-0.027702073999876],[34.498684373000174,-0.027883184999951],[34.49087147400007,-0.028738985999951],[34.48450302800018,-0.03113709299987],[34.481570065000085,-0.033139865999942],[34.48011594200011,-0.034200001999977],[34.47807046500003,-0.035610162999944],[34.476068297000154,-0.036889441999961],[34.47445562100012,-0.03782694399996],[34.47288969200014,-0.038792171999887],[34.47074701600013,-0.040008617999945],[34.46921053900007,-0.040716606999979],[34.4673795650001,-0.041358149999951],[34.46544915800018,-0.041637529999946],[34.46316697200018,-0.042061854999815],[34.461687386000165,-0.042585233999944],[34.459889076000024,-0.043617017999964],[34.45847658200006,-0.044792365999967],[34.45646263900011,-0.046291205999978],[34.45452464200008,-0.046446770999978],[34.45273069300009,-0.048189338999919],[34.45114566000012,-0.04977282099992],[34.448907319000114,-0.050948219999839],[34.44677098600016,-0.05254155699987],[34.44509764700018,-0.054477710999947],[34.44300558100008,-0.055560287999867],[34.44114953600007,-0.056838751999976],[34.43978678200011,-0.057926458999816],[34.437539101000084,-0.058550450999917],[34.4313146560001,-0.061520314999882],[34.43084318200016,-0.063579297999979],[34.42499351500015,-0.066860172999952],[34.42441455100004,-0.068531194999935],[34.423284204000026,-0.070084036999958],[34.42191514300015,-0.071783638999818],[34.42031387600008,-0.073623668999915],[34.418731689000026,-0.075167446999842],[34.41603641800003,-0.078581769999971],[34.416036695000116,-0.080906436999953],[34.41622130300016,-0.08264903099996],[34.41643501600015,-0.084291883999924],[34.416265149000026,-0.086280054999861],[34.4163591300001,-0.088826427999948],[34.41605312900009,-0.090655118999905],[34.41531528700011,-0.092315260999953],[34.415065899000126,-0.094003936999968],[34.42453867000006,-0.117682935999937],[34.425606173,-0.119899237999903],[34.426186391000044,-0.122284480999838],[34.42669899600014,-0.124925068999914],[34.42738002000016,-0.126839073999918],[34.42789286500005,-0.129494542999964],[34.42881674000017,-0.132007541999883],[34.428797619000136,-0.134580914999844],[34.431276095000044,-0.143237573999954],[34.43183667300002,-0.145042931999853],[34.435085135000065,-0.154428606999886],[34.43827967800013,-0.164116588999889],[34.453070654000044,-0.208013518999906],[34.458877454000174,-0.225107635999962],[34.46428207400004,-0.241387656999962],[34.469682880000164,-0.258287218999953],[34.483092932000034,-0.298631745999955],[34.52416218900004,-0.274313058999894],[34.544855740000116,-0.269590451999875],[34.555052176000174,-0.268799817999934],[34.583754974000044,-0.266497823999941],[34.63536712299998,-0.262326055999949],[34.6484726810001,-0.261299656999938],[34.66877615300007,-0.259678642999972],[34.702397610000105,-0.256984010999872],[34.705009459999985,-0.256758063999939],[34.74048174400008,-0.279690439999968],[34.74574671900007,-0.283127572999945],[34.75526246100014,-0.289846525999963],[34.755798207000055,-0.291765229999896],[34.75571688300005,-0.293638059999978],[34.757042582000054,-0.29526364599991],[34.75828830300003,-0.296921674999965],[34.757794151000155,-0.298938819999876],[34.757458399000086,-0.301064005999933],[34.757442564000144,-0.302893734999827],[34.757595097000035,-0.305040659999918],[34.75905173500013,-0.306600931999981],[34.759372197000175,-0.309612969999932],[34.76049532200011,-0.311791870999912],[34.76217841200008,-0.311017391999883],[34.76371336000011,-0.310282579999921],[34.76550057400016,-0.311162765999939],[34.76752534000019,-0.310049419999928],[34.768233144000135,-0.308646127999964],[34.76883315600003,-0.310286921999932],[34.770810150000045,-0.311514045999957],[34.77282646400005,-0.312658379999959],[34.774067575000174,-0.314171957999974],[34.77541227900002,-0.315698560999977],[34.77738387400018,-0.315428969999971],[34.779286149000086,-0.315640128999917],[34.77976490400005,-0.317420783999978],[34.78046245400003,-0.319422912999926],[34.782461206000164,-0.320608878999906],[34.78451094300004,-0.320517444999894],[34.78644868200007,-0.322937875999969],[34.78774901600019,-0.324296769999933],[34.78782291500016,-0.327051977999929],[34.78962152200006,-0.32887179599993],[34.789208730000155,-0.330344564999962],[34.78712850700009,-0.330366037999966],[34.785118532000126,-0.330009276999931],[34.783178778000035,-0.3315829309999],[34.783312387000024,-0.333439126999849],[34.78504077000008,-0.33555477099992],[34.785489046000066,-0.337341506999962],[34.785331613000096,-0.339104370999905],[34.786234068000056,-0.340791931999888],[34.788223002000166,-0.341329923999922],[34.79039340100002,-0.340816013999927],[34.7920018050001,-0.339646375999962],[34.79318638400014,-0.341208675999951],[34.792857867,-0.342826510999942],[34.79122836500005,-0.343906560999869],[34.7906111370001,-0.34602342099987],[34.79239573300015,-0.347411647999877],[34.79438631900018,-0.348107084999867],[34.796279790000085,-0.348488882999845],[34.79721782700017,-0.350162019999971],[34.79828206500014,-0.35205965699987],[34.799969412,-0.352791857999875],[34.80227326800002,-0.352582244999951],[34.80420104800004,-0.352106979999974],[34.806140798000115,-0.352532592999921],[34.807908753000106,-0.352419254999973],[34.809157582000125,-0.350026308999929],[34.81118963400007,-0.351087354999891],[34.81076435700015,-0.353375482999866],[34.811754600000086,-0.35530986599997],[34.81287551500003,-0.35696610499997],[34.81415390300009,-0.358324343999868],[34.81546846500015,-0.359813421999888],[34.816509263000114,-0.361337337999942],[34.8179439700001,-0.363126784999963],[34.818618810000146,-0.364802764999979],[34.81939468400003,-0.366392379999979],[34.819925463000175,-0.367964477999919],[34.82150314000006,-0.369014352999955],[34.82266261500013,-0.370767119999925],[34.82249428200015,-0.37248554099989],[34.822707422,-0.374320762999957],[34.82173612500003,-0.376949953999883],[34.823280911000154,-0.378628991999904],[34.82485329700006,-0.379668563999928],[34.825217993000024,-0.381697118999909],[34.8246231120001,-0.383590326999979],[34.82295524700004,-0.383864617999961],[34.82310709800004,-0.385186571999895],[34.82480626700004,-0.386205903999951],[34.82637716900018,-0.386198031999925],[34.828554789000066,-0.386030046999963],[34.83035154100003,-0.386111487999869],[34.832051916000125,-0.386555964999957],[34.83418279300014,-0.387336902999891],[34.83587948700017,-0.388372247999939],[34.83781403800009,-0.389324532999979],[34.83904387400008,-0.390797084999974],[34.84106586700017,-0.390693841999848],[34.84354092900014,-0.390010548999953],[34.84548037299999,-0.390199281999969],[34.848243833000026,-0.390486650999947],[34.85060689700015,-0.390288060999922],[34.8529400110001,-0.390377624999871],[34.85565232200008,-0.390206162999903],[34.85759405199997,-0.390172141999926],[34.85948181200001,-0.390537403999872],[34.85880648200009,-0.392017979999878],[34.85944749100014,-0.393649895999829],[34.861544218000176,-0.394988403999889],[34.86374023400015,-0.395253984999954],[34.865729305000116,-0.394134123999947],[34.86673100600012,-0.392384056999902],[34.86901295600012,-0.392411113999913],[34.87089974500003,-0.392758184999934],[34.87266188100017,-0.393800087999978],[34.87483028100013,-0.394432517999917],[34.876594543000124,-0.39514039099987],[34.87812921300008,-0.395598257999836],[34.87898662900017,-0.393911393999872],[34.880750925000086,-0.39422237999986],[34.882824742000025,-0.394430028999977],[34.88519174300018,-0.394175415999882],[34.886793038000064,-0.395095316999971],[34.8876368600001,-0.396646524999881],[34.88831607800017,-0.399095570999918],[34.889977006000095,-0.398388091999891],[34.890299666000146,-0.396521901999961],[34.89164296500019,-0.394789975999913],[34.893209770000055,-0.393424745999937],[34.89463688799998,-0.391793140999937],[34.89716678000008,-0.392478859999926],[34.89920299900007,-0.390898565999976],[34.90081960500004,-0.389412463999975],[34.90300693400013,-0.388872881999816],[34.90530970000003,-0.388184588999877],[34.907120488000146,-0.387693031999959],[34.908803152000075,-0.38703794099996],[34.910440185000084,-0.386008740999955],[34.91189473700018,-0.384369226999866],[34.91354572800009,-0.383950366999954],[34.91543583300006,-0.384094647999973],[34.91602940700017,-0.386111187999916],[34.916029794999986,-0.388400905999845],[34.91484307500002,-0.38998908699989],[34.91494552299997,-0.391776787999902],[34.91512406100003,-0.39334695499997],[34.91351733100015,-0.394340313999919],[34.91387267500005,-0.396609715999944],[34.9144553110001,-0.398162206999871],[34.91398928000018,-0.400405755999884],[34.915053871000055,-0.401527219999934],[34.917651873000125,-0.401499773999888],[34.919387172000086,-0.401743073999967],[34.921512448000044,-0.401981686999875],[34.923158016000116,-0.400885623999955],[34.92521979000003,-0.400304770999981],[34.92611225100006,-0.40115882799995],[34.92798244700009,-0.401444635999951],[34.92999376100005,-0.401271324999925],[34.92914525200007,-0.403059000999917],[34.928987923000136,-0.404595930999903],[34.92964839900009,-0.40656919099996],[34.92981542600012,-0.408622237999907],[34.93034423600017,-0.41003157699987],[34.93244129500005,-0.410268663999886],[34.93424070300006,-0.409701703999872],[34.93596402900005,-0.409146833999955],[34.93762391700005,-0.410338667999895],[34.939142516,-0.411379200999932],[34.94071269699998,-0.411677240999893],[34.94288577800012,-0.411662797999952],[34.94514758100013,-0.411906233999844],[34.947414953000134,-0.412904010999966],[34.949447754,-0.413752147999958],[34.951213348000124,-0.414272222999955],[34.952965069000186,-0.413854873999867],[34.95540265700009,-0.413532099999884],[34.9574337790001,-0.412960698999939],[34.95918512100002,-0.414030043999958],[34.96119889300002,-0.413723732999927],[34.96355835900005,-0.412830132999886],[34.96397879099999,-0.41124600899991],[34.964439291000076,-0.41002967799983],[34.96632386200014,-0.409962237999935],[34.967476270000134,-0.411399101999962],[34.969831,-0.41075468899993],[34.97185413500006,-0.409741338999936],[34.97344309800013,-0.408784307999895],[34.97573710000006,-0.408421165999869],[34.977245887000095,-0.409273927999891],[34.97904741600007,-0.410640703999945],[34.98046869100017,-0.411929411999893],[34.98219299300018,-0.412598210999874],[34.983623813000065,-0.411274461999881],[34.98526083000007,-0.411635023999963],[34.98730844800019,-0.410555454999894],[34.987647880000054,-0.408598767999933],[34.98846595300017,-0.407231926999884],[34.99001415200007,-0.40644481299995],[34.99209753600013,-0.406341343999941],[34.99411202700014,-0.405777670999896],[34.995552674000066,-0.404688930999953],[34.99723362000003,-0.403591388999928],[34.99960680500004,-0.403649581999957],[35.00177407100011,-0.403846926999961],[35.00345942900009,-0.402343056999939],[35.00440926500016,-0.400327133999951],[35.00445615300015,-0.398804163999955],[35.00611146100016,-0.397491923999951],[35.00711604300017,-0.395643908999944],[35.007058745,-0.393705372999875],[35.00901349200018,-0.392003889999955],[35.01005760300018,-0.390052423999975],[35.01013628300012,-0.388217456999939],[35.009809024000106,-0.386557147999952],[35.00962410500017,-0.384652510999956],[35.00914913100013,-0.382717182999954],[35.008688128000074,-0.380777204999845],[35.00833370400011,-0.377989857999978],[35.00755259700003,-0.375139173999912],[35.006698608000136,-0.373370855999951],[35.00645399200016,-0.370130379999978],[35.00619525500014,-0.366870981999966],[35.00599131300015,-0.364175004999936],[35.00590959500016,-0.3623007569999],[35.00599432200016,-0.360657860999936],[35.005611363000185,-0.358648774999892],[35.004769306000014,-0.35679450799995],[35.00463659100018,-0.35445207999993],[35.00564639300006,-0.352435801999832],[35.00472799700009,-0.350181997999869],[35.00522619999998,-0.34782781399997],[35.00592253500014,-0.345902123999963],[35.00587779200009,-0.344157819999964],[35.00584341299998,-0.342559704999871],[35.005793,-0.340795216999936],[35.00556884100018,-0.339097175999939],[35.005929401000174,-0.33584408299987],[35.007100813000136,-0.334596026999918],[35.00726306300004,-0.332267139999942],[35.009180589000096,-0.329497291999928],[35.01074174100012,-0.328691103999915],[35.01274146700018,-0.328056382999875],[35.0154444260001,-0.326993785999889],[35.01748457100007,-0.325877595999941],[35.01988052100006,-0.324482844999977],[35.02236603200009,-0.322930553999868],[35.02439669600005,-0.321441210999922],[35.026119811000115,-0.319475252999894],[35.02809808899997,-0.317187778999823],[35.02982812100015,-0.315601023999875],[35.03219604500015,-0.313441782999917],[35.03450400400004,-0.31141198499995],[35.03659555400009,-0.309560218999934],[35.038750937000145,-0.30767787699989],[35.04175842600006,-0.305101404999959],[35.04436770900003,-0.302862189999871],[35.04559101700016,-0.301779979999935],[35.047748846000104,-0.299318366999955],[35.04908914200013,-0.297241487999941],[35.050239100000056,-0.29439093499991],[35.05103927100009,-0.292146522999928],[35.05118775200003,-0.289005816999861],[35.051478148000115,-0.285747697999909],[35.05167541000009,-0.283880429999954],[35.05210808800018,-0.280565524999872],[35.052215309000076,-0.277321453999946],[35.05227016499998,-0.274959378999938],[35.05354530200009,-0.27172511099991],[35.05488189100009,-0.268688659999953],[35.05517911300018,-0.266921579999917],[35.054908781000165,-0.262404489999938],[35.055091100000084,-0.25955459499994],[35.05595850600008,-0.256479800999898],[35.056366984000135,-0.254153595999981],[35.05627736600019,-0.251648786999965],[35.05614243000019,-0.249981581999862],[35.05651749700007,-0.244909989999883],[35.05712973900012,-0.237513023999895],[35.05740317000004,-0.235290049999946],[35.05940626300014,-0.228420483999969],[35.06130931200016,-0.222026670999924],[35.06356266300014,-0.215565412999922],[35.064665995000155,-0.214208982999878],[35.06869812400009,-0.21032319699998],[35.07193374600007,-0.20724648199996],[35.074310504000096,-0.206540874999916],[35.08120613500017,-0.204910611999935],[35.086493990000065,-0.203591916999926],[35.08961756100018,-0.203008829999874],[35.093099989000166,-0.20273718899989],[35.09561591300013,-0.20220431599995],[35.09999865400016,-0.200911273999964],[35.10300148400006,-0.199720164999917],[35.10480690100019,-0.196901208999918],[35.10738573100019,-0.192321226999979],[35.11131846700016,-0.185209640999972],[35.11479271000013,-0.178785475999916],[35.11751631700014,-0.173917310999911],[35.12041177200018,-0.169202799999937],[35.122182091000184,-0.165900050999937],[35.124192417000074,-0.161424235999959],[35.12742233300014,-0.154541402999882],[35.12918735699998,-0.153536347999875],[35.1307504940001,-0.15408190099987],[35.131404877000136,-0.153125501999966],[35.13299668800016,-0.153855528999884],[35.134319748,-0.154799856999944],[35.135669857000096,-0.156806120999875],[35.13650820400011,-0.158328520999873],[35.13722695800004,-0.160395951999874],[35.13941761900003,-0.16100030399997],[35.13946991000017,-0.159491838999941],[35.14126014700008,-0.159494644999938],[35.1429752140001,-0.160281285999929],[35.1453292110001,-0.16014981099994],[35.14791243500014,-0.161031254999955],[35.149798597000085,-0.161182031999942],[35.1517527690001,-0.162017042999821],[35.15394331500016,-0.162543021999909],[35.15565881800012,-0.163800419999916],[35.15827985600009,-0.163771506999922],[35.16022389500006,-0.162949357999935],[35.16303704200004,-0.161336670999901],[35.16464710300011,-0.160290221999958],[35.16616040100013,-0.161025233999908],[35.167858124000134,-0.160316658999818],[35.1663522720001,-0.162288257999876],[35.16760508200019,-0.163560226999948],[35.16897344200004,-0.162434180999981],[35.170362473000125,-0.160968385999922],[35.172760750000066,-0.161027075999868],[35.17494295400013,-0.161204554999927],[35.17748979600003,-0.162511635999977],[35.179824223000026,-0.162721483999917],[35.18220125100004,-0.163132770999937],[35.18484965400006,-0.161817013999951],[35.18612006000018,-0.160503763999941],[35.18462499000009,-0.158574108999971],[35.18630949700014,-0.157627210999976],[35.188121796000075,-0.158422906999874],[35.189559874000054,-0.160173572999952],[35.19206674700007,-0.161073809999948],[35.19423881100005,-0.161135150999939],[35.19618140600011,-0.160905445999958],[35.19880512300017,-0.161420754999938],[35.20086924900011,-0.163119160999884],[35.20384437700005,-0.16415320599998],[35.20404977300018,-0.166985811999893],[35.20561956900019,-0.168130425999891],[35.20774229500017,-0.168868578999877],[35.20944600600018,-0.169799184999874],[35.21149480700012,-0.170959446999973],[35.21338828100011,-0.171658460999879],[35.21550464600017,-0.173450551999906],[35.21560299800012,-0.175867062999941],[35.2157402040001,-0.177767730999904],[35.217055610000045,-0.178866893999896],[35.21787933900009,-0.181762620999962],[35.21835006300017,-0.184947590999968],[35.218430837000085,-0.186812613999905],[35.21928482900006,-0.188187264999954],[35.22085275600017,-0.192827790999957],[35.225936658000194,-0.194487760999891],[35.228112618000125,-0.194310584999869],[35.230240261,-0.193271961999926],[35.2315949660001,-0.192975117999879],[35.23372311300005,-0.193812551999883],[35.23565010699997,-0.195021876999931],[35.23648753100019,-0.196885668999869],[35.23703255900017,-0.199275191999959],[35.239818884000044,-0.198699741999974],[35.24146245200012,-0.199422478999907],[35.242329407,-0.201115086999948],[35.243568420000145,-0.202553010999907],[35.244816237000066,-0.201761984999962],[35.2461024430001,-0.202630348999946],[35.24713375100015,-0.203949175999981],[35.24843682200009,-0.205816253999842],[35.248116303000074,-0.207111155999939],[35.24761295300004,-0.209059485999944],[35.24920953300011,-0.21003346599997],[35.25034338300014,-0.211917140999958],[35.25202426200008,-0.213666179999905],[35.25390815800017,-0.216088964999926],[35.25517685700004,-0.217155245999948],[35.257232665000174,-0.219205069999873],[35.25987009100004,-0.220749163999926],[35.26185155800016,-0.221259800999974],[35.263228416000175,-0.222668177999822],[35.26167894700018,-0.223522420999871],[35.26125897100002,-0.225740741999914],[35.26089477500011,-0.227851434999877],[35.26212199500003,-0.229583743999854],[35.26395039800008,-0.231354467999893],[35.26547686100014,-0.232470749999891],[35.26661300699999,-0.233542300999829],[35.26882595400008,-0.234745316999977],[35.27056863600018,-0.235669324999947],[35.27317876600017,-0.235641652999959],[35.27497718400008,-0.235890052999935],[35.27686807300012,-0.235711846999834],[35.27884052600018,-0.23573595199997],[35.2812957540001,-0.235695341999872],[35.283907035000084,-0.235473407999905],[35.2861037830001,-0.234599132999961],[35.288377672000024,-0.235213119999969],[35.29093887400006,-0.235172417999877],[35.29290580700018,-0.234827189999976],[35.295516455000154,-0.236091468999973],[35.297383988000036,-0.236673847999953],[35.29959297200003,-0.236207294999872],[35.30055575400013,-0.237491008999939],[35.302738569000155,-0.238694898999938],[35.30491256800019,-0.237908608999874],[35.30671245500014,-0.238624018999928],[35.30751080600004,-0.240101794999873],[35.30824445700006,-0.241566748999958],[35.30978203,-0.243116055999963],[35.31114522900009,-0.244821846999969],[35.31284281900008,-0.246624126999961],[35.31450948400004,-0.247170433999884],[35.31704881900009,-0.247024764999821],[35.319668740000054,-0.246436318999883],[35.322497366000164,-0.248406624999916],[35.321997366000176,-0.247106624999844],[35.326063132000115,-0.243465532999949],[35.327905998000176,-0.242670743999895],[35.32986133900005,-0.241749776999882],[35.332176408,-0.240957884999943],[35.33482893400014,-0.240446528999883],[35.33705867800006,-0.239765971999873],[35.338912975000085,-0.238744904999976],[35.34051958400005,-0.238400184999932],[35.342095375000156,-0.236916581999935],[35.34310802300007,-0.23556812299995],[35.34178949100004,-0.230105296999909],[35.340884171000084,-0.226009268999974],[35.33963884700012,-0.22027972799998],[35.33891088700011,-0.217206960999931],[35.337897683999984,-0.212806560999923],[35.337097168000014,-0.209504007999954],[35.3358817890001,-0.20536631199991],[35.33391226000015,-0.200090901999943],[35.33218235400017,-0.194810438999866],[35.33109053800007,-0.190417746999856],[35.33081730800018,-0.186204768999971],[35.330719624000096,-0.177621735999878],[35.32689129400006,-0.174282323999932],[35.32360076900005,-0.174067660999924],[35.315017070000124,-0.174087149999934],[35.30420401400016,-0.174087149999934],[35.29419531700012,-0.170831020999969],[35.29079396200012,-0.164918580999824],[35.28658824900003,-0.157689894999976],[35.28420950700007,-0.15359357799997],[35.28143692000009,-0.148861258999943],[35.279285676000086,-0.14518192099996],[35.27762712800012,-0.143915182999876],[35.276056648000065,-0.145518187999926],[35.27477590400014,-0.147416658999873],[35.2736752510001,-0.14889532299992],[35.272544729000174,-0.150538294999876],[35.27051544200003,-0.150020345999906],[35.26839782500008,-0.146119710999926],[35.264789659000144,-0.139317082999924],[35.261913357000026,-0.133839271999932],[35.25990016000014,-0.130100926999887],[35.25597605400003,-0.12270086399991],[35.245576622000044,-0.118299865999916],[35.23489558199998,-0.11792139399995],[35.23058074100015,-0.112411236999947],[35.22630214000003,-0.106924862999961],[35.226472362000095,-0.104505162999942],[35.226486206000175,-0.099065727999914],[35.226486206000175,-0.092070117999924],[35.22660255400007,-0.085462737999933],[35.22667694100005,-0.076984352999887],[35.22672271700014,-0.069489024999939],[35.22600936900005,-0.062350727999956],[35.224628448000146,-0.05614022899988],[35.22303390500008,-0.048478416999956],[35.22091674800015,-0.038056350999966],[35.22078323300019,-0.035803793999889],[35.2210909530001,-0.03398745699991],[35.21962165800011,-0.034653730999878],[35.218212128000175,-0.035129592999908],[35.21605809500005,-0.034196924999833],[35.21643034600004,-0.032395215999884],[35.215004921000116,-0.030668122999884],[35.21272993100018,-0.030218996999963],[35.211186409,-0.029859108999915],[35.20977020300006,-0.029109571999811],[35.207777023000176,-0.027687842999967],[35.20649814600017,-0.026242317999959],[35.20446777300009,-0.027118748999953],[35.202635447000034,-0.02686495099988],[35.20156765000007,-0.025427359999981],[35.19996261600011,-0.024342721999915],[35.19807561200014,-0.024398243999883],[35.19597530400006,-0.024261423999974],[35.194380760000115,-0.023601122999935],[35.19216155999999,-0.023845002999963],[35.19188880900009,-0.025605818999964],[35.19037933300007,-0.02553846099994],[35.188570023000125,-0.026563537999891],[35.18678283700007,-0.026563537999891],[35.18517875700019,-0.026242323999895],[35.18334579500004,-0.026920475999873],[35.18195343000002,-0.025564165999924],[35.18113327000003,-0.025730738999926],[35.179920197000115,-0.027075133999972],[35.178405762000125,-0.027134039999964],[35.17730246700006,-0.025730748999933],[35.17504119900019,-0.026198688999841],[35.17260170000009,-0.027134634999925],[35.17119789100019,-0.027788975999954],[35.169389725000144,-0.028074517999869],[35.168272018000096,-0.029180958999859],[35.166384888000096,-0.02983292599987],[35.16465568500013,-0.029264227999818],[35.163207245000024,-0.028678802999877],[35.16128616300006,-0.028350706999902],[35.16171646100014,-0.03004945899994],[35.16029548600005,-0.03161991099995],[35.15927696200015,-0.033475886999952],[35.15830739300014,-0.035010621999902],[35.15635108900011,-0.034130226999821],[35.154079437000064,-0.034534744999974],[35.15291404700008,-0.036010017999899],[35.151128769000024,-0.036319352999953],[35.15120124800006,-0.035284265999906],[35.150033315000144,-0.034217486999921],[35.14896392800006,-0.032678760999886],[35.14744695000013,-0.032075978999956],[35.14627456699998,-0.031655601999887],[35.138851166000165,-0.026825291999899],[35.13314056400014,-0.022851593999917],[35.13006973300003,-0.020710080999834],[35.123741150000114,-0.016189101999942],[35.12005233800011,-0.013928601999964],[35.1119155880001,-0.008170320999966],[35.10713195800008,-0.004886662999866],[35.104347229000155,-0.003006888999948],[35.10216013600012,-0.002150101999916],[35.10137367200002,-0.00399435699984],[35.100553513000136,-0.00552911699998],[35.10157585100018,-0.007051978999868],[35.101493200000164,-0.009237113999916],[35.10282516500013,-0.010543842999937],[35.101882299000124,-0.012278855999966],[35.10226631199998,-0.01397619599993],[35.10254033400014,-0.015832169999896],[35.10318183900017,-0.017979627999978],[35.102231026000084,-0.019169380999813],[35.10306835200009,-0.020989653999948],[35.10204601300018,-0.023363187999962],[35.101230621000184,-0.024889998999925],[35.099271774000044,-0.025417441999934],[35.098795319000146,-0.026868120999893],[35.097227096000154,-0.027658102999965],[35.095710754000095,-0.029234502999941],[35.09510421800019,-0.0311202339999],[35.09453201300016,-0.032607392999921],[35.094815826000115,-0.034182575999978],[35.093873977999976,-0.036039752999898],[35.09339141800007,-0.038115845999812],[35.09325917600012,-0.039833001999966],[35.09284591700009,-0.04194279799998],[35.09132576000019,-0.042523784999844],[35.08918476100007,-0.043487469999889],[35.08831214900016,-0.04530180799992],[35.0874900820001,-0.046622408999951],[35.086015701000065,-0.04753845599987],[35.08381462100016,-0.047022946999959],[35.08313293400016,-0.048725856999965],[35.08128452300008,-0.050100383999961],[35.07950592000009,-0.050465248999956],[35.077520370000116,-0.051185031999978],[35.07552051500011,-0.052118945999894],[35.073742867000135,-0.053735014999916],[35.07171440100018,-0.055926089999957],[35.06944274900013,-0.058852850999926],[35.066753387000176,-0.062207873999967],[35.06526947000009,-0.064634921999925],[35.063991547000114,-0.062255478999873],[35.06296920799997,-0.059685650999882],[35.06201934800009,-0.05742515999998],[35.06099319500004,-0.056806500999869],[35.0594164530001,-0.056743057999938],[35.059906006,-0.054778024999905],[35.060052872000085,-0.052820883999971],[35.05752182000009,-0.051785841999958],[35.0521659850001,-0.05180963499987],[35.04778671300011,-0.051762040999961],[35.04164886500013,-0.051714453999978],[35.03577041600005,-0.051714453999978],[35.02846908600003,-0.051738228999909],[35.020378113,-0.051714475999916],[35.013237,-0.051666851999869],[35.00883483900009,-0.051714453999978],[35.00724411000016,-0.049097038999946],[35.0073852540001,-0.042529735999892],[35.00748062100013,-0.035319976999915],[35.00776672400008,-0.032512202999953],[35.00776672400008,-0.028919217999942],[35.00710582700003,-0.026402927999925],[35.00467300400004,-0.025302415999931],[35.00105667100007,-0.023803352999892],[34.99927139300013,-0.022921174999908],[34.995475769000166,-0.020874039999967],[34.99079132100019,-0.018345884999974],[34.98843765300012,-0.021592845999976],[34.97828674300007,-0.022150538999824],[34.969684601000154,-0.027074325999877],[34.96128654500018,-0.028058893999912],[34.959797859000105,-0.026720528999931],[34.95811335300016,-0.024973350999971],[34.952500915000144,-0.024780657999941],[34.95442581200018,-0.028328615999953],[34.942985535000105,-0.030903575999901],[34.93625036200018,-0.032981629999824],[34.93397140500019,-0.033702447999929],[34.923263952000184,-0.034154157999922],[34.92106452200011,-0.02571092099987],[34.92016770800018,-0.024015584999972],[34.91134625300009,-0.025561401999937],[34.90896272100002,-0.026049631999854],[34.90252310400007,-0.025022210999907],[34.90011197000001,-0.024553355999956],[34.89280285800015,-0.023142084999961],[34.89119691200011,-0.022753468999952],[34.884062130000075,-0.023849138999935],[34.87680053700012,-0.02434281099994],[34.87409651500019,-0.024376944999915],[34.86416339900006,-0.024863107999977],[34.85187555100015,-0.025155607999864],[34.84047639400012,-0.025463357999911],[34.82759862900019,-0.025760921999961],[34.81486854800016,-0.021750827999881],[34.80797579300014,-0.019323793999888],[34.806966696000075,-0.017778733999933],[34.80648817600007,-0.015917717999969]]]}},{"type":"Feature","properties":{"country":"Kenya","admin_level":"Admin2","admin1":"Kisumu","admin2":"Kisumu West","name":"Kisumu West","verified":true},"geometry":{"type":"Polygon","coordinates":[[[34.60835965600012,0.005366251000169],[34.605374969000025,0.010098647000063],[34.60322910200017,0.012514021000072],[34.60145801100009,0.012866595000105],[34.59456074300016,0.006993986000111],[34.58897964200014,0.002511891999973],[34.591717242000186,-0.005087205999928],[34.589615006000145,-0.008553860999882],[34.58680255000013,-0.017053922999935],[34.586109723000106,-0.020546638999974],[34.58299076300017,-0.025307847999954],[34.58295440700016,-0.033049009999957],[34.58312988300008,-0.035084619999907],[34.58366012600004,-0.036797962999913],[34.58427111300006,-0.039282664999973],[34.584884644000056,-0.041774805999864],[34.586025238000104,-0.044222432999959],[34.58737182600015,-0.045772600999953],[34.58843231200018,-0.047118793999971],[34.58896255500008,-0.049117695999882],[34.5897789,-0.051728493999917],[34.591045380000025,-0.053808979999928],[34.59198379500009,-0.055644701999938],[34.59320640600009,-0.057235659999947],[34.59495925900012,-0.058663445999969],[34.59610366800018,-0.060376788999974],[34.59683609000007,-0.062212507999959],[34.597732544000166,-0.064619339999979],[34.59867095900006,-0.067066974999932],[34.599285125999984,-0.069147459999897],[34.600223541000105,-0.071799054999929],[34.60079193100006,-0.073838740999861],[34.60079193100006,-0.076449550999939],[34.59993743900009,-0.07865241899998],[34.59891700700018,-0.080956980999872],[34.598304749000135,-0.083262115999901],[34.597122192000086,-0.086403242999836],[34.595367432000046,-0.089625954999917],[34.59389877300009,-0.090605005999862],[34.59204610200004,-0.091470521999952],[34.5919227600001,-0.093195408999975],[34.592042923,-0.094786367999973],[34.59198379500009,-0.096642486999883],[34.59145355200019,-0.098763770999881],[34.59080123900014,-0.100354723999885],[34.589862823000146,-0.102394416999914],[34.58844375600006,-0.10444321499989],[34.58660888700018,-0.106073222999839],[34.58514785800003,-0.107703238999875],[34.583452225000144,-0.109282314999973],[34.58168411300005,-0.111031181999977],[34.58160591100011,-0.113572224999928],[34.5809745790001,-0.11680414499989],[34.580497742000034,-0.119215204999819],[34.57961273200016,-0.121592305999854],[34.57828903200004,-0.125667333999957],[34.577339172000165,-0.128927364999868],[34.5765304570001,-0.132397509999919],[34.57563209500006,-0.134522050999919],[34.57426834100016,-0.138320892999957],[34.573410988000035,-0.141375179999955],[34.58129119900019,-0.190056547999973],[34.738197327000194,-0.087845310999967],[34.722980499000016,-0.073680512999886],[34.72550964400011,-0.073978669999974],[34.727870941,-0.074268310999969],[34.73035812400019,-0.074566475999916],[34.73271942100007,-0.074830561999931],[34.73466873200016,-0.075171313999874],[34.73674011200012,-0.075631334999855],[34.73893737800006,-0.076202101999911],[34.74115371700003,-0.076926208999964],[34.74324035600006,-0.077820687999974],[34.74523162800017,-0.0787151749999],[34.74740791300019,-0.079792811999937],[34.749182701000166,-0.079946156999881],[34.750845591000086,-0.080747045999885],[34.75206375100015,-0.07868044099996],[34.752403259000175,-0.076694927999938],[34.751220703,-0.074878401999968],[34.75062942500011,-0.072850644999903],[34.751388550000115,-0.070949628999927],[34.75210571300005,-0.068837388999953],[34.75227737400013,-0.066640659999962],[34.75215148900014,-0.064317188999951],[34.75126266500013,-0.061866986999974],[34.75062942500011,-0.060261681999918],[34.75009346000007,-0.058582978999937],[34.75244522100007,-0.057304538999972],[34.753837584999985,-0.056206177999854],[34.7547264100001,-0.054727607999894],[34.75641632100019,-0.05422066899996],[34.75850677500017,-0.053016690999925],[34.75992202800012,-0.052643527999976],[34.760894775000054,-0.052108425999904],[34.76245307900018,-0.051045528999964],[34.76284637500004,-0.048586679999914],[34.76412582400013,-0.0469334309999],[34.76507568400018,-0.045027601999948],[34.76425933800016,-0.042829911999945],[34.764007568000125,-0.040605442999833],[34.762706757000046,-0.038606946999948],[34.760710716000176,-0.037450068999874],[34.75862693800008,-0.03695191099996],[34.7568473820001,-0.03584288199994],[34.755268097000055,-0.034771743999954],[34.75366210900006,-0.033711939999932],[34.75192260699998,-0.032547069999907],[34.75037184500013,-0.030714419999924],[34.74974424200013,-0.028717078999932],[34.749305860000106,-0.026688102999913],[34.74838302100005,-0.024793213999885],[34.747649895000166,-0.022719719999941],[34.74621559900015,-0.021219281999947],[34.74223436000017,-0.022409535999941],[34.74067766100006,-0.022321130999899],[34.739106123000056,-0.022419583999977],[34.737897268000154,-0.020366518999936],[34.73593709900001,-0.017515260999971],[34.73285974100014,-0.011796821999894],[34.7316813540001,-0.010067777999893],[34.7291833650001,-0.007158628999889],[34.72737755000014,-0.005174719999957],[34.725818613,-0.003605661999927],[34.72258867600004,-0.00463433099992],[34.72054115800006,-0.005885709999916],[34.71836522300009,-0.006012723999959],[34.717152833000114,-0.007012187999976],[34.71563270200005,-0.007692003999978],[34.7147240490001,-0.009010977999935],[34.71442879900019,-0.01084480999998],[34.713108724999984,-0.012859645999811],[34.71188402400003,-0.014789328999939],[34.71029679900005,-0.01778612499993],[34.70875941800011,-0.019041559999891],[34.70673014099998,-0.01922331499992],[34.70413830800004,-0.018966801999909],[34.70148544700004,-0.018696292999834],[34.69966718500001,-0.01886250299998],[34.69783135800009,-0.018108653999889],[34.6957522670001,-0.017725462999977],[34.69399770100006,-0.019498059999933],[34.692052961000115,-0.020642043999885],[34.68979366400015,-0.0234836919999],[34.687576267000054,-0.023288590999925],[34.68833685200019,-0.021588749999978],[34.68952338300005,-0.019833648999963],[34.690576358000044,-0.018444207999949],[34.69237702700008,-0.016541929999903],[34.693022027000154,-0.014042264999944],[34.693234049000125,-0.011854635999953],[34.691180200000076,-0.010540291999916],[34.68945239300007,-0.009818066999969],[34.687163832000124,-0.009364072999972],[34.684360152000124,-0.010115144999929],[34.672317654000096,-0.013504158999922],[34.65377903600012,-0.0055669219999],[34.65184333200017,-0.004932750999956],[34.65040349500015,-0.004314011999895],[34.64834336400014,-0.003425229999891],[34.64188833999998,-0.00129385799994],[34.639987603,-0.00064829899992],[34.63807616100013,0.000692388000061],[34.63629380500009,0.002262155000039],[34.63428980000015,0.002839767000012],[34.63194487099997,0.002889002000131],[34.62993294300014,0.003954706000172],[34.62761202000007,0.00486150200004],[34.625419497999985,0.004474104000167],[34.62335498400006,0.00405256900018],[34.621718234000184,0.003358221000099],[34.61991047100008,0.002671884999984],[34.61765611200019,0.002264850000131],[34.615432341000144,0.002348328000153],[34.61313794400007,0.002023085000133],[34.61343955500007,0.003879898000037],[34.61292801400015,0.00538273300009],[34.61099551400008,0.005965751000019],[34.61016053000009,0.004926603000058],[34.60835965600012,0.005366251000169]]]}},{"type":"Feature","properties":{"country":"Kenya","admin_level":"Admin2","admin1":"Kisumu","admin2":"Seme","name":"Seme","verified":true},"geometry":{"type":"Polygon","coordinates":[[[34.53583878300003,-0.015976095999918],[34.53405766700007,-0.014625118999959],[34.53234198200016,-0.014560471999914],[34.53121303400019,-0.015951278999978],[34.529955229999985,-0.017949192999936],[34.52865230200001,-0.019181024999966],[34.52661462999998,-0.019238125999891],[34.52464870000006,-0.01992426899983],[34.522454291000145,-0.020664109999927],[34.519165039000086,-0.021883220999825],[34.51587221900013,-0.023121314999855],[34.51198517500006,-0.024499834999972],[34.50947383500011,-0.025379012999963],[34.506267545000185,-0.026411185999905],[34.50334425000017,-0.027086097999813],[34.499565997000104,-0.02780513499988],[34.49181084200018,-0.028491526999915],[34.48543442800013,-0.03070706699998],[34.483275204,-0.031962514999975],[34.480887362000146,-0.033632248999936],[34.47870473200004,-0.035151068999824],[34.47737939800015,-0.036073662999968],[34.47524023300019,-0.037404673999959],[34.473650175000046,-0.038305613999967],[34.47196018800014,-0.039370289999965],[34.46998737500007,-0.040388257999894],[34.46837481100005,-0.041035915999942],[34.46647386200004,-0.041501456999811],[34.46419136200018,-0.041821799999923],[34.46242717800004,-0.042323544999874],[34.46070517800007,-0.043075913999871],[34.45926348300003,-0.044084015999886],[34.45784108000004,-0.045526125999913],[34.45554244200008,-0.046108752999885],[34.453533816000174,-0.047298222999927],[34.45189223700015,-0.049202039999955],[34.45003617300006,-0.050346220999927],[34.447961620000115,-0.051645232999931],[34.445889149000095,-0.053620744999876],[34.4440585860001,-0.055043280999826],[34.44193244600001,-0.05618605799998],[34.44051996400003,-0.057420566999951],[34.438591081000084,-0.058307295999953],[34.43676624500006,-0.058956562999867],[34.43186569200003,-0.062380335999933],[34.42885899000015,-0.064626035999936],[34.42482990500008,-0.067754676999868],[34.42393759400005,-0.069227011999942],[34.42251736700007,-0.071053114999927],[34.42114088800014,-0.072709608999958],[34.4196046510001,-0.074394249999898],[34.416860824000025,-0.076513777999935],[34.41593928599997,-0.079771992999952],[34.41612808400015,-0.081734486999892],[34.41631269200013,-0.083477088999928],[34.41636242400017,-0.085236209999891],[34.416319508000186,-0.087497874999883],[34.41624896600001,-0.089766140999927],[34.41576755400018,-0.091445087999887],[34.41524563300004,-0.093233106999946],[34.42402059800003,-0.116651026999932],[34.425044393000064,-0.118728046999934],[34.425932475000025,-0.121042155999874],[34.42643838400005,-0.123719985999969],[34.426857674000075,-0.125941724999905],[34.42765472400015,-0.128276964999941],[34.4283166730001,-0.130666691999977],[34.42890698000019,-0.133290012999964],[34.42885967100011,-0.135582074999888],[34.43155310200012,-0.144107526999903],[34.433055167000134,-0.148728915999925],[34.43704453099997,-0.160087535999935],[34.442175174000056,-0.17560177799993],[34.45505103100004,-0.213693151999905],[34.46185374100014,-0.233910816999924],[34.46699010600014,-0.250516835999917],[34.48036964100004,-0.290707520999945],[34.50207245500019,-0.287396815999955],[34.5303652930001,-0.27063480399994],[34.6676445010001,-0.189349591999928],[34.57355117800006,-0.142570286999899],[34.573669434000124,-0.139952495999921],[34.5749855040001,-0.136410727999873],[34.576028188000066,-0.133728260999817],[34.57682800300006,-0.130863010999974],[34.57771301300011,-0.127670898999895],[34.57910537700019,-0.123018569999829],[34.58015823400018,-0.120335839999882],[34.58069992100013,-0.11795873899996],[34.58144760099998,-0.114800586999934],[34.581718445000035,-0.112015984999914],[34.58214378400015,-0.110216181999874],[34.584438324000075,-0.108110740999848],[34.58592987100013,-0.106752395999877],[34.58756256100003,-0.105190306999873],[34.58905601500015,-0.103628210999943],[34.59026718100017,-0.101578540999924],[34.59108352700008,-0.099538847999895],[34.591777802000024,-0.097662336999974],[34.5920639040001,-0.095704234999971],[34.59189987200017,-0.093990891999965],[34.59214401200012,-0.092277548999959],[34.592779160000134,-0.090584605999936],[34.59479904200009,-0.090156271999945],[34.59638977100013,-0.087871819999918],[34.597774506000064,-0.084649107999894],[34.59867095900006,-0.081897451999964],[34.599477768000156,-0.079603556999871],[34.600509644000056,-0.077591776999952],[34.60087585400015,-0.075184940999975],[34.60063171400003,-0.072900488999949],[34.59977340700016,-0.070289678999927],[34.59891891500018,-0.068046025999934],[34.598304749000135,-0.065883948999897],[34.597244263000164,-0.063436321999973],[34.59654998800016,-0.061233456999958],[34.59553146400009,-0.059438526999941],[34.59430694600002,-0.058051537999972],[34.59235000600012,-0.056378989999928],[34.5915756230001,-0.054747241999848],[34.59030723600006,-0.052536280999959],[34.58933258100012,-0.050504683999975],[34.58871841400003,-0.048097848999873],[34.58794403100018,-0.046466096999893],[34.58667755100004,-0.045038308999949],[34.58537292500006,-0.043161794999946],[34.58464050300006,-0.040714166999862],[34.58402633700001,-0.037613834999945],[34.58337402300003,-0.036022874999901],[34.583068848000096,-0.034044377999976],[34.58303722199997,-0.031297724999945],[34.5730149420001,-0.0368116759999],[34.57030180000015,-0.036317763999875],[34.56852342100018,-0.038432603999979],[34.56616727700009,-0.03930786199993],[34.56467205100006,-0.039233060999948],[34.56265849400012,-0.036289221999937],[34.56082797900012,-0.033672503999981],[34.56124016800004,-0.03207782699991],[34.56053491600011,-0.029320764999966],[34.562411817000054,-0.027790681999932],[34.56385767900014,-0.026357085999962],[34.56401072200009,-0.023200274999908],[34.56111600600008,-0.020512098999973],[34.56304149800002,-0.017353420999939],[34.55334257300018,-0.01866467799988],[34.551301539000065,-0.02096677399993],[34.54948617800005,-0.02121975499989],[34.547676650000085,-0.021849523999947],[34.54404209800009,-0.019090411999912],[34.541792791000034,-0.017582197999957],[34.53927629800012,-0.017285755999922],[34.537940166000055,-0.017414463999899],[34.53583878300003,-0.015976095999918]]]}},{"type":"Feature","properties":{"country":"Kenya","admin_level":"Admin1","admin1":"Siaya","admin2":"","name":"Siaya","verified":true},"geometry":{"type":"Polygon","coordinates":[[[34.264330310000105,0.308369256000049],[34.26158006100019,0.309503728000152],[34.259075578000136,0.31078226700015],[34.25629948600016,0.312700180000093],[34.25447529400003,0.313243774000114],[34.251048022000134,0.313484479000067],[34.24915830700019,0.312786981999977],[34.246966505000046,0.311491567000189],[34.245965930000125,0.309542610000165],[34.24489642300017,0.307079366999972],[34.24393086800012,0.305049265000093],[34.240379931,0.297807250000119],[34.23922058000011,0.29583708399997],[34.237455265000165,0.293467126],[34.234664868000095,0.291861922000066],[34.232306308000034,0.2913974330001],[34.21925603100016,0.28905917700007],[34.21757818700007,0.288785731000189],[34.213166603000104,0.288091680000036],[34.21022140200006,0.287341457000082],[34.20780721900002,0.28670956100018],[34.20555727600015,0.286353457000189],[34.205024159000175,0.282686174000105],[34.20596785300006,0.28063819099998],[34.205840079000154,0.278646686000172],[34.20590343300006,0.276076797000087],[34.20541278500019,0.273302424000121],[34.20450880000004,0.271448406],[34.20431911600019,0.269337048000125],[34.204804169000056,0.26651274],[34.2048933480001,0.263468960000068],[34.20339113800014,0.261186223000095],[34.20287820700008,0.263606808000077],[34.20276383500004,0.266075606000072],[34.20139002000013,0.268153192000057],[34.19988255800007,0.269473042000186],[34.1978261860001,0.26999903300009],[34.19622964700011,0.270499151000081],[34.19466054000003,0.271457321000128],[34.192417778000106,0.272262874000091],[34.19065627700007,0.27295566600003],[34.18867918300009,0.274436181000056],[34.18682411500009,0.27587426000008],[34.18532567,0.277381220999985],[34.18489174500007,0.27956842500015],[34.184612856,0.281454741000061],[34.18389418600009,0.283255724000128],[34.18281571199998,0.284846168000115],[34.182254475000036,0.286628703000076],[34.180769924,0.287713253000106],[34.17898933500004,0.28898024],[34.17749420600006,0.290062924999972],[34.17664673500019,0.292363452000188],[34.17552780200009,0.293948661000172],[34.173565486000086,0.296421904000056],[34.16725134600006,0.298505979000083],[34.15949968900003,0.29960085600004],[34.159487151000064,0.295594661000109],[34.159079791000124,0.292999798999972],[34.15860940599998,0.290871789000107],[34.15701326100003,0.288139773000012],[34.15607215500012,0.286589248000098],[34.15294362700007,0.281332737000071],[34.15111542200009,0.278266625000072],[34.14967616400003,0.275858006000021],[34.14853612700011,0.272985051000035],[34.14764229100001,0.270838693000087],[34.146220824000125,0.268565928999976],[34.14497284000004,0.266763869000101],[34.14300429500014,0.263959334000106],[34.13844145799999,0.257410111000127],[34.13294276700009,0.25188934900001],[34.12833282700018,0.249406816999965],[34.11682526400011,0.242776551000077],[34.116396851000104,0.236414219000039],[34.11652991000017,0.229487797000161],[34.11652121400016,0.226758307000068],[34.11635568000014,0.224725830000068],[34.11645287100009,0.222846617000073],[34.11630783600009,0.219025704000046],[34.115650180000046,0.21678732200013],[34.11509066900004,0.214787880000074],[34.11392861100012,0.212051279000036],[34.11308140200015,0.209796979000032],[34.11175167900012,0.208103072000085],[34.11011758100011,0.206322500000056],[34.10961683900007,0.204696996],[34.110201020000034,0.202688330000115],[34.11036855100008,0.200611687000105],[34.10948222900015,0.198874486000022],[34.10854376500009,0.197152710000182],[34.10783015200013,0.195480265000128],[34.107319799000095,0.193735445000129],[34.106683933000056,0.191792123000141],[34.106100998000045,0.189937814000075],[34.10556868000009,0.188202767000121],[34.10555205900005,0.185905662000039],[34.10647980800013,0.184147790000111],[34.10774644500003,0.182206836000091],[34.10872855400004,0.180707946000041],[34.11011961400004,0.179181282000059],[34.111590086000035,0.177385632000153],[34.112019323000084,0.174584906000064],[34.111666453,0.172344776000159],[34.11152897000011,0.169921784000053],[34.11112821800015,0.166932060000136],[34.11097729300019,0.164549260000172],[34.1109704480001,0.162940390000074],[34.111277469000186,0.160004784000023],[34.112013202000185,0.154840112999977],[34.11237867400007,0.15270833500017],[34.11343255400004,0.1497104070001],[34.113991379000026,0.146102631000019],[34.11322105100004,0.143086602000153],[34.11183696300009,0.137260160000153],[34.11045696000002,0.134311685],[34.10951316800009,0.132750772000065],[34.10768337300016,0.13018014000005],[34.10409218900003,0.126937749000092],[34.10239586600011,0.127779373000067],[34.10292390400008,0.131408387000135],[34.10404714800012,0.134064629000022],[34.10495930600007,0.136077799000134],[34.10307176900017,0.136048528000117],[34.100669218000064,0.136327615000027],[34.09772622600008,0.135059373000047],[34.0932650260001,0.130723579000119],[34.09092538300001,0.127488240000048],[34.08851246400013,0.126654706000181],[34.08601976800014,0.12679914000006],[34.08490551700004,0.125055228000178],[34.084092510000175,0.122805397000093],[34.081398923000165,0.12319395500009],[34.07814094000014,0.12201341500014],[34.076151254000024,0.120868261000055],[34.07432755400009,0.120214806999968],[34.07245023900015,0.117824192000171],[34.07323312600016,0.114965786000084],[34.073582419,0.11232336300003],[34.07372365300017,0.108886596000161],[34.07372479300005,0.105193309000185],[34.0731864390001,0.102872570000102],[34.07207461100012,0.100777424000114],[34.068629328999975,0.095344804000035],[34.066838359000144,0.091855291000059],[34.065997383000024,0.089358075000064],[34.062100238000085,0.072829653000099],[34.044256487999974,0.008035844000176],[34.03609025600002,-0.008600919999935],[34.02954892000008,-0.017863825999882],[34.027951533000135,-0.01904687699988],[34.020875086000046,-0.024175953999872],[34.01855543100004,-0.025747791999834],[34.01647596700013,-0.027265511999929],[34.01394714800006,-0.027041642999961],[34.00728957200005,-0.02618281599996],[33.949385067000094,-0.026509239999939],[33.98306589900011,-0.128803936999873],[33.950865899000064,-0.338103936999971],[34.042365899000174,-0.338103936999971],[34.11296589900007,-0.338103936999971],[34.144065899000054,-0.338103936999971],[34.21056589900002,-0.338103936999971],[34.24088011800012,-0.340198372999907],[34.242165898999986,-0.343403936999948],[34.24378674600007,-0.347395597999878],[34.245265899000174,-0.351103936999948],[34.247265899000126,-0.356103936999943],[34.24813632700017,-0.35821629499992],[34.25596589900016,-0.378703936999898],[34.26106589900007,-0.39200393699997],[34.26776589900004,-0.409903936999967],[34.270665899000164,-0.415303936999862],[34.27336589900011,-0.418503936999969],[34.27566589900016,-0.420703936999814],[34.28076589900007,-0.424403936999965],[34.28616589900014,-0.426803936999931],[34.29068301,-0.42791267899986],[34.293316169000036,-0.428365557999939],[34.300365899000155,-0.428203936999978],[34.304665899000156,-0.427603936999958],[34.30775179000011,-0.42665959399983],[34.31025522300001,-0.42577591099996],[34.31606589900014,-0.423003936999976],[34.31946589900008,-0.420703936999814],[34.33286589900018,-0.409603936999929],[34.357520491000116,-0.38882269699991],[34.37586589900013,-0.373403936999864],[34.393265899000085,-0.358803936999948],[34.42186589900018,-0.33480393699989],[34.45396589900014,-0.315803936999885],[34.48036964100004,-0.290707520999945],[34.46699010600014,-0.250516835999917],[34.46185374100014,-0.233910816999924],[34.45505103100004,-0.213693151999905],[34.442175174000056,-0.17560177799993],[34.43704453099997,-0.160087535999935],[34.433055167000134,-0.148728915999925],[34.43155310200012,-0.144107526999903],[34.42885967100011,-0.135582074999888],[34.42890698000019,-0.133290012999964],[34.4283166730001,-0.130666691999977],[34.42765472400015,-0.128276964999941],[34.426857674000075,-0.125941724999905],[34.42643838400005,-0.123719985999969],[34.425932475000025,-0.121042155999874],[34.425044393000064,-0.118728046999934],[34.42402059800003,-0.116651026999932],[34.41524563300004,-0.093233106999946],[34.41576755400018,-0.091445087999887],[34.41624896600001,-0.089766140999927],[34.416319508000186,-0.087497874999883],[34.41636242400017,-0.085236209999891],[34.41631269200013,-0.083477088999928],[34.41612808400015,-0.081734486999892],[34.41593928599997,-0.079771992999952],[34.416860824000025,-0.076513777999935],[34.4196046510001,-0.074394249999898],[34.42114088800014,-0.072709608999958],[34.42251736700007,-0.071053114999927],[34.42393759400005,-0.069227011999942],[34.42482990500008,-0.067754676999868],[34.42885899000015,-0.064626035999936],[34.43186569200003,-0.062380335999933],[34.43676624500006,-0.058956562999867],[34.438591081000084,-0.058307295999953],[34.44051996400003,-0.057420566999951],[34.44193244600001,-0.05618605799998],[34.4440585860001,-0.055043280999826],[34.445889149000095,-0.053620744999876],[34.447961620000115,-0.051645232999931],[34.45003617300006,-0.050346220999927],[34.45189223700015,-0.049202039999955],[34.453533816000174,-0.047298222999927],[34.45554244200008,-0.046108752999885],[34.45784108000004,-0.045526125999913],[34.45926348300003,-0.044084015999886],[34.46070517800007,-0.043075913999871],[34.46242717800004,-0.042323544999874],[34.46419136200018,-0.041821799999923],[34.46647386200004,-0.041501456999811],[34.46837481100005,-0.041035915999942],[34.46998737500007,-0.040388257999894],[34.47196018800014,-0.039370289999965],[34.473650175000046,-0.038305613999967],[34.47524023300019,-0.037404673999959],[34.47737939800015,-0.036073662999968],[34.47870473200004,-0.035151068999824],[34.480887362000146,-0.033632248999936],[34.483275204,-0.031962514999975],[34.48543442800013,-0.03070706699998],[34.49181084200018,-0.028491526999915],[34.499565997000104,-0.02780513499988],[34.50334425000017,-0.027086097999813],[34.506267545000185,-0.026411185999905],[34.50947383500011,-0.025379012999963],[34.51198517500006,-0.024499834999972],[34.51587221900013,-0.023121314999855],[34.519165039000086,-0.021883220999825],[34.522454291000145,-0.020664109999927],[34.52464870000006,-0.01992426899983],[34.52661462999998,-0.019238125999891],[34.52865230200001,-0.019181024999966],[34.529955229999985,-0.017949192999936],[34.53121303400019,-0.015951278999978],[34.53234198200016,-0.014560471999914],[34.53364425600006,-0.013220261999891],[34.535478304000094,-0.011346942999978],[34.536138295000114,-0.009411711999974],[34.53763635600012,-0.007869375999917],[34.53952579700007,-0.005803402999959],[34.54114154500019,-0.004408940999951],[34.541831292000154,-0.0026523169999],[34.54133898900017,-0.000961876999952],[34.53895173100017,0.000594040000124],[34.536710438000114,0.001449029000071],[34.535504422000145,0.002637278000066],[34.53400062100013,0.004057359000058],[34.534383474000094,0.005343717000073],[34.536167585000044,0.006237228000032],[34.538209745000074,0.007008009000117],[34.54028855700011,0.007906018000085],[34.54229153,0.009152544000187],[34.54389461900007,0.01047638700004],[34.54315141800009,0.014455680000026],[34.54403113100017,0.016076539000096],[34.54593410500007,0.01684589600012],[34.54753396100011,0.01840358200019],[34.54826680200006,0.021082990000025],[34.548853806000125,0.023304505000056],[34.549876794000056,0.024898083000096],[34.54969265100016,0.026928883000096],[34.54938134800011,0.029824205000011],[34.54932785099999,0.032608277000179],[34.549466055000096,0.035326366000106],[34.55113601400012,0.035844774000168],[34.55240991500011,0.037610254000072],[34.552846595000176,0.039652762000117],[34.55221777700001,0.04161025600007],[34.552710283000124,0.043263810000099],[34.55371590500016,0.045294757000022],[34.55495449100016,0.04700547200008],[34.55759748600008,0.048332727000059],[34.55989574400019,0.048020520000023],[34.559387423000146,0.04995918000003],[34.55871503300011,0.052012759000036],[34.55784847000007,0.053744460000075],[34.55713608400009,0.056354842000076],[34.55717753000016,0.058474910000143],[34.55781367500009,0.060904024000024],[34.55830823300016,0.063317783000173],[34.55855310100003,0.066454063000151],[34.558632436000096,0.072485971999981],[34.55833498599998,0.074866286000145],[34.557649624000135,0.076861959000155],[34.55742065700008,0.079014980000181],[34.55703201000017,0.081026333000068],[34.55672784700016,0.08297685000008],[34.555357756000035,0.085468532],[34.55433324100011,0.087660874000051],[34.554802781000035,0.090054369000086],[34.55657538400004,0.091259924000099],[34.55644666500018,0.093520032000072],[34.55626629200009,0.095975807000116],[34.5555388140001,0.097693191000133],[34.55512325100011,0.09990648400003],[34.555227064000064,0.102525256000149],[34.55783326700015,0.105828980000126],[34.55800031500013,0.108413805000055],[34.55609770800015,0.10851350400003],[34.55332708700013,0.109892696000088],[34.552102736,0.111828907000131],[34.550474791000056,0.113667756000154],[34.54847639200017,0.113930802000084],[34.54619964200009,0.114177289000111],[34.54402545100004,0.114451008000117],[34.54624020400007,0.116070444000172],[34.547197930000095,0.117827475000183],[34.54967313800006,0.118056462000027],[34.55139573100007,0.11826776700002],[34.552711577000025,0.119326550000096],[34.55194201000006,0.121571884000105],[34.552648519000115,0.123582964000036],[34.55385645700005,0.124884637000036],[34.55424022100004,0.126933785000119],[34.55441254900006,0.128592650000144],[34.55239668100006,0.129972965000036],[34.55052775700017,0.130808490000163],[34.548768681000126,0.132293620000098],[34.54773300800014,0.134367146000045],[34.54686218900008,0.136167871000112],[34.54569813300009,0.137886678000143],[34.543647758000134,0.139057139000101],[34.54089691200011,0.138763778000055],[34.538295957000116,0.13758991300017],[34.53579947500015,0.137141319000023],[34.53407069200017,0.136529893000045],[34.53265853800002,0.134981677000042],[34.53200836000008,0.133073798000169],[34.530784650000044,0.130900629000053],[34.52987603600019,0.128792893000082],[34.528289369000106,0.126932763000184],[34.52610133200017,0.125650003000089],[34.52392700700011,0.125089300000184],[34.52156165800005,0.125283264000018],[34.518950283000095,0.125958056000115],[34.51725645200003,0.126672812000095],[34.515366363000055,0.127498015000072],[34.51303350900014,0.128129927000145],[34.51256043300003,0.125767149000012],[34.512216603000184,0.123174484000174],[34.51144972300017,0.121059464000155],[34.509941614000184,0.118992170000183],[34.50791000500004,0.117946824000171],[34.50593417600004,0.119191582000155],[34.504483178999976,0.12073500300005],[34.50350352000004,0.1224533030001],[34.501449378000075,0.124403231000144],[34.50022345000008,0.126095921000058],[34.49988460000009,0.124103048000109],[34.49901266700016,0.122231966000186],[34.49732443,0.123294470000133],[34.49652193300011,0.12171953700016],[34.49826712600003,0.120246111000085],[34.50068453200004,0.118475053999987],[34.50207380200004,0.117050281000161],[34.502510396000105,0.114841406000096],[34.501173970000025,0.113239892000081],[34.49801246200008,0.111887222000121],[34.49609379300006,0.109901198999978],[34.49619792500016,0.107422786000029],[34.49540888100006,0.104752134000023],[34.49458947000005,0.102791264000132],[34.49315920100008,0.102290689000029],[34.48992377500008,0.103642689000139],[34.488382423000076,0.104401594000137],[34.48652415900017,0.104879990000143],[34.48463608300011,0.104634704999967],[34.4823486840001,0.104758928000024],[34.4802933310001,0.10515206000008],[34.478695322000135,0.105164384000034],[34.4765035370001,0.104416002000107],[34.47493569800014,0.103736984000022],[34.474137949000124,0.104189271000052],[34.47387722400009,0.106266632000086],[34.47413696700005,0.108161051000081],[34.47432083000007,0.110253938000142],[34.47418467800014,0.112913965000075],[34.476785219000135,0.113222030000031],[34.4784961150001,0.113423486000045],[34.478428619,0.116132219000065],[34.477003988000035,0.117445743000189],[34.47561916300009,0.118516091000117],[34.47274616600015,0.119489309000187],[34.47008615500005,0.120247542000129],[34.46812289900015,0.120890638000049],[34.46522367000017,0.122340600000086],[34.46319128700014,0.123217804000035],[34.461526193000054,0.12292138600003],[34.45783714900017,0.123571998000045],[34.457236421000175,0.125633779000168],[34.45681699000005,0.128139224999984],[34.456487749000075,0.130588715000158],[34.458280804000026,0.130660946000035],[34.46040375500007,0.130548996000186],[34.462501769000085,0.130393546000107],[34.46460490700002,0.130326399000126],[34.46725266300007,0.130229915000143],[34.46908536300003,0.130712635000123],[34.47131777600009,0.13116196500016],[34.47356110300018,0.132101493000107],[34.47577533600014,0.134224439999969],[34.47783783700015,0.136085638000168],[34.479792477000046,0.137521744000139],[34.48168303000011,0.138148345000047],[34.48370821900005,0.139689861000022],[34.48406509400019,0.142330861000062],[34.48294684000001,0.144584410000107],[34.482350266000026,0.14662112000002],[34.48190050900007,0.148889995000104],[34.48188904400007,0.150581784000167],[34.48102717100011,0.15202248300011],[34.47958335900017,0.153463516000045],[34.47779329700006,0.155030796000062],[34.47555681199998,0.156283106000103],[34.4729593130001,0.156770543],[34.47103513300004,0.157159843000102],[34.46844186900006,0.15743470200016],[34.465973750000046,0.156880793000084],[34.46435259400005,0.156114613999989],[34.462985264000054,0.15526348100002],[34.46139602300008,0.154797859000041],[34.459473630000105,0.154322449000119],[34.45731050400019,0.154247613000166],[34.45502921800011,0.153880601000026],[34.45313694600003,0.153707505000057],[34.45159478700003,0.152875802000096],[34.45013347100013,0.152059247000125],[34.447714216000065,0.150691392000169],[34.44577421600013,0.150366633000033],[34.44337242600017,0.148109706000071],[34.441286128,0.148047651000184],[34.438839621,0.146831068000154],[34.43682950700014,0.14634643200003],[34.43501213300004,0.146390780000161],[34.4330164050001,0.146005823],[34.43175154599999,0.147342186000174],[34.43008929600012,0.148081492000074],[34.42723869600019,0.149769935000052],[34.425734538000086,0.150969975000066],[34.42570052800011,0.152605595000011],[34.42793188600018,0.153142320000086],[34.430221545000165,0.154196166000077],[34.4318845630001,0.154830449000087],[34.433576007000056,0.156190067000125],[34.43491053800011,0.157194301000061],[34.43655416900009,0.159158838],[34.43776172200012,0.160609787000055],[34.43892205500009,0.16219796300004],[34.439891514000124,0.163858609000101],[34.440922992000026,0.165399389000072],[34.44111628700011,0.167575047000128],[34.43930625900009,0.16961198100006],[34.43808424700006,0.171334702000081],[34.436780305000184,0.172818650000124],[34.435183739000024,0.173616041000116],[34.42955382500014,0.178274697000063],[34.42959661500015,0.180258846000015],[34.42915978400015,0.182770491000099],[34.42766338600018,0.183517818000041],[34.426411516000144,0.184706666000181],[34.42681514600014,0.187107869000158],[34.42782494400018,0.188834772000121],[34.429387963000124,0.190038101000141],[34.43056690500015,0.191378596000106],[34.43091680800006,0.194473171000084],[34.431811781000135,0.196418007000091],[34.43319436100012,0.198503373000108],[34.434739207,0.200087899000152],[34.435440463000134,0.201513288000058],[34.43737346600011,0.202283162000128],[34.439515788999984,0.202947721000157],[34.44135192800013,0.20289323500009],[34.44310116500003,0.202953683000089],[34.44565881300008,0.203159238000126],[34.447542800000065,0.204199573000153],[34.44890605700016,0.205451270000083],[34.45071442300002,0.206585376000135],[34.450411153000175,0.207484398000076],[34.449257223000075,0.209036280000078],[34.44824732800009,0.211845616000176],[34.44721053300003,0.213976211000158],[34.446345339,0.215993680000167],[34.44461014600006,0.216689483000096],[34.44327566700008,0.218184949000033],[34.44128646700017,0.21794875300003],[34.43960059000017,0.21741269100005],[34.438045825000074,0.216630732000112],[34.43586656700006,0.215938311000116],[34.43370889200014,0.214444527000182],[34.431535496000095,0.213872686000173],[34.429615358000035,0.213062101000162],[34.42730619499997,0.211763581000014],[34.42570197100014,0.210372262000078],[34.424368550000054,0.209002625000039],[34.42309987600004,0.207321127000171],[34.42182167800013,0.205673963000095],[34.42099551000018,0.20424154799997],[34.41862376100016,0.203301666000016],[34.41678811600008,0.202608623000174],[34.41462326100009,0.201346086000058],[34.41296009600006,0.20055391700015],[34.410976303000155,0.198929896000152],[34.410186255000156,0.197117650000109],[34.409776653000165,0.195275074000108],[34.40869005600007,0.193443636000097],[34.408031638000125,0.191779920000101],[34.40617429700018,0.189997278000021],[34.40486414600002,0.188250436000089],[34.40301322600004,0.187264971],[34.4000237840001,0.185802900999988],[34.39656052800012,0.183864882000137],[34.39439633700016,0.182470535000164],[34.392131655000185,0.182084256000053],[34.39062686500006,0.181219760000147],[34.38871106100015,0.180465408000089],[34.38642542000014,0.179947854000034],[34.38459331700017,0.181069525000055],[34.385471810000126,0.182825848000164],[34.38647903100002,0.18524078300004],[34.38719131099998,0.187204],[34.38817347800017,0.188998479000077],[34.38883677500007,0.190891295000029],[34.390074717000175,0.192671251000036],[34.390701405000186,0.195229929000163],[34.39066033100016,0.197131513000102],[34.39002655700011,0.199952871000164],[34.39044140400006,0.201609455000096],[34.39092635800006,0.20320732100015],[34.391424276,0.204945058000135],[34.39191241300017,0.207577177000019],[34.39116949300018,0.210159648000115],[34.390623183000116,0.212423559000115],[34.39053887600011,0.214579352000044],[34.39062467900004,0.216630771000041],[34.38937042200007,0.218597089000184],[34.38790410299998,0.221148688000028],[34.38720129400019,0.222881533000134],[34.386262499000054,0.224439299000039],[34.385237007000114,0.226375987000097],[34.384455264,0.227991154000051],[34.38495986600003,0.229347695000115],[34.386986698000044,0.230357529000173],[34.388661139000135,0.231128787000046],[34.390323809,0.23188602100015],[34.39216191100002,0.23261461900006],[34.39412131300014,0.23305037200015],[34.39643004400011,0.233258515000045],[34.39773562900007,0.234915570999988],[34.39850419600015,0.236982644000079],[34.399512525000034,0.239115644000151],[34.39892595400005,0.241420966000135],[34.39785055800007,0.24367823],[34.39774757200007,0.245757268999967],[34.397752768000146,0.24799128799998],[34.39774329300019,0.250452958000096],[34.39826591100007,0.252527832],[34.398423244000014,0.25420794300004],[34.399239197000156,0.257200327000021],[34.40008568600007,0.259055137000189],[34.400609951000035,0.261057838000056],[34.40009599000007,0.262944125000047],[34.39710309300011,0.265057528000057],[34.395044658000074,0.266995076000114],[34.39367100400011,0.268149273000176],[34.39075373500003,0.270618292000051],[34.38943390800017,0.272309356],[34.38821472,0.274965865000183],[34.389794699000106,0.276191101000109],[34.391683494000176,0.278669245000174],[34.39261367500012,0.280209760000162],[34.39418960000006,0.281345128000169],[34.39623443400012,0.282219066000152],[34.39552850900009,0.283768422000094],[34.39480205899997,0.286480742000151],[34.39450751000004,0.288744363000148],[34.3921249820001,0.291204838000056],[34.38460441100017,0.298303154000109],[34.38226885700004,0.300259413000049],[34.38125723500019,0.302950102000011],[34.38013063300002,0.304907603000061],[34.37796506000018,0.306526280000128],[34.374681834000114,0.307740552999974],[34.37195084100006,0.308795325000062],[34.37008181900012,0.307081173000142],[34.36562646900006,0.30421719300017],[34.36180720900006,0.305272893000108],[34.358036864000155,0.306063320000021],[34.35520619300013,0.306229126000062],[34.34978680100011,0.30678354000014],[34.34622865100005,0.307392808000088],[34.34376609200012,0.308252121000066],[34.339571424000155,0.309518310000101],[34.335528005000185,0.310627067000098],[34.33278787400019,0.311006046000102],[34.3278953250001,0.310570268999982],[34.32555017700008,0.310162021000167],[34.31806237400019,0.30910307500011],[34.315986163000105,0.308973458000139],[34.312003759000106,0.309079523000094],[34.309425467000096,0.309607510000035],[34.299897109000085,0.309602180000127],[34.294069726000146,0.309325905000094],[34.2916833430001,0.308601747000182],[34.289249048000045,0.307900947000121],[34.286064133000025,0.308269292000148],[34.284383898000044,0.308805748000111],[34.28208211200018,0.309911021000175],[34.27976107900008,0.310566781999967],[34.276620993000165,0.310842326000056],[34.274726374000124,0.31038312000004],[34.27313912800008,0.309470824000073],[34.27133633600016,0.309368855000059],[34.26944657000007,0.308899036000184],[34.266629241000146,0.308089189000043],[34.2655840060001,0.308027593000133],[34.264330310000105,0.308369256000049]]]}},{"type":"Feature","properties":{"country":"Kenya","admin_level":"Admin2","admin1":"Siaya","admin2":"Alego-Usonga","name":"Alego-Usonga","verified":true},"geometry":{"type":"Polygon","coordinates":[[[34.20727064500005,0.159712534000164],[34.20426404500017,0.161012854000091],[34.20067474600012,0.163091000000122],[34.197544134000054,0.165227024999979],[34.19544363300008,0.167687923000074],[34.19366589900005,0.170296063000023],[34.19156589900007,0.170696063000094],[34.18889973100005,0.169502784000031],[34.18552586900017,0.168890170000111],[34.181846934000134,0.168642376000037],[34.179311790000156,0.167074701000104],[34.17783709100007,0.164070381000045],[34.175824123000154,0.160120320000146],[34.174382097000034,0.158524560000103],[34.17049845300005,0.157745812000144],[34.168785083000046,0.158071369000027],[34.165719834000186,0.157444896000129],[34.16143246100006,0.156686654999987],[34.157085196000025,0.152653012000144],[34.15143442100009,0.149319253000044],[34.149696942000105,0.146842504000062],[34.148133260000066,0.145235049000178],[34.14476589900005,0.142696063000074],[34.14326589900014,0.143396063000068],[34.14416589899997,0.147396063000087],[34.142265899000165,0.148096063000139],[34.13929427100015,0.146890209000162],[34.13627870200014,0.145885043000135],[34.13233308100007,0.145602293000024],[34.129052430000115,0.145548307000183],[34.12622278000015,0.143761295000104],[34.123831106000125,0.142610880000063],[34.12023310200016,0.141577166000104],[34.118252295000104,0.140305020000028],[34.12046589900012,0.138496063],[34.119965899000135,0.135996063000107],[34.117469485000186,0.133310330000029],[34.120246100000145,0.13059791000012],[34.119122744000094,0.127912875000106],[34.11585798599998,0.125805515000025],[34.114055900000096,0.124274878999984],[34.11086589900003,0.126296063000098],[34.10976589900014,0.124796063000133],[34.11176526800011,0.121365634000085],[34.108674485999984,0.121845943000096],[34.105325772000015,0.123435092000079],[34.10239586600011,0.127779373000067],[34.10292390400008,0.131408387000135],[34.10404714800012,0.134064629000022],[34.10495930600007,0.136077799000134],[34.10307176900017,0.136048528000117],[34.100669218000064,0.136327615000027],[34.09772622600008,0.135059373000047],[34.0932650260001,0.130723579000119],[34.09092538300001,0.127488240000048],[34.08851246400013,0.126654706000181],[34.08601976800014,0.12679914000006],[34.08490551700004,0.125055228000178],[34.084092510000175,0.122805397000093],[34.081398923000165,0.12319395500009],[34.07814094000014,0.12201341500014],[34.076151254000024,0.120868261000055],[34.07432755400009,0.120214806999968],[34.07245023900015,0.117824192000171],[34.07323312600016,0.114965786000084],[34.073582419,0.11232336300003],[34.07372365300017,0.108886596000161],[34.07372479300005,0.105193309000185],[34.0731864390001,0.102872570000102],[34.07207461100012,0.100777424000114],[34.068629328999975,0.095344804000035],[34.066838359000144,0.091855291000059],[34.065997383000024,0.089358075000064],[34.062100238000085,0.072829653000099],[34.044256487999974,0.008035844000176],[34.07524164100016,0.023447299000168],[34.11205821700008,0.040191455000183],[34.11166589900017,0.035796063000134],[34.11335614500001,0.034682326999985],[34.116623420999986,0.032223169000076],[34.11820679300007,0.029216824000116],[34.118761913000185,0.027295890000175],[34.118887327000095,0.024106706000111],[34.12088827200017,0.021107114000074],[34.126273819000176,0.019050034000031],[34.13049194600006,0.018468076000033],[34.13369696300009,0.018494858000111],[34.139571464000085,0.017925600000069],[34.14199290300013,0.017287874999965],[34.14816746200006,0.016215865000106],[34.151050492000024,0.015835974000026],[34.15495383400008,0.013591794000149],[34.15640156500001,0.007487598000125],[34.156404708000025,0.005103908000024],[34.157326017000116,-0.001966592999906],[34.16049418000017,-0.006408690999933],[34.16431339600018,-0.010023015999934],[34.167523184000174,-0.009593227999972],[34.170720310000036,-0.007089536999956],[34.17328060300002,-0.004635802999871],[34.17606589900009,-0.003503936999948],[34.177917376000096,-0.00418039799996],[34.18052102900015,-0.006115018999878],[34.182676172000185,-0.008423671999935],[34.18466327800013,-0.010301671999969],[34.18516824600016,-0.011903805999964],[34.18528675300007,-0.014295924999885],[34.18762563700017,-0.015667380999957],[34.19058253200012,-0.015350541999851],[34.19389920600008,-0.013010145999829],[34.19712420900004,-0.012891176999915],[34.19889502100017,-0.010060058999898],[34.20122992200004,-0.00811080599982],[34.205836116000114,-0.009902298999975],[34.209278078000125,-0.011131343999978],[34.21506342000009,-0.010832052999888],[34.21778733600007,-0.013548737999884],[34.21871542300005,-0.01532237999993],[34.21954363200007,-0.018288389999839],[34.22066372900014,-0.022904478999919],[34.22103332200004,-0.024744142999907],[34.22255485400018,-0.027858104999893],[34.225395611000124,-0.031362871999931],[34.229062283000076,-0.034710781999877],[34.23146274700014,-0.036070196999844],[34.23388252400002,-0.038007074999939],[34.23692167000013,-0.037187173999882],[34.240247058000136,-0.038073173999919],[34.24494886700006,-0.039223807999917],[34.247912903000156,-0.041822305999972],[34.25091065200013,-0.044533447999925],[34.25310636700016,-0.045926678999933],[34.256761292000135,-0.04708729999993],[34.259887319000086,-0.046200035999902],[34.262600772000155,-0.044411953999941],[34.267027871000096,-0.043399965999924],[34.27303925000018,-0.044009396999911],[34.280219668000086,-0.042905825999924],[34.28387451200018,-0.042175292999957],[34.28736573100008,-0.041901809999956],[34.291366602000096,-0.041207286999963],[34.29423871100016,-0.039496840999959],[34.29748704900015,-0.038394884999889],[34.30057128200019,-0.038133122999909],[34.30447804300002,-0.037230129999955],[34.30631093400007,-0.036763469999926],[34.310701753000046,-0.035037790999866],[34.312751826000124,-0.034892756999852],[34.316516576000026,-0.034279443999822],[34.31956920500011,-0.033721844999945],[34.32134768800006,-0.033682851999913],[34.32515985200018,-0.033768257999895],[34.32745092600004,-0.033166147999964],[34.331473943000105,-0.031524850999972],[34.3353386010001,-0.030496563999975],[34.33908861400016,-0.029602993999958],[34.34332132300017,-0.027809505999869],[34.344873983000184,-0.027356483999881],[34.34808349600013,-0.026910219999934],[34.35067014300017,-0.026657406999959],[34.35319928300015,-0.02685179499997],[34.35796776300003,-0.025706618999891],[34.359920181000064,-0.024173367999936],[34.36359332500007,-0.021261108999965],[34.363554740000154,-0.016375461999928],[34.366218936000166,-0.010137368999892],[34.37211810600013,-0.004460268999935],[34.37828089900012,-0.002503188999924],[34.38449369199998,-5.196799998e-05],[34.38922406300014,0.003487534000044],[34.38894095700016,0.009186703000069],[34.387822159000166,0.016346225000063],[34.387092063000125,0.02053883100001],[34.385086982000075,0.027223667000158],[34.38163988300005,0.028208188000178],[34.37697054700004,0.032997006000073],[34.374801845000036,0.035751836000145],[34.37478062300005,0.038836622000076],[34.375376124000184,0.042196993000061],[34.37532709000004,0.048942612000133],[34.37448880900007,0.056598862000158],[34.372895352000114,0.062256479000098],[34.372723282000095,0.068105649000017],[34.37456851999997,0.072757338000088],[34.37556975100017,0.074598569999978],[34.37888607500008,0.080259164000097],[34.37513970900011,0.083913140000107],[34.37328080500009,0.085507864000078],[34.37062585900003,0.088161353000146],[34.36818301000011,0.090972362000116],[34.364575479000166,0.096496323000054],[34.36374564500005,0.102245493],[34.36327357500005,0.108286215000135],[34.36223529300014,0.115012631000127],[34.36056261300013,0.122495113000184],[34.35830889900018,0.125953064000043],[34.35545624900004,0.128163533000077],[34.35140974600017,0.133678125000188],[34.349234810000155,0.138622742000109],[34.34527587900004,0.140502930000082],[34.34027099600013,0.144897461000141],[34.33751906800012,0.144517792999977],[34.328618928000026,0.145582213000125],[34.32322444200008,0.145672706000084],[34.31804056700008,0.149435579999988],[34.31206932700019,0.151997836000078],[34.30846953400015,0.153290277],[34.30516589900009,0.155496063000101],[34.299069082000074,0.155284750000078],[34.29608901200004,0.155645913000058],[34.29204007800007,0.155234750000034],[34.28744325700012,0.156043887000124],[34.2829734770001,0.155548373000158],[34.27732430700007,0.151492660000031],[34.27067840900014,0.150090756000054],[34.26466307300018,0.149546675000067],[34.262267504000135,0.149906011000098],[34.25622626000012,0.150595932000101],[34.24822845700015,0.151492660000031],[34.243746431000034,0.151512201000173],[34.24129223400013,0.15131466400004],[34.23588338900015,0.149849203000031],[34.23309066900015,0.151119375000178],[34.229570596000144,0.152289389000146],[34.2269725000001,0.155429860000027],[34.22464236800005,0.157630716000028],[34.221349283000166,0.15945140700012],[34.21736589900007,0.15989606300019],[34.21616589900009,0.161796063000168],[34.216765899,0.16339606300005],[34.21291696900005,0.161312366],[34.210534644,0.159652350000158],[34.20936589900003,0.159196062999968],[34.20727064500005,0.159712534000164]]]}},{"type":"Feature","properties":{"country":"Kenya","admin_level":"Admin2","admin1":"Siaya","admin2":"Bondo","name":"Bondo","verified":true},"geometry":{"type":"Polygon","coordinates":[[[34.13049194600006,0.018468076000033],[34.126273819000176,0.019050034000031],[34.12088827200017,0.021107114000074],[34.118887327000095,0.024106706000111],[34.118761913000185,0.027295890000175],[34.11820679300007,0.029216824000116],[34.116623420999986,0.032223169000076],[34.11335614500001,0.034682326999985],[34.11166589900017,0.035796063000134],[34.11205821700008,0.040191455000183],[34.07524164100016,0.023447299000168],[34.044256487999974,0.008035844000176],[34.03609025600002,-0.008600919999935],[34.02954892000008,-0.017863825999882],[34.027951533000135,-0.01904687699988],[34.020875086000046,-0.024175953999872],[34.01855543100004,-0.025747791999834],[34.01647596700013,-0.027265511999929],[34.01394714800006,-0.027041642999961],[34.00728957200005,-0.02618281599996],[33.949385067000094,-0.026509239999939],[33.98306589900011,-0.128803936999873],[33.950865899000064,-0.338103936999971],[34.042365899000174,-0.338103936999971],[34.11296589900007,-0.338103936999971],[34.144065899000054,-0.338103936999971],[34.21056589900002,-0.338103936999971],[34.242165898999986,-0.271603936999952],[34.244837798,-0.235279347999949],[34.24779813599997,-0.231258569999966],[34.249330815000064,-0.228745817999879],[34.250755605000165,-0.22683775999991],[34.25297268600002,-0.223106273999917],[34.257065899000054,-0.219803936999881],[34.26045589900008,-0.217383936999852],[34.26309589900018,-0.216263936999894],[34.26621470400005,-0.213362221999887],[34.26722099800014,-0.211740185999872],[34.26914482400019,-0.208887298999912],[34.27136589899999,-0.206703936999929],[34.27345052300018,-0.203377522999915],[34.2750264660001,-0.201974831999962],[34.276765899000054,-0.197303936999958],[34.27833330800013,-0.193656691999877],[34.28056589900007,-0.190303936999953],[34.28057250800015,-0.187308371999961],[34.28174946100012,-0.184197771999891],[34.282380100000125,-0.182509853999875],[34.283558597000024,-0.179698662999954],[34.28616589900014,-0.177503936999926],[34.28696589900005,-0.172303936999924],[34.28798132400016,-0.168268438999974],[34.28956589900008,-0.165703936999876],[34.29089190700017,-0.162916420999977],[34.292903298000056,-0.160237755999958],[34.29436669199998,-0.156387935999931],[34.294296285000144,-0.154421901999967],[34.29276589900013,-0.150603936999971],[34.29486589900017,-0.146903936999934],[34.29844799000017,-0.144173398999953],[34.30106538700011,-0.140356821999887],[34.30181525299997,-0.138091583999881],[34.3026612860001,-0.134970541999905],[34.306815899000014,-0.134753936999857],[34.307394252,-0.131346309999969],[34.307865899000035,-0.128103936999935],[34.30908513000014,-0.124507782999956],[34.309623344000045,-0.120755380999867],[34.31083945000012,-0.116856675999884],[34.31316589900018,-0.113303936999898],[34.31565831800009,-0.110399491999942],[34.31779107600016,-0.107488965999892],[34.32108490500008,-0.105206574999897],[34.32406727800003,-0.10412738499997],[34.32639894700014,-0.10266164199993],[34.32816589900011,-0.09960393699987],[34.331565899000054,-0.096403936999934],[34.33517043300009,-0.095221164999884],[34.33806451800018,-0.095330179999848],[34.34176589900005,-0.094403936999925],[34.34394965700011,-0.091899159999912],[34.345565899000064,-0.089303936999954],[34.34995622400015,-0.087706795999964],[34.352238100000136,-0.084797764999962],[34.35501589900019,-0.081553936999967],[34.357765899000185,-0.07810393699998],[34.36256589900012,-0.075003936999963],[34.3648507100001,-0.071964686999877],[34.3671658990001,-0.068203936999907],[34.368765899000095,-0.067703936999919],[34.370332285000075,-0.06552666999994],[34.37186589900011,-0.062403936999829],[34.37486995300014,-0.060528260999888],[34.377675238000165,-0.061050570999953],[34.38236589900009,-0.061037269999815],[34.38015439200012,-0.058514621999961],[34.378351940000016,-0.056516861999967],[34.375665899000126,-0.053603936999934],[34.37296589900018,-0.049603936999972],[34.36910330700016,-0.045184786999926],[34.36626589900004,-0.043203936999873],[34.361474500000156,-0.04198981899998],[34.35836589900009,-0.041403936999927],[34.35594348500001,-0.037638268999899],[34.3558688870001,-0.033305732999906],[34.35560837100019,-0.030699891999859],[34.35319928300015,-0.02685179499997],[34.35067014300017,-0.026657406999959],[34.34808349600013,-0.026910219999934],[34.344873983000184,-0.027356483999881],[34.34332132300017,-0.027809505999869],[34.33908861400016,-0.029602993999958],[34.3353386010001,-0.030496563999975],[34.331473943000105,-0.031524850999972],[34.32745092600004,-0.033166147999964],[34.32515985200018,-0.033768257999895],[34.32134768800006,-0.033682851999913],[34.31956920500011,-0.033721844999945],[34.316516576000026,-0.034279443999822],[34.312751826000124,-0.034892756999852],[34.310701753000046,-0.035037790999866],[34.30631093400007,-0.036763469999926],[34.30447804300002,-0.037230129999955],[34.30057128200019,-0.038133122999909],[34.29748704900015,-0.038394884999889],[34.29423871100016,-0.039496840999959],[34.291366602000096,-0.041207286999963],[34.28736573100008,-0.041901809999956],[34.28387451200018,-0.042175292999957],[34.280219668000086,-0.042905825999924],[34.27303925000018,-0.044009396999911],[34.267027871000096,-0.043399965999924],[34.262600772000155,-0.044411953999941],[34.259887319000086,-0.046200035999902],[34.256761292000135,-0.04708729999993],[34.25310636700016,-0.045926678999933],[34.25091065200013,-0.044533447999925],[34.247912903000156,-0.041822305999972],[34.24494886700006,-0.039223807999917],[34.240247058000136,-0.038073173999919],[34.23692167000013,-0.037187173999882],[34.23388252400002,-0.038007074999939],[34.23146274700014,-0.036070196999844],[34.229062283000076,-0.034710781999877],[34.225395611000124,-0.031362871999931],[34.22255485400018,-0.027858104999893],[34.22103332200004,-0.024744142999907],[34.22066372900014,-0.022904478999919],[34.21954363200007,-0.018288389999839],[34.21871542300005,-0.01532237999993],[34.21778733600007,-0.013548737999884],[34.21506342000009,-0.010832052999888],[34.209278078000125,-0.011131343999978],[34.205836116000114,-0.009902298999975],[34.20122992200004,-0.00811080599982],[34.19889502100017,-0.010060058999898],[34.19712420900004,-0.012891176999915],[34.19389920600008,-0.013010145999829],[34.19058253200012,-0.015350541999851],[34.18762563700017,-0.015667380999957],[34.18528675300007,-0.014295924999885],[34.18516824600016,-0.011903805999964],[34.18466327800013,-0.010301671999969],[34.182676172000185,-0.008423671999935],[34.18052102900015,-0.006115018999878],[34.177917376000096,-0.00418039799996],[34.17606589900009,-0.003503936999948],[34.17328060300002,-0.004635802999871],[34.170720310000036,-0.007089536999956],[34.167523184000174,-0.009593227999972],[34.16431339600018,-0.010023015999934],[34.16049418000017,-0.006408690999933],[34.157326017000116,-0.001966592999906],[34.156404708000025,0.005103908000024],[34.15640156500001,0.007487598000125],[34.15495383400008,0.013591794000149],[34.151050492000024,0.015835974000026],[34.14816746200006,0.016215865000106],[34.14199290300013,0.017287874999965],[34.139571464000085,0.017925600000069],[34.13369696300009,0.018494858000111],[34.13146589900009,0.018444858000066],[34.13049194600006,0.018468076000033]]]}},{"type":"Feature","properties":{"country":"Kenya","admin_level":"Admin2","admin1":"Siaya","admin2":"Rarieda","name":"Rarieda","verified":true},"geometry":{"type":"Polygon","coordinates":[[[34.377675238000165,-0.061050570999953],[34.37486995300014,-0.060528260999888],[34.37186589900011,-0.062403936999829],[34.370332285000075,-0.06552666999994],[34.368765899000095,-0.067703936999919],[34.3671658990001,-0.068203936999907],[34.3648507100001,-0.071964686999877],[34.36256589900012,-0.075003936999963],[34.357765899000185,-0.07810393699998],[34.35501589900019,-0.081553936999967],[34.352238100000136,-0.084797764999962],[34.34995622400015,-0.087706795999964],[34.345565899000064,-0.089303936999954],[34.34394965700011,-0.091899159999912],[34.34176589900005,-0.094403936999925],[34.33806451800018,-0.095330179999848],[34.33517043300009,-0.095221164999884],[34.331565899000054,-0.096403936999934],[34.32816589900011,-0.09960393699987],[34.32639894700014,-0.10266164199993],[34.32406727800003,-0.10412738499997],[34.32108490500008,-0.105206574999897],[34.31779107600016,-0.107488965999892],[34.31565831800009,-0.110399491999942],[34.31316589900018,-0.113303936999898],[34.31083945000012,-0.116856675999884],[34.309623344000045,-0.120755380999867],[34.30908513000014,-0.124507782999956],[34.307865899000035,-0.128103936999935],[34.307394252,-0.131346309999969],[34.306815899000014,-0.134753936999857],[34.3026612860001,-0.134970541999905],[34.30181525299997,-0.138091583999881],[34.30106538700011,-0.140356821999887],[34.29844799000017,-0.144173398999953],[34.29486589900017,-0.146903936999934],[34.29276589900013,-0.150603936999971],[34.294296285000144,-0.154421901999967],[34.29436669199998,-0.156387935999931],[34.292903298000056,-0.160237755999958],[34.29089190700017,-0.162916420999977],[34.28956589900008,-0.165703936999876],[34.28798132400016,-0.168268438999974],[34.28696589900005,-0.172303936999924],[34.28616589900014,-0.177503936999926],[34.283558597000024,-0.179698662999954],[34.282380100000125,-0.182509853999875],[34.28174946100012,-0.184197771999891],[34.28057250800015,-0.187308371999961],[34.28056589900007,-0.190303936999953],[34.27833330800013,-0.193656691999877],[34.276765899000054,-0.197303936999958],[34.2750264660001,-0.201974831999962],[34.27345052300018,-0.203377522999915],[34.27136589899999,-0.206703936999929],[34.26914482400019,-0.208887298999912],[34.26722099800014,-0.211740185999872],[34.26621470400005,-0.213362221999887],[34.26309589900018,-0.216263936999894],[34.26045589900008,-0.217383936999852],[34.257065899000054,-0.219803936999881],[34.25297268600002,-0.223106273999917],[34.250755605000165,-0.22683775999991],[34.249330815000064,-0.228745817999879],[34.24779813599997,-0.231258569999966],[34.244837798,-0.235279347999949],[34.242165898999986,-0.271603936999952],[34.24088011800012,-0.340198372999907],[34.242165898999986,-0.343403936999948],[34.24378674600007,-0.347395597999878],[34.245265899000174,-0.351103936999948],[34.247265899000126,-0.356103936999943],[34.24813632700017,-0.35821629499992],[34.25596589900016,-0.378703936999898],[34.26106589900007,-0.39200393699997],[34.26776589900004,-0.409903936999967],[34.270665899000164,-0.415303936999862],[34.27336589900011,-0.418503936999969],[34.27566589900016,-0.420703936999814],[34.28076589900007,-0.424403936999965],[34.28616589900014,-0.426803936999931],[34.29068301,-0.42791267899986],[34.293316169000036,-0.428365557999939],[34.300365899000155,-0.428203936999978],[34.304665899000156,-0.427603936999958],[34.30775179000011,-0.42665959399983],[34.31025522300001,-0.42577591099996],[34.31606589900014,-0.423003936999976],[34.31946589900008,-0.420703936999814],[34.33286589900018,-0.409603936999929],[34.357520491000116,-0.38882269699991],[34.37586589900013,-0.373403936999864],[34.393265899000085,-0.358803936999948],[34.42186589900018,-0.33480393699989],[34.45396589900014,-0.315803936999885],[34.48036964100004,-0.290707520999945],[34.46699010600014,-0.250516835999917],[34.46185374100014,-0.233910816999924],[34.45505103100004,-0.213693151999905],[34.442175174000056,-0.17560177799993],[34.43704453099997,-0.160087535999935],[34.433055167000134,-0.148728915999925],[34.43155310200012,-0.144107526999903],[34.42885967100011,-0.135582074999888],[34.42890698000019,-0.133290012999964],[34.4283166730001,-0.130666691999977],[34.42765472400015,-0.128276964999941],[34.426857674000075,-0.125941724999905],[34.42643838400005,-0.123719985999969],[34.425932475000025,-0.121042155999874],[34.425044393000064,-0.118728046999934],[34.42402059800003,-0.116651026999932],[34.41524563300004,-0.093233106999946],[34.41576755400018,-0.091445087999887],[34.41624896600001,-0.089766140999927],[34.416319508000186,-0.087497874999883],[34.41636242400017,-0.085236209999891],[34.41631269200013,-0.083477088999928],[34.41612808400015,-0.081734486999892],[34.41593928599997,-0.079771992999952],[34.416860824000025,-0.076513777999935],[34.41673683800008,-0.074510254999893],[34.413365899000155,-0.071103936999975],[34.40696589900011,-0.06630393699993],[34.39886589900016,-0.0637039369999],[34.39056589900014,-0.062003936999929],[34.38409057500013,-0.061152357999902],[34.37921579800013,-0.061240607999935],[34.377675238000165,-0.061050570999953]]]}},{"type":"Feature","properties":{"country":"Kenya","admin_level":"Admin2","admin1":"Siaya","admin2":"Ugunja","name":"Ugunja","verified":true},"geometry":{"type":"Polygon","coordinates":[[[34.38821472,0.274965865000183],[34.38396589900009,0.277496063000058],[34.38191090100008,0.271937323000031],[34.378609316,0.271197583000117],[34.374365899,0.272096063000049],[34.369665899000154,0.275496063000162],[34.36676136699998,0.273405695000065],[34.36516589900015,0.271196063],[34.365497690000154,0.269138576000046],[34.36471643800019,0.264686371000153],[34.36128539400016,0.263925174000121],[34.35913111300016,0.263166514999966],[34.3554709980001,0.262581899000111],[34.35236589900012,0.260796063000157],[34.34866589900008,0.257496063000133],[34.34826589900018,0.255296063000173],[34.34533705300015,0.252740294000034],[34.34106837900009,0.252210140000045],[34.337760496000044,0.252372291000029],[34.33424187600008,0.252785626000048],[34.328365899000175,0.250396063000096],[34.32296589900011,0.24839606300003],[34.31763916199998,0.246879841000123],[34.3141658990001,0.245996063],[34.31086245100016,0.244804684000144],[34.306165899000064,0.243996063000111],[34.302163139000186,0.242555941000148],[34.300765899000055,0.239396063000186],[34.301273685000126,0.237485624000101],[34.30164093100012,0.233196955000096],[34.30054003400011,0.229403935000164],[34.29966027900019,0.227570388000061],[34.29732989900015,0.223804063000102],[34.29498905100007,0.221075635000091],[34.2935658990001,0.219396063000033],[34.29235230100005,0.214202462000117],[34.29129506800007,0.212081853000086],[34.288565899000105,0.20679606300007],[34.28484760400005,0.204146374000118],[34.280265899000085,0.203596063000134],[34.27706589899998,0.200596063000091],[34.274776582000015,0.198877072000073],[34.27204754900009,0.197741327000131],[34.270000331000176,0.196927199000072],[34.26532149100012,0.195154533000164],[34.26205781400017,0.195532997000043],[34.2600658990001,0.195552473000021],[34.2550658990001,0.195196063000026],[34.254865899000094,0.190096063000112],[34.25123214100017,0.187598613999967],[34.24926589900019,0.187796063000064],[34.24636031600005,0.19109966100001],[34.24499879300009,0.192232481000133],[34.24228663000014,0.194695330000059],[34.23841107700002,0.195734713000036],[34.236844765000114,0.194616384000142],[34.232848078000075,0.191324202000033],[34.23104939700005,0.190331130000118],[34.22616589900008,0.187796063000064],[34.22662589900011,0.184751063000022],[34.225349017000156,0.180585338000014],[34.22566589900009,0.17659606300009],[34.225465899000085,0.1708960630001],[34.222561522000035,0.168001024000091],[34.21946589900011,0.166896063000081],[34.21616589900009,0.161796063000168],[34.21736589900007,0.15989606300019],[34.221349283000166,0.15945140700012],[34.22464236800005,0.157630716000028],[34.2269725000001,0.155429860000027],[34.229570596000144,0.152289389000146],[34.23309066900015,0.151119375000178],[34.23588338900015,0.149849203000031],[34.24129223400013,0.15131466400004],[34.243746431000034,0.151512201000173],[34.24822845700015,0.151492660000031],[34.25622626000012,0.150595932000101],[34.262267504000135,0.149906011000098],[34.26466307300018,0.149546675000067],[34.27067840900014,0.150090756000054],[34.27732430700007,0.151492660000031],[34.2829734770001,0.155548373000158],[34.28744325700012,0.156043887000124],[34.29204007800007,0.155234750000034],[34.29608901200004,0.155645913000058],[34.299069082000074,0.155284750000078],[34.30516589900009,0.155496063000101],[34.30846953400015,0.153290277],[34.31206932700019,0.151997836000078],[34.31804056700008,0.149435579999988],[34.32322444200008,0.145672706000084],[34.328618928000026,0.145582213000125],[34.33751906800012,0.144517792999977],[34.34027099600013,0.144897461000141],[34.34527587900004,0.140502930000082],[34.35052936100004,0.139328755000179],[34.35496589900015,0.140546063000158],[34.35966589900016,0.141396063000172],[34.36446589900015,0.143896063000057],[34.36886589900007,0.145546063000154],[34.37476589900007,0.146496063000086],[34.38166589900004,0.148396063000064],[34.38596589900004,0.152796063000153],[34.39226589900011,0.151696063000088],[34.39786589900018,0.147496063],[34.40386589900015,0.144696062999969],[34.40786589900017,0.141896063000161],[34.41386589900014,0.136596063000184],[34.416465899000116,0.140996063000102],[34.41846589900007,0.147796063000158],[34.42096589900012,0.152996062999989],[34.42478981300013,0.152108307999981],[34.426859975000184,0.152992996000023],[34.42923495700006,0.15364166400002],[34.43120754700004,0.154291919000116],[34.43273477800017,0.155508410000152],[34.43419152000013,0.156661878000023],[34.43565591500004,0.158064062],[34.43723990700016,0.159962184000051],[34.43833818500008,0.161300513000185],[34.439355755000065,0.16306361900007],[34.44057133500013,0.164549337000039],[34.44121036400014,0.166369181],[34.440068030000134,0.168486295000037],[34.43846629800015,0.170541381000078],[34.4376973360001,0.172558339000147],[34.43592698000015,0.173095889000024],[34.434506461000126,0.174238463000052],[34.429754568000135,0.179362621000053],[34.42943357000007,0.18165201700009],[34.42846053400001,0.183100850000187],[34.427066888000184,0.184052892000068],[34.426008931000126,0.185875395000153],[34.42675663900019,0.188096377000022],[34.42907632800018,0.189243735000105],[34.42993452000013,0.190689365000026],[34.430667223000114,0.193125519000148],[34.431445368000084,0.195530214000087],[34.432428120000054,0.197659238000028],[34.43433288400007,0.199021699000014],[34.43510652600014,0.20081525900008],[34.43621676000015,0.201971272000094],[34.43831687400018,0.202754168000013],[34.44048945200018,0.203008405],[34.44223131600006,0.202728521000154],[34.44431307000019,0.203078340000047],[34.44662673100004,0.203623550000032],[34.44812903500019,0.2050038430001],[34.45016359600004,0.205768437000131],[34.45148540800017,0.207352054000125],[34.449844283000175,0.208005111000091],[34.44860558100015,0.210940591000167],[34.44747730600017,0.21325973800009],[34.44670361200008,0.215154639000104],[34.44566184100012,0.216576868000118],[34.443957199000124,0.217402311000114],[34.44227802500012,0.218158350000067],[34.44047221300008,0.21778402200016],[34.43896159100018,0.216927471000076],[34.43704201100013,0.216395993000162],[34.43470748100009,0.215318431000185],[34.43264400700002,0.21404229500007],[34.430565800000124,0.213417238000147],[34.42824546300011,0.212650992000022],[34.42649738700004,0.210996124000019],[34.42508393900016,0.209855651000055],[34.423756163000064,0.20822363700006],[34.42227956200003,0.206336579000038],[34.421531598000115,0.204960375000041],[34.41996266399997,0.203608669000118],[34.417596122000134,0.203171763000057],[34.41543580100017,0.201831289000154],[34.41388000300003,0.201090553000142],[34.4119014530001,0.19974191],[34.410409639000136,0.197996546000013],[34.409964817000116,0.196365009000147],[34.409066588000144,0.194159944000035],[34.408377067000174,0.192646438],[34.40723786200016,0.191348585000185],[34.40565099300005,0.188972328000148],[34.403844421000144,0.187403979000123],[34.400607861000026,0.186428110000122],[34.39811177800004,0.184822473000054],[34.39552334899997,0.183566107000047],[34.39309891200003,0.182413941000107],[34.391157851000116,0.181782805000068],[34.38994187600014,0.180778311000097],[34.38749428400013,0.179981447000102],[34.38487935300003,0.179916958000149],[34.38506804800011,0.181965173000094],[34.38599151100004,0.184046933],[34.38682725500007,0.18619819200012],[34.387647208000146,0.187989190000167],[34.388511314000084,0.190095351000082],[34.38947607900002,0.191693429000111],[34.39044915400018,0.194017400000121],[34.390864176000036,0.196113717000117],[34.39031405500009,0.198314471000117],[34.390226788000064,0.200872728000149],[34.39070030900007,0.202458622000108],[34.39122099000008,0.204013939999982],[34.39161422500018,0.206092156000182],[34.391533684000024,0.209042793000151],[34.390854433000015,0.211319919000061],[34.390494515000114,0.21336897000009],[34.39063308300018,0.215700300000037],[34.390186978000145,0.217417240000032],[34.38837769000003,0.220172114000036],[34.38749628700003,0.222047203000045],[34.38671407000004,0.22363967800004],[34.38575929400008,0.225337151000076],[34.38478990700008,0.227242534000084],[34.38394578400016,0.228891187000158],[34.38600753100013,0.229846652999981],[34.38783214199998,0.230747904000054],[34.38942458200012,0.23146423999998],[34.39115335300011,0.232230551000043],[34.39301487199998,0.23290860100002],[34.39529178000009,0.233214463000138],[34.39758110100007,0.233634404000156],[34.398035815000014,0.23607402600004],[34.39905824100009,0.238138941999978],[34.399680219,0.240075962000049],[34.398203422000165,0.242622713000173],[34.397798493000096,0.244614764000062],[34.39769886000016,0.247178443000166],[34.39767538200016,0.249411480999981],[34.39804493500009,0.25139367800017],[34.39831852300017,0.253291075],[34.39871741800005,0.255896319000101],[34.39970320600008,0.258204621000118],[34.40039382100008,0.260004037000158],[34.40076809300018,0.262335775000167],[34.39903074900013,0.263691913000116],[34.39640277600017,0.265714862999971],[34.394295623000176,0.267633434],[34.39219702600019,0.269379382000068],[34.38986879700019,0.271548991999964],[34.389083376000144,0.273038810000173],[34.38821472,0.274965865000183]]]}},{"type":"Feature","properties":{"country":"Kenya","admin_level":"Admin1","admin1":"Vihiga","admin2":"","name":"Vihiga","verified":true},"geometry":{"type":"Polygon","coordinates":[[[34.89632358200009,0.206185624999989],[34.89610598700011,0.207678529000077],[34.89434466300008,0.208140156000184],[34.892644006000126,0.208254415000113],[34.89122557900009,0.206611529000043],[34.88946901200018,0.205968053000106],[34.887742599000035,0.206257249999965],[34.887039612000024,0.20435302900006],[34.88507308700014,0.203081563000012],[34.886344762000135,0.202019835000101],[34.88700737600004,0.200675495999974],[34.88615894399999,0.199191829000085],[34.88432226700019,0.198495478000098],[34.88269970000016,0.199567007000041],[34.88078496500009,0.199308818000077],[34.87873950000005,0.199796418000062],[34.87744753800007,0.199540931000172],[34.875820846000124,0.20106313000008],[34.87363129400018,0.201189186000022],[34.87181779000019,0.200825212000098],[34.87126808700009,0.19920992200008],[34.871360711000136,0.197084744000051],[34.869914,0.196311455000114],[34.86759816600011,0.19610105300012],[34.866050579000046,0.197067652000101],[34.86468638100018,0.198022061000074],[34.86285267900013,0.199003856000047],[34.86141039900019,0.200102644000026],[34.86028336300018,0.198019560000148],[34.86009658000012,0.196228249000171],[34.85955700700015,0.194476310000084],[34.858829405000165,0.193168890000095],[34.85701499000004,0.193590959000119],[34.855420965000064,0.193370981000044],[34.85424586100015,0.19211068300018],[34.85245352600009,0.190891447000013],[34.851960600000154,0.189098750000142],[34.85272822600007,0.187323142000082],[34.851258164000114,0.185621325000056],[34.84908799100009,0.185714090000033],[34.84713091800006,0.185084147000055],[34.845971278000036,0.183606235000127],[34.84399237000008,0.183455555000137],[34.84333239500012,0.185119302000032],[34.841635306000114,0.185690199000078],[34.839960795000025,0.185223193000184],[34.83849450000008,0.185940674000108],[34.83678940800007,0.185242526000081],[34.83469284700004,0.184912313000041],[34.83282145600003,0.185056134000092],[34.83074990500012,0.185460513000066],[34.828803129000164,0.186482308000166],[34.82684269500015,0.186465631000146],[34.82545574000005,0.187850015000095],[34.82361820400007,0.187470824000059],[34.82146357200014,0.187239737000027],[34.819424502000174,0.186995429000092],[34.81699584800015,0.186827349000055],[34.81534791500013,0.185955683000032],[34.813676064000106,0.18481429000002],[34.81128838300015,0.18454943100005],[34.81150233400018,0.183200763000173],[34.81309927700005,0.181897059000107],[34.813820300000145,0.180306088],[34.81511275300005,0.17814258500016],[34.81550394100009,0.175108830000056],[34.81554868300003,0.173251326000013],[34.81497895900014,0.171106998000084],[34.815276277000066,0.16878395700013],[34.815401904000055,0.165407821000031],[34.81606104500014,0.163069850000113],[34.81656505,0.160630853000043],[34.817247071000054,0.158818961000065],[34.81705072700015,0.156072355000163],[34.81643478899997,0.154266405000101],[34.81450242800008,0.153699517000121],[34.81287171100007,0.153263525000114],[34.81024173800017,0.153521931000171],[34.80822602900008,0.154844808000121],[34.807095551000145,0.15646064200007],[34.80683792100018,0.15883446800018],[34.806281971000146,0.160425375999978],[34.80499159600009,0.161864057000116],[34.80378589000014,0.162851565000096],[34.801538986000025,0.162428051000063],[34.79985606400004,0.16240319000002],[34.798078353000164,0.163305199000149],[34.79581125800007,0.162891981000087],[34.79499931900011,0.160747037000078],[34.7936885740001,0.159144474000072],[34.79173585199999,0.158405210000183],[34.790221649000046,0.157592539000177],[34.7883064720001,0.158358322000026],[34.7881830070001,0.159919620999972],[34.78588936400013,0.15988188200015],[34.784277939000106,0.159177335000038],[34.78254310900013,0.157940286000098],[34.78133218800019,0.156103738000184],[34.7810264040001,0.15407499600002],[34.77981350700003,0.152375938000091],[34.77833026200017,0.150987278000173],[34.77691205600007,0.149593472000106],[34.77482311500012,0.149589780000156],[34.773309108000035,0.151308436000079],[34.77111345600008,0.152653024000131],[34.76949702600007,0.153054349],[34.76816283200003,0.151635438000142],[34.76661217600014,0.151007419000109],[34.76582722300009,0.149933242000145],[34.766199605,0.148242565000146],[34.76676772900015,0.146734517000084],[34.76572590800015,0.144710911000175],[34.76451380800006,0.143137984000134],[34.76354327000007,0.14175896800009],[34.76256390400005,0.140242614000044],[34.76039993200004,0.139105763000032],[34.758260384000096,0.139207140000167],[34.75642417200004,0.140036987000144],[34.75510175200009,0.141066501000068],[34.75341496100003,0.140040431999978],[34.75145313900009,0.139464795000038],[34.74925064900009,0.139735923000103],[34.74679347100016,0.139673603000119],[34.74416628100005,0.140125594000096],[34.74211298300014,0.14137915200007],[34.74010846300001,0.142867576000128],[34.73808878200015,0.142962579000084],[34.736801868999976,0.144839079000121],[34.738144777000116,0.146168669000133],[34.73759277000016,0.147816435999971],[34.73756659000014,0.149831406000089],[34.73551264600019,0.149031596000157],[34.7340826950001,0.148129444000119],[34.73218251000014,0.146776714000111],[34.73014422700015,0.146236729000123],[34.72825317300004,0.144980342000167],[34.72646548400019,0.145123825000042],[34.724688209000135,0.143844070000114],[34.723735543000146,0.142082902000027],[34.721695319000105,0.141858626000158],[34.72001866800019,0.142621348000034],[34.71788228100007,0.143670081000039],[34.71600977000014,0.142817452999964],[34.71416182600018,0.141836259000172],[34.71258324800016,0.140961331000085],[34.710145440000076,0.139678799000023],[34.708152135000034,0.139733964000015],[34.70579111400019,0.140206111000111],[34.70356184200011,0.139600652000183],[34.70450686200019,0.137256439000112],[34.70479257900007,0.135094367000136],[34.70481888100011,0.133313867000027],[34.703774754000165,0.1320104240001],[34.701833466000096,0.132756896000046],[34.70008639200017,0.133389868000052],[34.69839553100013,0.133257563000029],[34.696291518000066,0.133397547000072],[34.69428888700003,0.133856485000024],[34.69296075400018,0.132466730000033],[34.691821793000145,0.130878518999964],[34.69019749600017,0.128684681000038],[34.68893690500005,0.126981419000117],[34.68736685100015,0.125358546000029],[34.685714660000144,0.12479571300014],[34.68348779200011,0.124489940000103],[34.68143148200011,0.12473416600011],[34.68031226000005,0.126136836000171],[34.679448544000024,0.127655945000186],[34.678306335000116,0.129778531999989],[34.6767682040001,0.130479703000049],[34.67457620900018,0.129869099000132],[34.67272428500007,0.129201880999972],[34.670502393000106,0.128526228000112],[34.66782867000012,0.128303796000012],[34.66580531700015,0.128329105999967],[34.66415783700006,0.126839852000046],[34.66241221600012,0.126663620000045],[34.66023445800005,0.126902520000101],[34.658369508000135,0.127329919000033],[34.65618599100003,0.127443632000109],[34.65427325800016,0.127509662000023],[34.65184754600017,0.127616011000043],[34.64981091200002,0.127872089000107],[34.64768845100019,0.128086796],[34.64519571800008,0.128341511000031],[34.64289901500007,0.128332936000106],[34.64059552700007,0.127955023000027],[34.63815227500004,0.128506192000089],[34.635899113000164,0.128920308000033],[34.63375494500019,0.128823157999989],[34.63190669000011,0.128738422000083],[34.62976099600007,0.128317188999972],[34.62760919300007,0.127655157999982],[34.62558441400017,0.127158413000018],[34.62277036100011,0.12660014100004],[34.62078596600014,0.126487119000103],[34.617995038000174,0.125837046000015],[34.615157974000056,0.124788731000081],[34.6132253450001,0.124211540000033],[34.610790716000054,0.123400984000114],[34.60810145800008,0.122483083000077],[34.606087280000054,0.121904418000099],[34.60391710900018,0.121622857000148],[34.60187771100004,0.121514752000166],[34.60030826700017,0.120736535000162],[34.59864472100003,0.119577213000184],[34.597346674,0.118523146000086],[34.595268566000186,0.117180852000047],[34.59327005300014,0.11665422100009],[34.59107981700009,0.116259528],[34.58926011100016,0.115986044000124],[34.58759807100017,0.115776027999971],[34.58584573700011,0.114934394000159],[34.5853745120001,0.112688039000034],[34.585308168000154,0.110824923000052],[34.58479261100018,0.10860001500015],[34.58541300400009,0.1063609200001],[34.586104528000135,0.104615235000153],[34.58443377800006,0.104785994000167],[34.58232415800012,0.103902188000063],[34.58100234600005,0.103092054000172],[34.57890983800007,0.102983690000087],[34.57740858200003,0.102142853000032],[34.576568402000134,0.100310888000081],[34.5757216560001,0.098392321000063],[34.574115146000054,0.098943064000082],[34.573345363000044,0.09720730000015],[34.571274581000125,0.096225418000074],[34.57006126100009,0.097285267000132],[34.56822460400008,0.098269896000147],[34.56623732800011,0.098300399999971],[34.56397636800011,0.097493990999965],[34.56175279200016,0.0967110200001],[34.56030728000013,0.095050826999966],[34.55944358800008,0.093714659999989],[34.55846594600018,0.092343318000019],[34.55657538400004,0.091259924000099],[34.554802781000035,0.090054369000086],[34.55433324100011,0.087660874000051],[34.555357756000035,0.085468532],[34.55672784700016,0.08297685000008],[34.55703201000017,0.081026333000068],[34.55742065700008,0.079014980000181],[34.557649624000135,0.076861959000155],[34.55833498599998,0.074866286000145],[34.558632436000096,0.072485971999981],[34.55855310100003,0.066454063000151],[34.55830823300016,0.063317783000173],[34.55781367500009,0.060904024000024],[34.55717753000016,0.058474910000143],[34.55713608400009,0.056354842000076],[34.55784847000007,0.053744460000075],[34.55871503300011,0.052012759000036],[34.559387423000146,0.04995918000003],[34.55989574400019,0.048020520000023],[34.55759748600008,0.048332727000059],[34.55495449100016,0.04700547200008],[34.55371590500016,0.045294757000022],[34.552710283000124,0.043263810000099],[34.55221777700001,0.04161025600007],[34.552846595000176,0.039652762000117],[34.55240991500011,0.037610254000072],[34.55113601400012,0.035844774000168],[34.549466055000096,0.035326366000106],[34.54932785099999,0.032608277000179],[34.54938134800011,0.029824205000011],[34.54969265100016,0.026928883000096],[34.549876794000056,0.024898083000096],[34.548853806000125,0.023304505000056],[34.54826680200006,0.021082990000025],[34.54753396100011,0.01840358200019],[34.54593410500007,0.01684589600012],[34.54403113100017,0.016076539000096],[34.54315141800009,0.014455680000026],[34.54389461900007,0.01047638700004],[34.54229153,0.009152544000187],[34.54028855700011,0.007906018000085],[34.538209745000074,0.007008009000117],[34.536167585000044,0.006237228000032],[34.534383474000094,0.005343717000073],[34.53400062100013,0.004057359000058],[34.535504422000145,0.002637278000066],[34.536710438000114,0.001449029000071],[34.53895173100017,0.000594040000124],[34.54133898900017,-0.000961876999952],[34.541831292000154,-0.0026523169999],[34.54114154500019,-0.004408940999951],[34.53952579700007,-0.005803402999959],[34.53763635600012,-0.007869375999917],[34.536138295000114,-0.009411711999974],[34.535478304000094,-0.011346942999978],[34.53364425600006,-0.013220261999891],[34.53405766700007,-0.014625118999959],[34.53583878300003,-0.015976095999918],[34.53927629800012,-0.017285755999922],[34.541792791000034,-0.017582197999957],[34.54404209800009,-0.019090411999912],[34.547676650000085,-0.021849523999947],[34.54948617800005,-0.02121975499989],[34.551301539000065,-0.02096677399993],[34.55334257300018,-0.01866467799988],[34.56304149800002,-0.017353420999939],[34.56111600600008,-0.020512098999973],[34.56401072200009,-0.023200274999908],[34.56385767900014,-0.026357085999962],[34.562411817000054,-0.027790681999932],[34.56053491600011,-0.029320764999966],[34.56124016800004,-0.03207782699991],[34.56082797900012,-0.033672503999981],[34.56265849400012,-0.036289221999937],[34.56467205100006,-0.039233060999948],[34.56616727700009,-0.03930786199993],[34.56852342100018,-0.038432603999979],[34.57030180000015,-0.036317763999875],[34.5730149420001,-0.0368116759999],[34.58303722199997,-0.031297724999945],[34.58299091500015,-0.024279773999979],[34.58599351300006,-0.019675649999954],[34.58882505300005,-0.01109635499995],[34.58999861400008,-0.00677679599994],[34.59015020000004,-0.000571770999898],[34.591157912000085,0.004261691000067],[34.59854347100003,0.010476230000108],[34.60247649700017,0.01334371400003],[34.60437863800007,0.011288974000024],[34.606030894000185,0.009097687000178],[34.61016053000009,0.004926603000058],[34.61171534800013,0.005596302000129],[34.61352933100005,0.004816325000149],[34.61243169200009,0.002323237000098],[34.61440964600013,0.00225043],[34.61654613600018,0.002320118000114],[34.61894596000013,0.002390269000159],[34.6207153310001,0.002848787000062],[34.62261192900013,0.003351447000114],[34.62452439900011,0.004181200000062],[34.626542095000104,0.004868150999982],[34.628781036000134,0.004193956000051],[34.630869357000165,0.003845924000075],[34.633044132000066,0.00213278800004],[34.63543558900017,0.002332889],[34.63739483100011,0.001857037999969],[34.63918030400009,-0.000119766999887],[34.64103903400007,-0.00109457699989],[34.642643563000036,-0.001455195999881],[34.649348884000176,-0.003876361999914],[34.65103087900019,-0.004865147999965],[34.652947549000146,-0.004983503999881],[34.67134640100011,-0.013436353999907],[34.68092326300007,-0.011015675999829],[34.68614916500013,-0.009651521999956],[34.6884748920001,-0.008972509999978],[34.69046695500015,-0.010242663999975],[34.69193411300006,-0.010962886999891],[34.693258667,-0.013040304999947],[34.69275544500016,-0.015470001999972],[34.69153677500003,-0.017451975999904],[34.69000791700017,-0.019106304999923],[34.68894094299998,-0.020588827999916],[34.68810977900017,-0.022380471999952],[34.688774706000174,-0.023656365999898],[34.69080467500004,-0.022130078999908],[34.69319657300002,-0.020230070999901],[34.69465772300015,-0.018585610999935],[34.69696427800011,-0.017732525999918],[34.69875438499997,-0.018463096999881],[34.70048195200019,-0.018697146999898],[34.702275,-0.018854818999898],[34.70570029400017,-0.018985503999943],[34.70761088900002,-0.01943251099982],[34.70966474800008,-0.018697110999881],[34.71118582100007,-0.015949780999961],[34.71253899300012,-0.013658175999979],[34.71408532800007,-0.012043089999906],[34.71449375800012,-0.010070807999966],[34.71505474200018,-0.008243068999946],[34.71635557500008,-0.007371205999902],[34.717637354000146,-0.006373432999965],[34.719735316000026,-0.006014473999926],[34.721717014000035,-0.005152259999875],[34.724028284000156,-0.004157260999818],[34.72664912200008,-0.00437806799988],[34.72845112400017,-0.006352799999945],[34.73048512600002,-0.008604329999969],[34.73214279300015,-0.010744913999872],[34.73453374600018,-0.015227451999976],[34.73722224200003,-0.019563754999922],[34.73828189100004,-0.021063310999921],[34.73970781600019,-0.023329210999918],[34.74122603600006,-0.021756705999906],[34.74427468700014,-0.021878297999933],[34.747931927000025,-0.02056616099992],[34.749520467000025,-0.018959644999939],[34.74861530800018,-0.01679172099989],[34.74693741700003,-0.015727565999953],[34.74475873500006,-0.015975060999835],[34.744620615000144,-0.013629445999925],[34.74457199200015,-0.011703052999962],[34.744235166000124,-0.009573305999936],[34.74335394000008,-0.007495491999975],[34.74212707000015,-0.005281153999817],[34.74104518600018,-0.003338564999922],[34.740035562000116,-0.001209099999869],[34.7397229070001,0.001151609000146],[34.74010971600006,0.002906084000074],[34.74110328500012,0.004978614000152],[34.74293322600005,0.005590945000108],[34.74486752000007,0.00544810800011],[34.746963792000145,0.005030830000067],[34.749385911000104,0.007244892000074],[34.751449385000114,0.008196446000113],[34.75295528600009,0.00948809300013],[34.75410159000006,0.011018383000135],[34.75585294700011,0.01077355000001],[34.75843293500009,0.01026503900016],[34.75981160700013,0.008656064000149],[34.75989486599997,0.006504729000028],[34.75975287500006,0.004499404000114],[34.761069948000056,0.002939217000062],[34.761498557000095,0.000583012000106],[34.76379995100007,-0.000112141999978],[34.76491656200017,0.001250996000124],[34.76754986900016,0.001985308000144],[34.76930811500017,0.002305016000093],[34.77042607700014,0.002754069000048],[34.7722418350001,0.004574142000081],[34.77411407900007,0.00562431100002],[34.77561745000003,0.006286984000042],[34.777250971000115,0.007150966000154],[34.77863716300004,0.008127215000172],[34.77983306300007,0.00984045000007],[34.78065947300007,0.011870146000149],[34.78239765100017,0.013247780000086],[34.78510739800009,0.014301902999989],[34.78653505300019,0.014676345999987],[34.787807488000055,0.016298257000187],[34.78966306100017,0.018184890000043],[34.789763945000175,0.019940945000144],[34.79209368700003,0.021392039000091],[34.79427688400011,0.022612568999989],[34.796153557000025,0.02342281500006],[34.79812647800014,0.023914759000093],[34.79847866600011,0.025816721000069],[34.800416832999986,0.024952855000038],[34.80262628800011,0.023270516000025],[34.80462029100016,0.022392283999977],[34.806498595000164,0.023152324000023],[34.80882082400018,0.023575343000118],[34.809966662000136,0.0250505570001],[34.80848437700013,0.027665048000188],[34.80931249800017,0.029370463000134],[34.81056093500018,0.030415890000029],[34.81278522700018,0.031502418000059],[34.814649328000144,0.032592741000144],[34.817102901000055,0.03416702800007],[34.819350340000085,0.034772138000051],[34.82153429600015,0.035093181999969],[34.82348871300013,0.034395479000068],[34.82458451600007,0.033223302000181],[34.8253532760001,0.03174830100005],[34.827819626000064,0.031253557000184],[34.82973689500017,0.031531264000137],[34.83189429900017,0.031435275000092],[34.833864294000136,0.032312236000109],[34.836108404000015,0.032590450000043],[34.837164293000114,0.033987671000091],[34.838045596000086,0.035749912000142],[34.838263804,0.03758418000001],[34.838511628000106,0.039322338000147],[34.83893815300013,0.042699228000117],[34.83946959400015,0.046106685000041],[34.840239490000044,0.047921170000166],[34.84167026300008,0.050056092999966],[34.84312179300008,0.052118610000036],[34.844526319000124,0.054044392000037],[34.846364220000055,0.056606876000103],[34.847444676000066,0.05811318300016],[34.84868974200009,0.059758711000029],[34.84911942100018,0.061543341000117],[34.84815175800014,0.062943432000054],[34.84717461500003,0.064455124000062],[34.84754274900013,0.066342144000032],[34.84838985600015,0.068865920000121],[34.84886972200002,0.07069135900008],[34.850345090000076,0.071939813000029],[34.85186289500018,0.073122195000167],[34.85331082500005,0.074616105000132],[34.853715311000144,0.07615429000009],[34.85456684000013,0.07801227300007],[34.85529467800018,0.080273055000077],[34.85712698000009,0.081010129000163],[34.85862486100012,0.081986100000165],[34.859633386000155,0.084107367000115],[34.85921418300018,0.086545669000031],[34.85853620700004,0.088471930000026],[34.85801935400019,0.090359847000173],[34.85772085000019,0.092010784000081],[34.85750599900007,0.093862374000139],[34.85733331900019,0.096021590000078],[34.858275298000024,0.098533149000161],[34.85897453000018,0.101002215000165],[34.859062772000186,0.103132555000059],[34.859027895000054,0.1051167010001],[34.857531080000115,0.107286669000018],[34.85691673100018,0.109529136000049],[34.85719740800005,0.111506877000181],[34.85747768300001,0.113617239000178],[34.858191832000045,0.11652773000003],[34.858752754000136,0.1187059720001],[34.85923132099998,0.120724249000034],[34.860763225000085,0.122289089],[34.86310179700013,0.123303507000116],[34.86575192700002,0.125431818999971],[34.86816816600003,0.12796492300015],[34.8701980300001,0.130830921000154],[34.87129583600017,0.132377138000095],[34.87256867400015,0.133534616000134],[34.87455262300011,0.134911618],[34.87700874799998,0.136283664000189],[34.8804553600001,0.137756228000171],[34.88217694200006,0.139422590000038],[34.88244233200015,0.141323489],[34.882805267000094,0.143189181000025],[34.884325669000134,0.144784389],[34.886944186000164,0.146332517000019],[34.88887787300018,0.147404644],[34.89107150600006,0.148586809000051],[34.893109816000106,0.149662854000155],[34.89586547000005,0.150544719000038],[34.89794860800009,0.151315122000085],[34.89983392500005,0.152692507000097],[34.901486924000096,0.153828130000022],[34.90367971500007,0.154037153000161],[34.90589240000014,0.154303171000151],[34.90864576800004,0.154781380000031],[34.91130347000018,0.155430402999968],[34.91320053400011,0.156089305000137],[34.91457332800019,0.157234056999982],[34.915929737000056,0.159472026000174],[34.91670075400003,0.161773056000129],[34.917457566999985,0.163819279000052],[34.91845115300015,0.165619298000024],[34.91961330800012,0.167853407000052],[34.92032253500008,0.170245349000083],[34.918451506999986,0.171037151000064],[34.91678516400009,0.172915585000055],[34.91634369400015,0.174307313999975],[34.91736367400017,0.176033597000128],[34.91862505100016,0.178437939999981],[34.91960868100017,0.180146183000033],[34.92046823400017,0.182599746999983],[34.92142446900016,0.185746576000042],[34.92216047900013,0.188094268000157],[34.92298278000004,0.190705324000021],[34.92427694100007,0.194798429000173],[34.92512508900006,0.197358290000125],[34.925667599,0.200349541000094],[34.92302145800005,0.200430759000085],[34.92106955700007,0.200889274000076],[34.918272058000184,0.2012803020001],[34.91626999100015,0.200199620000035],[34.914332793000085,0.19922078400009],[34.912336723000124,0.199069825000095],[34.91162869600009,0.197319650000168],[34.91024019100007,0.196686989000113],[34.908299217000035,0.195838751999986],[34.906832593,0.197588369000073],[34.90514943900018,0.196915643000011],[34.90330140300006,0.197577450000153],[34.90235160200007,0.19938553500009],[34.90102084600011,0.200576012000113],[34.89961834800005,0.202067722000095],[34.899140261000184,0.204015541000047],[34.89703073599998,0.204987552999967],[34.89632358200009,0.206185624999989]]]}},{"type":"Feature","properties":{"country":"Kenya","admin_level":"Admin2","admin1":"Vihiga","admin2":"Emuhaya","name":"Emuhaya","verified":true},"geometry":{"type":"Polygon","coordinates":[[[34.68031226000005,0.126136836000171],[34.679448544000024,0.127655945000186],[34.678306335000116,0.129778531999989],[34.6767682040001,0.130479703000049],[34.67457620900018,0.129869099000132],[34.67272428500007,0.129201880999972],[34.670502393000106,0.128526228000112],[34.66782867000012,0.128303796000012],[34.66580531700015,0.128329105999967],[34.66415783700006,0.126839852000046],[34.66241221600012,0.126663620000045],[34.66023445800005,0.126902520000101],[34.658369508000135,0.127329919000033],[34.65618599100003,0.127443632000109],[34.65427325800016,0.127509662000023],[34.65184754600017,0.127616011000043],[34.64981091200002,0.127872089000107],[34.64768845100019,0.128086796],[34.64519571800008,0.128341511000031],[34.64289901500007,0.128332936000106],[34.64059552700007,0.127955023000027],[34.63815227500004,0.128506192000089],[34.635899113000164,0.128920308000033],[34.63375494500019,0.128823157999989],[34.63190669000011,0.128738422000083],[34.62976099600007,0.128317188999972],[34.62760919300007,0.127655157999982],[34.62558441400017,0.127158413000018],[34.62277036100011,0.12660014100004],[34.62078596600014,0.126487119000103],[34.617995038000174,0.125837046000015],[34.615157974000056,0.124788731000081],[34.6132253450001,0.124211540000033],[34.610790716000054,0.123400984000114],[34.60810145800008,0.122483083000077],[34.606087280000054,0.121904418000099],[34.60391710900018,0.121622857000148],[34.60187771100004,0.121514752000166],[34.60030826700017,0.120736535000162],[34.59864472100003,0.119577213000184],[34.597346674,0.118523146000086],[34.595268566000186,0.117180852000047],[34.59327005300014,0.11665422100009],[34.59107981700009,0.116259528],[34.58926011100016,0.115986044000124],[34.58759807100017,0.115776027999971],[34.58584573700011,0.114934394000159],[34.5853745120001,0.112688039000034],[34.585308168000154,0.110824923000052],[34.58479261100018,0.10860001500015],[34.58541300400009,0.1063609200001],[34.586104528000135,0.104615235000153],[34.58443377800006,0.104785994000167],[34.58232415800012,0.103902188000063],[34.58100234600005,0.103092054000172],[34.57890983800007,0.102983690000087],[34.57740858200003,0.102142853000032],[34.576568402000134,0.100310888000081],[34.5757216560001,0.098392321000063],[34.574115146000054,0.098943064000082],[34.573345363000044,0.09720730000015],[34.571274581000125,0.096225418000074],[34.57006126100009,0.097285267000132],[34.56822460400008,0.098269896000147],[34.56623732800011,0.098300399999971],[34.56397636800011,0.097493990999965],[34.56175279200016,0.0967110200001],[34.56030728000013,0.095050826999966],[34.55944358800008,0.093714659999989],[34.55846594600018,0.092343318000019],[34.55657538400004,0.091259924000099],[34.554802781000035,0.090054369000086],[34.55433324100011,0.087660874000051],[34.555357756000035,0.085468532],[34.55672784700016,0.08297685000008],[34.55703201000017,0.081026333000068],[34.55742065700008,0.079014980000181],[34.557649624000135,0.076861959000155],[34.55833498599998,0.074866286000145],[34.558632436000096,0.072485971999981],[34.55855310100003,0.066454063000151],[34.55830823300016,0.063317783000173],[34.55781367500009,0.060904024000024],[34.55717753000016,0.058474910000143],[34.55713608400009,0.056354842000076],[34.55784847000007,0.053744460000075],[34.55871503300011,0.052012759000036],[34.559387423000146,0.04995918000003],[34.55989574400019,0.048020520000023],[34.56220626800001,0.045720313000061],[34.56432342500017,0.043795809000187],[34.56592941300016,0.042128000000105],[34.56740188600003,0.04052418800012],[34.56985092200017,0.039043125000035],[34.57292175300012,0.037124187000074],[34.57636261000016,0.035020873000121],[34.57952880900007,0.03295444000014],[34.583817482000086,0.029486811000027],[34.58455276500007,0.03136124800011],[34.58560180700016,0.033097561000147],[34.58667373700007,0.034654405000026],[34.58756510400019,0.036215416000118],[34.58657201100016,0.038329650000094],[34.58560975400002,0.040201467000145],[34.58508396100012,0.042065718000117],[34.58646564500009,0.044014652000044],[34.58896560700015,0.043752437000137],[34.5917417660001,0.04395077700002],[34.59437912400017,0.043728355000098],[34.59621656000013,0.043765804000088],[34.59824272900016,0.043595218000178],[34.60060796600004,0.042122174000156],[34.602245982,0.042779171000063],[34.601751160000106,0.045102730000053],[34.601344729000175,0.047535943000184],[34.60172681100016,0.049819830000047],[34.601760224000145,0.051888137000049],[34.603057816000046,0.05162133400006],[34.60418690000006,0.049883729000101],[34.605649250000056,0.048726506000037],[34.60691518300007,0.047593888000108],[34.60773277200013,0.045810515000085],[34.60912321899997,0.046556878000104],[34.61125364900005,0.047490240000059],[34.613038792000054,0.048037135000072],[34.614900462000094,0.049415379999971],[34.61373373900011,0.050699024000153],[34.61357415700019,0.052755625000032],[34.614307239000084,0.055400182000085],[34.61385781000013,0.057526796000047],[34.61523416700004,0.060065738000162],[34.61404658500004,0.061752148000039],[34.61401206400012,0.063242995000053],[34.61603382200008,0.06427439600003],[34.617442711000024,0.06611661200003],[34.61872281400014,0.067113189000167],[34.62035025100005,0.067035544000021],[34.62178566299997,0.067644766000171],[34.62352775800014,0.068362231000094],[34.62618651400004,0.069560484000078],[34.628617879000046,0.070297362000076],[34.63110416100005,0.070802300000139],[34.632904514000074,0.071194344000048],[34.63517886000017,0.071906354000021],[34.636954607000064,0.072922819000155],[34.638784506000036,0.073914526000067],[34.64106290000012,0.074774325000078],[34.64189790700016,0.073856809000176],[34.64217004000005,0.071923059000028],[34.64292225000008,0.070465375000026],[34.64459171700014,0.07106623300001],[34.64604502000003,0.071557440999982],[34.64735650800003,0.072924668000041],[34.64952450800013,0.071928752000076],[34.65087303700011,0.072799627999984],[34.651397110000175,0.07480334700017],[34.65306239900002,0.076328929000056],[34.655009298000095,0.075722908000103],[34.656891416000065,0.07530854700002],[34.65918307700019,0.075462759000175],[34.660613567999974,0.077268997000033],[34.66299638900006,0.077225495],[34.664697403000105,0.07702757800007],[34.66613299700009,0.077821412000048],[34.667943656000034,0.078669895000132],[34.67008610600004,0.080481684000063],[34.671841616000165,0.081208896000021],[34.673236915000075,0.082886302000077],[34.67386681800019,0.084852727000111],[34.6746853680001,0.086682920000101],[34.675333353000156,0.089037941000015],[34.675854685000104,0.090602131000139],[34.676855145000104,0.092294934000108],[34.6769696880001,0.094089160000067],[34.67742756900003,0.096190669000123],[34.677585105000105,0.098287022000136],[34.67674443800007,0.099967347000188],[34.6751098630001,0.101684570000032],[34.67370605500014,0.103485107000097],[34.67370605500014,0.104675293000128],[34.67608642599998,0.106323241999974],[34.677490234000174,0.107482909999987],[34.67828369100016,0.109985352000137],[34.67852783200004,0.1121215820001],[34.67907714800003,0.114074707000157],[34.67968750000006,0.116271973000096],[34.6799926760001,0.118225098000096],[34.67907714800003,0.120910644999981],[34.678710937000176,0.124084473000039],[34.67968750000006,0.125122070000032],[34.68031226000005,0.126136836000171]]]}},{"type":"Feature","properties":{"country":"Kenya","admin_level":"Admin2","admin1":"Vihiga","admin2":"Luanda","name":"Luanda","verified":true},"geometry":{"type":"Polygon","coordinates":[[[34.61243169200009,0.002323237000098],[34.61440964600013,0.00225043],[34.61654613600018,0.002320118000114],[34.61894596000013,0.002390269000159],[34.6207153310001,0.002848787000062],[34.62261192900013,0.003351447000114],[34.62452439900011,0.004181200000062],[34.626715245000184,0.006770330000109],[34.628596199000015,0.008869253000114],[34.63025580000016,0.010504498000159],[34.633086268,0.011968797000065],[34.635649700000045,0.013262302000044],[34.63916287100017,0.014677751000022],[34.642241330000104,0.016405794000093],[34.64483950700003,0.019107407000092],[34.647903344000156,0.022975823000024],[34.650946441000144,0.027648657000157],[34.65276489100012,0.03119192000014],[34.65510420000015,0.035545413000023],[34.65919487800005,0.042314845000021],[34.662294794,0.049526609000054],[34.66116626500019,0.051418590000026],[34.66047031800002,0.053049822000162],[34.659882881000044,0.054650435000156],[34.66201486800014,0.055089856],[34.663864411000134,0.055763882000178],[34.664089053000055,0.057675747000189],[34.66412474500015,0.059714550000024],[34.66425597200009,0.061666878000096],[34.66542371200006,0.063232102000086],[34.66576174800019,0.064893362000078],[34.66822198000017,0.0657479300001],[34.670657191000146,0.066497995000077],[34.67253036100004,0.066781448000143],[34.67371519000011,0.06868271899998],[34.673754917999986,0.070825405000164],[34.67330839900012,0.073123274000125],[34.673185027000045,0.075098995000076],[34.67395038000018,0.077237338000032],[34.67323398900015,0.079443621000053],[34.672810925000135,0.081744428000093],[34.67104713800012,0.081177224000044],[34.669044161000045,0.079169265000075],[34.66707968400016,0.078377563000117],[34.66547178000013,0.077439736999963],[34.66390410200012,0.077109065000172],[34.66187130400016,0.077435055000137],[34.65991305900002,0.076221980000014],[34.658090836000156,0.074961323000082],[34.65580640000013,0.075594865000085],[34.65408256800015,0.076015213000062],[34.65182269100012,0.075860011000032],[34.65109936400006,0.073962947000098],[34.650730702000146,0.071394363000024],[34.64851683400008,0.072580477000088],[34.646419021000156,0.072312624000062],[34.64541936100005,0.071041811000157],[34.64387646200004,0.070668344000069],[34.64230711600004,0.07114348500005],[34.641903373000105,0.072995032],[34.641785750000054,0.075065711000036],[34.63999389500003,0.074176555000179],[34.63760886500006,0.073418086],[34.63628168300016,0.072183526],[34.634239028000025,0.071427573000108],[34.63207587000011,0.071059112000057],[34.629854041000044,0.070596600000158],[34.6274115810001,0.069956975000082],[34.62498489000012,0.06890398500002],[34.62249979000018,0.068096646000072],[34.621156951000046,0.067121531000112],[34.61950550300014,0.067260479000083],[34.61794996700007,0.066712364000125],[34.61669200200015,0.065128998000034],[34.61520369800013,0.063649599000087],[34.613217466000094,0.06262327100012],[34.61481799100011,0.060717037000131],[34.61429685200005,0.058963451000125],[34.614135944000054,0.056537643000183],[34.61407424500004,0.054262867000091],[34.61387901000012,0.051836717000072],[34.61431705700005,0.049911354000187],[34.61438913200004,0.04858405300007],[34.6119251180001,0.048146585999973],[34.61018086800004,0.047235031000184],[34.60845353600007,0.04549215100019],[34.60703503900004,0.046621411],[34.60634329600009,0.04834192900006],[34.60477534200004,0.049225101000161],[34.60361878100019,0.050480577000087],[34.602314959000125,0.052463050000085],[34.60201698300017,0.050846031000162],[34.60144741000005,0.048675724000077],[34.60173584000012,0.046497445000057],[34.60218654100015,0.043832863000034],[34.60229278800017,0.041987441000117],[34.59923226700016,0.042881214999966],[34.59735532100012,0.043582431000118],[34.595273455000154,0.043501940000112],[34.593039552000164,0.044124493000027],[34.59032894000006,0.043692628000088],[34.58782037100008,0.044026611999982],[34.58551963200006,0.043083145000026],[34.58514328000018,0.041237636000176],[34.58628082300004,0.039257374000101],[34.587356567000086,0.037387046000049],[34.587165833000086,0.035435123000127],[34.58613205000006,0.033677688000125],[34.58506012000004,0.032153469000036],[34.58418273900003,0.03047621900015],[34.58087539700011,0.031992182000067],[34.57818222000009,0.033852559000081],[34.57464981100014,0.03607162100019],[34.57136154200009,0.03816637400007],[34.56843185400015,0.039882682000155],[34.566696166999975,0.041293997000139],[34.56528854400017,0.04289775],[34.56329727200006,0.044629812000153],[34.561104739000086,0.046865786000069],[34.55869431900015,0.048238131],[34.55623390200003,0.048260765000123],[34.5541519140001,0.045922842000039],[34.55320222800003,0.044426446000045],[34.55284072300003,0.042296813000121],[34.552511735,0.040742047000094],[34.5527222880001,0.038470734000043],[34.55179536000014,0.036677347000023],[34.54992337400017,0.036168826000164],[34.549413052000034,0.033540304000098],[34.54932759900015,0.030901925000023],[34.54953762700012,0.028116630000056],[34.55009709500007,0.025675436000029],[34.54927803300018,0.02439522200018],[34.54836967500012,0.02209756100001],[34.54823777000013,0.019539210000175],[34.546739609999975,0.01757198100006],[34.544949003000056,0.016386880000141],[34.543159320000086,0.015377599000033],[34.543498057000136,0.013037244000088],[34.543187480000086,0.009869346000187],[34.54113350600011,0.00837633000009],[34.53913639400008,0.00732779700013],[34.537419838000176,0.006717416000129],[34.535277466000025,0.005779350000182],[34.53370032700019,0.004844420999973],[34.53483392800007,0.003298691000168],[34.53606472200016,0.002105949000054],[34.53776862300015,0.001044498000056],[34.540090673000066,-8.6233999866e-05],[34.541746842000066,-0.00181009399995],[34.541750150000155,-0.003522950999979],[34.54017740800009,-0.005091972999878],[34.538533226000084,-0.006846431999918],[34.536761846000104,-0.008527505999837],[34.535682324000106,-0.010364840999955],[34.534599564000075,-0.012560129999883],[34.533028252000065,-0.014140243999975],[34.53498064400014,-0.015323777999924],[34.537940166000055,-0.017414463999899],[34.540418024000076,-0.01719922999996],[34.542916019000074,-0.018301729999962],[34.54676618100018,-0.021373266999888],[34.54855890200008,-0.021628362999877],[34.55055411200016,-0.021158312999887],[34.55175554500016,-0.020332632999953],[34.55499440500006,-0.017275525999878],[34.564078872000096,-0.018041149999874],[34.56203514500015,-0.021366040999908],[34.563911247000135,-0.025233163999872],[34.56330451300005,-0.026904879999904],[34.56153058899997,-0.028509825999947],[34.561589340000126,-0.031023274999882],[34.56096352000003,-0.032790019999936],[34.56177629100006,-0.035002703999965],[34.56402658000019,-0.038471319999928],[34.56524974700005,-0.039850271999967],[34.56710184600007,-0.038990124999941],[34.569212374000074,-0.037493143999882],[34.57161463299997,-0.036448084999847],[34.576664990000154,-0.035654472999909],[34.58299076300017,-0.025307847999954],[34.586109723000106,-0.020546638999974],[34.58680255000013,-0.017053922999935],[34.589615006000145,-0.008553860999882],[34.591717242000186,-0.005087205999928],[34.58897964200014,0.002511891999973],[34.59456074300016,0.006993986000111],[34.60145801100009,0.012866595000105],[34.60322910200017,0.012514021000072],[34.605374969000025,0.010098647000063],[34.60835965600012,0.005366251000169],[34.61099551400008,0.005965751000019],[34.61292801400015,0.00538273300009],[34.61343955500007,0.003879898000037],[34.61243169200009,0.002323237000098]]]}},{"type":"Feature","properties":{"country":"Kenya","admin_level":"Admin2","admin1":"Vihiga","admin2":"Vihiga","name":"Vihiga","verified":true},"geometry":{"type":"Polygon","coordinates":[[[34.70009096700011,0.082245017],[34.69608593300018,0.08266550400009],[34.689308158000074,0.085270463000029],[34.68511434200019,0.085855428000059],[34.6799990020001,0.086278212000025],[34.6746853680001,0.086682920000101],[34.67386681800019,0.084852727000111],[34.673236915000075,0.082886302000077],[34.67299258800017,0.080507679000164],[34.673665377000134,0.078448528000024],[34.67358518700007,0.076177082000015],[34.67303784400019,0.073943799000062],[34.67388780600015,0.072005085000058],[34.673723118000055,0.069696734000161],[34.67339253300014,0.067437332000054],[34.67163783500007,0.066663184000163],[34.66961686100018,0.066134640000087],[34.66683406400006,0.065366943000072],[34.66553776000012,0.064117159000091],[34.66485207700015,0.062687980000021],[34.66400873500015,0.060604491000049],[34.66411198900016,0.058924145000105],[34.66398193000015,0.056563564000101],[34.6631081810001,0.055453947000046],[34.66091299400006,0.054798982000079],[34.660090011000136,0.053817091000155],[34.66084038800011,0.052181816000086],[34.661736191000045,0.050485649000166],[34.659668130000114,0.043355582000061],[34.65831325500017,0.040373678000094],[34.65395543000011,0.033055875000059],[34.65227264800018,0.030419934],[34.65006675600006,0.025811304000115],[34.64553376300012,0.019436779000159],[34.64450736300006,0.018029399000056],[34.64067729900006,0.01550749],[34.63730897700009,0.013799157000165],[34.634280221000154,0.012481302000083],[34.631133259000194,0.011261083000136],[34.62956909600018,0.009918777000109],[34.62747074700019,0.007844237000029],[34.625419497999985,0.004474104000167],[34.62761202000007,0.00486150200004],[34.62993294300014,0.003954706000172],[34.63194487099997,0.002889002000131],[34.63428980000015,0.002839767000012],[34.63629380500009,0.002262155000039],[34.63807616100013,0.000692388000061],[34.639987603,-0.00064829899992],[34.64188833999998,-0.00129385799994],[34.64834336400014,-0.003425229999891],[34.65040349500015,-0.004314011999895],[34.65184333200017,-0.004932750999956],[34.65377903600012,-0.0055669219999],[34.672317654000096,-0.013504158999922],[34.684360152000124,-0.010115144999929],[34.687163832000124,-0.009364072999972],[34.68945239300007,-0.009818066999969],[34.691180200000076,-0.010540291999916],[34.693234049000125,-0.011854635999953],[34.693022027000154,-0.014042264999944],[34.69237702700008,-0.016541929999903],[34.690576358000044,-0.018444207999949],[34.68952338300005,-0.019833648999963],[34.68833685200019,-0.021588749999978],[34.687576267000054,-0.023288590999925],[34.68979366400015,-0.0234836919999],[34.692052961000115,-0.020642043999885],[34.69399770100006,-0.019498059999933],[34.6957522670001,-0.017725462999977],[34.69783135800009,-0.018108653999889],[34.69966718500001,-0.01886250299998],[34.70148544700004,-0.018696292999834],[34.70413830800004,-0.018966801999909],[34.70673014099998,-0.01922331499992],[34.70875941800011,-0.019041559999891],[34.71029679900005,-0.01778612499993],[34.71188402400003,-0.014789328999939],[34.713108724999984,-0.012859645999811],[34.71442879900019,-0.01084480999998],[34.7147240490001,-0.009010977999935],[34.71563270200005,-0.007692003999978],[34.717152833000114,-0.007012187999976],[34.71836522300009,-0.006012723999959],[34.72054115800006,-0.005885709999916],[34.72258867600004,-0.00463433099992],[34.725818613,-0.003605661999927],[34.72059336000012,0.002675793000151],[34.71707694100007,0.007467427000108],[34.71561018900002,0.008787649000112],[34.71457060100016,0.010067433000131],[34.71383372200006,0.011779273],[34.71524087700004,0.013135259000137],[34.71650433500014,0.014380408000022],[34.71816078800015,0.015686118000076],[34.719100678000075,0.017330547000142],[34.72023361400005,0.01947872400018],[34.722037492000084,0.020505584000034],[34.72399339300017,0.021318008000094],[34.723993869000026,0.022926448000135],[34.723723421000045,0.024110071000109],[34.72512754200011,0.025954114000172],[34.725849037000046,0.028110101000152],[34.72651506300008,0.029700776000027],[34.72770380100002,0.031923147000157],[34.72773310300016,0.034275648],[34.727542981000056,0.036241935000078],[34.72733966700014,0.038735418000044],[34.72719541100008,0.041027114000144],[34.727076,0.043497436999985],[34.726628380000136,0.045296706000101],[34.72623990300008,0.047181416000058],[34.727961420000156,0.048605145000181],[34.72942464900012,0.050415040000132],[34.73209016600015,0.051905432000126],[34.73379370700013,0.053804864000085],[34.73523986100008,0.055913096000097],[34.73714382500003,0.058439336000049],[34.73811303500014,0.059918180000182],[34.742578797000135,0.064654966999967],[34.74480649100008,0.065609050000148],[34.74736019300019,0.066240943000082],[34.74808333900012,0.068284979000111],[34.74862159600019,0.069949526000073],[34.74909824100007,0.071789360000082],[34.747471393000126,0.073855083000012],[34.746636113000136,0.075840061000122],[34.74552867300014,0.077315104000036],[34.74459296499998,0.078992493000044],[34.74428986800007,0.080682865000085],[34.74311362900016,0.084084437000172],[34.74103129000008,0.086126715000034],[34.739331979999974,0.086133662000179],[34.73727590200008,0.085295300000041],[34.73509398599998,0.084686554000143],[34.73241435200015,0.084440341000118],[34.730514799000105,0.084481799000173],[34.72689881300005,0.084847333000027],[34.723820687000114,0.085316391000106],[34.72148036000016,0.085616732],[34.71970310400019,0.085644514000023],[34.71745831800007,0.085463340000103],[34.71564702600017,0.085420138000075],[34.7133692650001,0.085258004000025],[34.71162184500008,0.08489051000015],[34.710052499000085,0.084090813000159],[34.70506879600009,0.082665256000041],[34.701879914000074,0.082244968999987],[34.70009096700011,0.082245017]]]}}]}