"scenario_id","technology","country","admin_level","admin1","admin2","admin_unit","survey_n","eligible_population","target_percent","deadline_months","sigma","delta","sigma_source","delta_source","sigma_parameter_level","delta_parameter_level","minimum_TOT","TOT_per_1000","adoption_at_deadline_percent","earliest_safe_withdrawal_month","adoption_at_withdrawal_percent","minimum_post_adoption_percent","adoption_1y_after_percent","adoption_3y_after_percent","adoption_5y_after_percent","target_maintained_after_withdrawal","status"
"PPT_00001","Push-Pull","Kenya","Admin1","Homabay",,"Homabay",48,10000,10,12,0.306666666666667,0.0758500435919791,"Kenya / Homabay","Transferred Uganda survey estimate","Admin1","Transferred",162,16.2,10.0385763848589,12,10.038576826248,10.038576826248,21.9695080948999,33.7090633607424,38.5915175734208,TRUE,"Target achieved; safe withdrawal identified"
"PPT_00002","Push-Pull","Kenya","Admin1","Homabay",,"Homabay",48,10000,10,24,0.306666666666667,0.0758500435919791,"Kenya / Homabay","Transferred Uganda survey estimate","Admin1","Transferred",40,4,10.1392436676024,24,10.139243760586,10.139243760586,16.5071351866102,24.1110924813931,28.9955798329877,TRUE,"Target achieved; safe withdrawal identified"
"PPT_00003","Push-Pull","Kenya","Admin1","Homabay",,"Homabay",48,10000,10,36,0.306666666666667,0.0758500435919791,"Kenya / Homabay","Transferred Uganda survey estimate","Admin1","Transferred",19,1.9,10.1753997059657,36,10.1753998515286,10.1753998515286,14.5238201287672,20.4215231264983,24.9630435610398,TRUE,"Target achieved; safe withdrawal identified"
"PPT_00004","Push-Pull","Kenya","Admin1","Homabay",,"Homabay",48,10000,10,48,0.306666666666667,0.0758500435919791,"Kenya / Homabay","Transferred Uganda survey estimate","Admin1","Transferred",12,1.2,10.6533785662326,48,10.6533786385381,10.6533786385381,14.1319065520018,19.2776637554735,23.6072732575563,TRUE,"Target achieved; safe withdrawal identified"
"PPT_00005","Push-Pull","Kenya","Admin1","Homabay",,"Homabay",48,10000,10,60,0.306666666666667,0.0758500435919791,"Kenya / Homabay","Transferred Uganda survey estimate","Admin1","Transferred",8,0.8,10.563715408472,60,10.5637171671893,10.5637171671893,13.4311166513306,18.0201501150348,22.1738271394268,TRUE,"Target achieved; safe withdrawal identified"
"PPT_00006","Push-Pull","Kenya","Admin1","Homabay",,"Homabay",48,10000,20,12,0.306666666666667,0.0758500435919791,"Kenya / Homabay","Transferred Uganda survey estimate","Admin1","Transferred",,,,,,,,,,FALSE,"Target not achieved with <= 500 ToTs"
"PPT_00007","Push-Pull","Kenya","Admin1","Homabay",,"Homabay",48,10000,20,24,0.306666666666667,0.0758500435919791,"Kenya / Homabay","Transferred Uganda survey estimate","Admin1","Transferred",103,10.3,20.0585765871141,24,20.0585765733728,20.0585765733728,30.1723451576483,39.57737937268,42.7593775740148,TRUE,"Target achieved; safe withdrawal identified"
"PPT_00008","Push-Pull","Kenya","Admin1","Homabay",,"Homabay",48,10000,20,36,0.306666666666667,0.0758500435919791,"Kenya / Homabay","Transferred Uganda survey estimate","Admin1","Transferred",46,4.6,20.241182920627,36,20.2411816838442,20.2411816838442,27.2940913898659,34.8175342264275,38.4241397906657,TRUE,"Target achieved; safe withdrawal identified"
"PPT_00009","Push-Pull","Kenya","Admin1","Homabay",,"Homabay",48,10000,20,48,0.306666666666667,0.0758500435919791,"Kenya / Homabay","Transferred Uganda survey estimate","Admin1","Transferred",27,2.7,20.2901213841794,48,20.2901194121465,20.2901194121465,25.7087181159411,32.1432481219245,35.8710981323625,TRUE,"Target achieved; safe withdrawal identified"
"PPT_00010","Push-Pull","Kenya","Admin1","Homabay",,"Homabay",48,10000,20,60,0.306666666666667,0.0758500435919791,"Kenya / Homabay","Transferred Uganda survey estimate","Admin1","Transferred",18,1.8,20.2556495887912,60,20.2556476267236,20.2556476267236,24.6978117168518,30.4526330835402,34.2157401344235,TRUE,"Target achieved; safe withdrawal identified"
"PPT_00011","Push-Pull","Kenya","Admin1","Homabay",,"Homabay",48,10000,30,12,0.306666666666667,0.0758500435919791,"Kenya / Homabay","Transferred Uganda survey estimate","Admin1","Transferred",,,,,,,,,,FALSE,"Target not achieved with <= 500 ToTs"
"PPT_00012","Push-Pull","Kenya","Admin1","Homabay",,"Homabay",48,10000,30,24,0.306666666666667,0.0758500435919791,"Kenya / Homabay","Transferred Uganda survey estimate","Admin1","Transferred",243,24.3,30.0050052917755,24,30.0050001769819,30.0050001769819,41.0112348745377,48.9922926620916,49.4962244187619,TRUE,"Target achieved; safe withdrawal identified"
"PPT_00013","Push-Pull","Kenya","Admin1","Homabay",,"Homabay",48,10000,30,36,0.306666666666667,0.0758500435919791,"Kenya / Homabay","Transferred Uganda survey estimate","Admin1","Transferred",89,8.9,30.0002284574929,36,30.0002282514214,30.0002282514214,38.0836759524122,44.7089255922699,46.0104349303923,TRUE,"Target achieved; safe withdrawal identified"
"PPT_00014","Push-Pull","Kenya","Admin1","Homabay",,"Homabay",48,10000,30,48,0.306666666666667,0.0758500435919791,"Kenya / Homabay","Transferred Uganda survey estimate","Admin1","Transferred",50,5,30.0998593939594,48,30.0998590308765,30.0998590308765,36.307163004512,41.9469377690231,43.6446041051386,TRUE,"Target achieved; safe withdrawal identified"
"PPT_00015","Push-Pull","Kenya","Admin1","Homabay",,"Homabay",48,10000,30,60,0.306666666666667,0.0758500435919791,"Kenya / Homabay","Transferred Uganda survey estimate","Admin1","Transferred",33,3.3,30.1573382635039,60,30.1573326698045,30.1573326698045,35.1784672643323,40.1536344647569,42.0593291817254,TRUE,"Target achieved; safe withdrawal identified"
"PPT_00016","Push-Pull","Kenya","Admin1","Homabay",,"Homabay",48,10000,40,12,0.306666666666667,0.0758500435919791,"Kenya / Homabay","Transferred Uganda survey estimate","Admin1","Transferred",,,,,,,,,,FALSE,"Target not achieved with <= 500 ToTs"
"PPT_00017","Push-Pull","Kenya","Admin1","Homabay",,"Homabay",48,10000,40,24,0.306666666666667,0.0758500435919791,"Kenya / Homabay","Transferred Uganda survey estimate","Admin1","Transferred",,,,,,,,,,FALSE,"Target not achieved with <= 500 ToTs"
"PPT_00018","Push-Pull","Kenya","Admin1","Homabay",,"Homabay",48,10000,40,36,0.306666666666667,0.0758500435919791,"Kenya / Homabay","Transferred Uganda survey estimate","Admin1","Transferred",192,19.2,40.0331830223465,36,40.033183017699,40.033183017699,47.3135654988159,51.3666656583817,50.2484501016141,TRUE,"Target achieved; safe withdrawal identified"
"PPT_00019","Push-Pull","Kenya","Admin1","Homabay",,"Homabay",48,10000,40,48,0.306666666666667,0.0758500435919791,"Kenya / Homabay","Transferred Uganda survey estimate","Admin1","Transferred",93,9.3,40.0185667838566,48,40.0185594603485,40.0185594603485,45.7222914184261,49.1100096936105,48.445503438074,TRUE,"Target achieved; safe withdrawal identified"
"PPT_00020","Push-Pull","Kenya","Admin1","Homabay",,"Homabay",48,10000,40,60,0.306666666666667,0.0758500435919791,"Kenya / Homabay","Transferred Uganda survey estimate","Admin1","Transferred",59,5.9,40.0918368750837,60,40.0918334054304,40.0918334054304,44.6119127037409,47.4435452970143,47.0662614029327,TRUE,"Target achieved; safe withdrawal identified"
"PPT_00021","Push-Pull","Kenya","Admin1","Homabay",,"Homabay",48,10000,50,12,0.306666666666667,0.0758500435919791,"Kenya / Homabay","Transferred Uganda survey estimate","Admin1","Transferred",,,,,,,,,,FALSE,"Target not achieved with <= 500 ToTs"
"PPT_00022","Push-Pull","Kenya","Admin1","Homabay",,"Homabay",48,10000,50,24,0.306666666666667,0.0758500435919791,"Kenya / Homabay","Transferred Uganda survey estimate","Admin1","Transferred",,,,,,,,,,FALSE,"Target not achieved with <= 500 ToTs"
"PPT_00023","Push-Pull","Kenya","Admin1","Homabay",,"Homabay",48,10000,50,36,0.306666666666667,0.0758500435919791,"Kenya / Homabay","Transferred Uganda survey estimate","Admin1","Transferred",,,,,,,,,,FALSE,"Target not achieved with <= 500 ToTs"
"PPT_00024","Push-Pull","Kenya","Admin1","Homabay",,"Homabay",48,10000,50,48,0.306666666666667,0.0758500435919791,"Kenya / Homabay","Transferred Uganda survey estimate","Admin1","Transferred",245,24.5,50.008841771443,48,50.0088069586467,50.0088069586467,53.7204421892114,53.816680114174,50.9890040905417,TRUE,"Target achieved; safe withdrawal identified"
"PPT_00025","Push-Pull","Kenya","Admin1","Homabay",,"Homabay",48,10000,50,60,0.306666666666667,0.0758500435919791,"Kenya / Homabay","Transferred Uganda survey estimate","Admin1","Transferred",127,12.7,50.05293180205,,,,,,,FALSE,"Target achieved; continued support required within tested horizon"
"PPT_00026","Push-Pull","Kenya","Admin1","Homabay",,"Homabay",48,10000,60,12,0.306666666666667,0.0758500435919791,"Kenya / Homabay","Transferred Uganda survey estimate","Admin1","Transferred",,,,,,,,,,FALSE,"Target not achieved with <= 500 ToTs"
"PPT_00027","Push-Pull","Kenya","Admin1","Homabay",,"Homabay",48,10000,60,24,0.306666666666667,0.0758500435919791,"Kenya / Homabay","Transferred Uganda survey estimate","Admin1","Transferred",,,,,,,,,,FALSE,"Target not achieved with <= 500 ToTs"
"PPT_00028","Push-Pull","Kenya","Admin1","Homabay",,"Homabay",48,10000,60,36,0.306666666666667,0.0758500435919791,"Kenya / Homabay","Transferred Uganda survey estimate","Admin1","Transferred",,,,,,,,,,FALSE,"Target not achieved with <= 500 ToTs"
"PPT_00029","Push-Pull","Kenya","Admin1","Homabay",,"Homabay",48,10000,60,48,0.306666666666667,0.0758500435919791,"Kenya / Homabay","Transferred Uganda survey estimate","Admin1","Transferred",,,,,,,,,,FALSE,"Target not achieved with <= 500 ToTs"
"PPT_00030","Push-Pull","Kenya","Admin1","Homabay",,"Homabay",48,10000,60,60,0.306666666666667,0.0758500435919791,"Kenya / Homabay","Transferred Uganda survey estimate","Admin1","Transferred",,,,,,,,,,FALSE,"Target not achieved with <= 500 ToTs"
"PPT_00031","Push-Pull","Kenya","Admin1","Kisumu",,"Kisumu",61,10000,10,12,0.462745098039216,0.0758500435919791,"Kenya / Kisumu","Transferred Uganda survey estimate","Country","Transferred",99,9.9,10.0160067340306,12,10.0160082986827,10.0160082986827,21.9241905939809,33.4415201630431,39.3981937907658,TRUE,"Target achieved; safe withdrawal identified"
"PPT_00032","Push-Pull","Kenya","Admin1","Kisumu",,"Kisumu",61,10000,10,24,0.462745098039216,0.0758500435919791,"Kenya / Kisumu","Transferred Uganda survey estimate","Country","Transferred",27,2.7,10.1847378765821,24,10.1847388322435,10.1847388322435,16.4749571088453,24.3389323689881,30.4138532114002,TRUE,"Target achieved; safe withdrawal identified"
"PPT_00033","Push-Pull","Kenya","Admin1","Kisumu",,"Kisumu",61,10000,10,36,0.462745098039216,0.0758500435919791,"Kenya / Kisumu","Transferred Uganda survey estimate","Country","Transferred",13,1.3,10.0892663775539,36,10.0892664503972,10.0892664503972,14.415840534998,20.7870255314581,26.5623079300683,TRUE,"Target achieved; safe withdrawal identified"
"PPT_00034","Push-Pull","Kenya","Admin1","Kisumu",,"Kisumu",61,10000,10,48,0.462745098039216,0.0758500435919791,"Kenya / Kisumu","Transferred Uganda survey estimate","Country","Transferred",8,0.8,10.2582783307957,48,10.2582830375149,10.2582830375149,13.7308260598898,19.4340298864813,25.0173745918736,TRUE,"Target achieved; safe withdrawal identified"
"PPT_00035","Push-Pull","Kenya","Admin1","Kisumu",,"Kisumu",61,10000,10,60,0.462745098039216,0.0758500435919791,"Kenya / Kisumu","Transferred Uganda survey estimate","Country","Transferred",6,0.6,11.305177427125,60,11.3051835752212,11.3051835752212,14.5063586789574,20.0904201792343,25.665032467026,TRUE,"Target achieved; safe withdrawal identified"
"PPT_00036","Push-Pull","Kenya","Admin1","Kisumu",,"Kisumu",61,10000,20,12,0.462745098039216,0.0758500435919791,"Kenya / Kisumu","Transferred Uganda survey estimate","Country","Transferred",278,27.8,20.0042525231287,12,20.004251568411,20.004251568411,38.6328633668238,51.4793017091611,53.2113629272469,TRUE,"Target achieved; safe withdrawal identified"
"PPT_00037","Push-Pull","Kenya","Admin1","Kisumu",,"Kisumu",61,10000,20,24,0.462745098039216,0.0758500435919791,"Kenya / Kisumu","Transferred Uganda survey estimate","Country","Transferred",63,6.3,20.0387701714719,24,20.0387685884169,20.0387685884169,30.4149370251956,40.2061519480953,44.5340571716105,TRUE,"Target achieved; safe withdrawal identified"
"PPT_00038","Push-Pull","Kenya","Admin1","Kisumu",,"Kisumu",61,10000,20,36,0.462745098039216,0.0758500435919791,"Kenya / Kisumu","Transferred Uganda survey estimate","Country","Transferred",30,3,20.176696362149,36,20.1766962668727,20.1766962668727,27.389502844359,35.6041348862725,40.5317244105834,TRUE,"Target achieved; safe withdrawal identified"
"PPT_00039","Push-Pull","Kenya","Admin1","Kisumu",,"Kisumu",61,10000,20,48,0.462745098039216,0.0758500435919791,"Kenya / Kisumu","Transferred Uganda survey estimate","Country","Transferred",18,1.8,20.1958458374409,48,20.1958458172348,20.1958458172348,25.8407202162989,33.1866732947272,38.3136149281498,TRUE,"Target achieved; safe withdrawal identified"
"PPT_00040","Push-Pull","Kenya","Admin1","Kisumu",,"Kisumu",61,10000,20,60,0.462745098039216,0.0758500435919791,"Kenya / Kisumu","Transferred Uganda survey estimate","Country","Transferred",12,1.2,20.0727809742324,60,20.0727810531144,20.0727810531144,24.8083515607821,31.624670582424,36.8450519706799,TRUE,"Target achieved; safe withdrawal identified"
"PPT_00041","Push-Pull","Kenya","Admin1","Kisumu",,"Kisumu",61,10000,30,12,0.462745098039216,0.0758500435919791,"Kenya / Kisumu","Transferred Uganda survey estimate","Country","Transferred",,,,,,,,,,FALSE,"Target not achieved with <= 500 ToTs"
"PPT_00042","Push-Pull","Kenya","Admin1","Kisumu",,"Kisumu",61,10000,30,24,0.462745098039216,0.0758500435919791,"Kenya / Kisumu","Transferred Uganda survey estimate","Country","Transferred",120,12,30.1355523667194,24,30.1355399078074,30.1355399078074,42.5954223856431,51.1841998704425,52.2345919345916,TRUE,"Target achieved; safe withdrawal identified"
"PPT_00043","Push-Pull","Kenya","Admin1","Kisumu",,"Kisumu",61,10000,30,36,0.462745098039216,0.0758500435919791,"Kenya / Kisumu","Transferred Uganda survey estimate","Country","Transferred",54,5.4,30.3203089873629,36,30.3203089456355,30.3203089456355,39.0073166240247,46.3501698990825,48.6126601359923,TRUE,"Target achieved; safe withdrawal identified"
"PPT_00044","Push-Pull","Kenya","Admin1","Kisumu",,"Kisumu",61,10000,30,48,0.462745098039216,0.0758500435919791,"Kenya / Kisumu","Transferred Uganda survey estimate","Country","Transferred",32,3.2,30.3843774836774,48,30.3843683740117,30.3843683740117,37.0800707554156,43.650660055279,46.4653714261075,TRUE,"Target achieved; safe withdrawal identified"
"PPT_00045","Push-Pull","Kenya","Admin1","Kisumu",,"Kisumu",61,10000,30,60,0.462745098039216,0.0758500435919791,"Kenya / Kisumu","Transferred Uganda survey estimate","Country","Transferred",22,2.2,30.852920428832,60,30.8529156322547,30.8529156322547,36.3875061475936,42.3871075581951,45.3799269840278,TRUE,"Target achieved; safe withdrawal identified"
"PPT_00046","Push-Pull","Kenya","Admin1","Kisumu",,"Kisumu",61,10000,40,12,0.462745098039216,0.0758500435919791,"Kenya / Kisumu","Transferred Uganda survey estimate","Country","Transferred",,,,,,,,,,FALSE,"Target not achieved with <= 500 ToTs"
"PPT_00047","Push-Pull","Kenya","Admin1","Kisumu",,"Kisumu",61,10000,40,24,0.462745098039216,0.0758500435919791,"Kenya / Kisumu","Transferred Uganda survey estimate","Country","Transferred",231,23.1,40.0375505259119,24,40.0375424065358,40.0375424065358,52.2221724769689,57.9200370585157,56.0777422760347,TRUE,"Target achieved; safe withdrawal identified"
"PPT_00048","Push-Pull","Kenya","Admin1","Kisumu",,"Kisumu",61,10000,40,36,0.462745098039216,0.0758500435919791,"Kenya / Kisumu","Transferred Uganda survey estimate","Country","Transferred",90,9,40.0039310154714,36,40.0039159868574,40.0039159868574,48.7180339825962,53.6817191447835,53.1829634060196,TRUE,"Target achieved; safe withdrawal identified"
"PPT_00049","Push-Pull","Kenya","Admin1","Kisumu",,"Kisumu",61,10000,40,48,0.462745098039216,0.0758500435919791,"Kenya / Kisumu","Transferred Uganda survey estimate","Country","Transferred",52,5.2,40.1292997359341,48,40.1292991436188,40.1292991436188,46.7133570317629,51.0644339774096,51.2748311956525,TRUE,"Target achieved; safe withdrawal identified"
"PPT_00050","Push-Pull","Kenya","Admin1","Kisumu",,"Kisumu",61,10000,40,60,0.462745098039216,0.0758500435919791,"Kenya / Kisumu","Transferred Uganda survey estimate","Country","Transferred",35,3.5,40.2719775416424,60,40.2719646862283,40.2719646862283,45.5327965190532,49.4317643555187,50.0276137245079,TRUE,"Target achieved; safe withdrawal identified"
"PPT_00051","Push-Pull","Kenya","Admin1","Kisumu",,"Kisumu",61,10000,50,12,0.462745098039216,0.0758500435919791,"Kenya / Kisumu","Transferred Uganda survey estimate","Country","Transferred",,,,,,,,,,FALSE,"Target not achieved with <= 500 ToTs"
"PPT_00052","Push-Pull","Kenya","Admin1","Kisumu",,"Kisumu",61,10000,50,24,0.462745098039216,0.0758500435919791,"Kenya / Kisumu","Transferred Uganda survey estimate","Country","Transferred",,,,,,,,,,FALSE,"Target not achieved with <= 500 ToTs"
"PPT_00053","Push-Pull","Kenya","Admin1","Kisumu",,"Kisumu",61,10000,50,36,0.462745098039216,0.0758500435919791,"Kenya / Kisumu","Transferred Uganda survey estimate","Country","Transferred",166,16.6,50.0119330634042,36,50.0118884065294,50.0118884065294,57.1672187944791,58.7187103473981,55.7556140131391,TRUE,"Target achieved; safe withdrawal identified"
"PPT_00054","Push-Pull","Kenya","Admin1","Kisumu",,"Kisumu",61,10000,50,48,0.462745098039216,0.0758500435919791,"Kenya / Kisumu","Transferred Uganda survey estimate","Country","Transferred",88,8.8,50.0072917615282,48,50.0072881928629,50.0072881928629,55.2888617822764,56.4522921023717,54.1881526406384,TRUE,"Target achieved; safe withdrawal identified"
"PPT_00055","Push-Pull","Kenya","Admin1","Kisumu",,"Kisumu",61,10000,50,60,0.462745098039216,0.0758500435919791,"Kenya / Kisumu","Transferred Uganda survey estimate","Country","Transferred",58,5.8,50.0237440289342,60,50.0237438747377,50.0237438747377,54.0034683032977,54.8366484216511,53.0225629975849,TRUE,"Target achieved; safe withdrawal identified"
"PPT_00056","Push-Pull","Kenya","Admin1","Kisumu",,"Kisumu",61,10000,60,12,0.462745098039216,0.0758500435919791,"Kenya / Kisumu","Transferred Uganda survey estimate","Country","Transferred",,,,,,,,,,FALSE,"Target not achieved with <= 500 ToTs"
"PPT_00057","Push-Pull","Kenya","Admin1","Kisumu",,"Kisumu",61,10000,60,24,0.462745098039216,0.0758500435919791,"Kenya / Kisumu","Transferred Uganda survey estimate","Country","Transferred",,,,,,,,,,FALSE,"Target not achieved with <= 500 ToTs"
"PPT_00058","Push-Pull","Kenya","Admin1","Kisumu",,"Kisumu",61,10000,60,36,0.462745098039216,0.0758500435919791,"Kenya / Kisumu","Transferred Uganda survey estimate","Country","Transferred",,,,,,,,,,FALSE,"Target not achieved with <= 500 ToTs"
"PPT_00059","Push-Pull","Kenya","Admin1","Kisumu",,"Kisumu",61,10000,60,48,0.462745098039216,0.0758500435919791,"Kenya / Kisumu","Transferred Uganda survey estimate","Country","Transferred",199,19.9,60.0365033937727,,,,,,,FALSE,"Target achieved; continued support required within tested horizon"
"PPT_00060","Push-Pull","Kenya","Admin1","Kisumu",,"Kisumu",61,10000,60,60,0.462745098039216,0.0758500435919791,"Kenya / Kisumu","Transferred Uganda survey estimate","Country","Transferred",121,12.1,60.0713709767763,,,,,,,FALSE,"Target achieved; continued support required within tested horizon"
"PPT_00061","Push-Pull","Kenya","Admin1","Siaya",,"Siaya",63,10000,10,12,0.802547770700637,0.0758500435919791,"Kenya / Siaya","Transferred Uganda survey estimate","Country","Transferred",58,5.8,10.1266214340803,12,10.126622543275,10.126622543275,21.2437153595118,32.210380157748,40.0109094374384,TRUE,"Target achieved; safe withdrawal identified"
"PPT_00062","Push-Pull","Kenya","Admin1","Siaya",,"Siaya",63,10000,10,24,0.802547770700637,0.0758500435919791,"Kenya / Siaya","Transferred Uganda survey estimate","Country","Transferred",17,1.7,10.1366931155792,24,10.1366937357094,10.1366937357094,16.0461997290431,24.2876682296799,32.2061978588806,TRUE,"Target achieved; safe withdrawal identified"
"PPT_00063","Push-Pull","Kenya","Admin1","Siaya",,"Siaya",63,10000,10,36,0.802547770700637,0.0758500435919791,"Kenya / Siaya","Transferred Uganda survey estimate","Country","Transferred",9,0.9,10.6400328604916,36,10.6400343531199,10.6400343531199,15.1107939616122,22.5387891871727,30.2986219012634,TRUE,"Target achieved; safe withdrawal identified"
"PPT_00064","Push-Pull","Kenya","Admin1","Siaya",,"Siaya",63,10000,10,48,0.802547770700637,0.0758500435919791,"Kenya / Siaya","Transferred Uganda survey estimate","Country","Transferred",6,0.6,11.5725936407798,48,11.5725980982633,11.5725980982633,15.541212027756,22.7960279795508,30.5329247022476,TRUE,"Target achieved; safe withdrawal identified"
"PPT_00065","Push-Pull","Kenya","Admin1","Siaya",,"Siaya",63,10000,10,60,0.802547770700637,0.0758500435919791,"Kenya / Siaya","Transferred Uganda survey estimate","Country","Transferred",4,0.4,11.5909149638768,60,11.5909207273679,11.5909207273679,15.1189096256065,22.0918904506569,29.7541353114005,TRUE,"Target achieved; safe withdrawal identified"
"PPT_00066","Push-Pull","Kenya","Admin1","Siaya",,"Siaya",63,10000,20,12,0.802547770700637,0.0758500435919791,"Kenya / Siaya","Transferred Uganda survey estimate","Country","Transferred",137,13.7,20.0770283950281,12,20.0770285775816,20.0770285775816,38.6193296883207,50.5238598567438,53.8877393660721,TRUE,"Target achieved; safe withdrawal identified"
"PPT_00067","Push-Pull","Kenya","Admin1","Siaya",,"Siaya",63,10000,20,24,0.802547770700637,0.0758500435919791,"Kenya / Siaya","Transferred Uganda survey estimate","Country","Transferred",38,3.8,20.1627737875549,24,20.1627738068535,20.1627738068535,30.1511049322691,40.3052438001988,46.5061238476832,TRUE,"Target achieved; safe withdrawal identified"
"PPT_00068","Push-Pull","Kenya","Admin1","Siaya",,"Siaya",63,10000,20,36,0.802547770700637,0.0758500435919791,"Kenya / Siaya","Transferred Uganda survey estimate","Country","Transferred",19,1.9,20.2385840244248,36,20.238584536673,20.238584536673,27.4136958697544,36.6304467199462,43.4742635243965,TRUE,"Target achieved; safe withdrawal identified"
"PPT_00069","Push-Pull","Kenya","Admin1","Siaya",,"Siaya",63,10000,20,48,0.802547770700637,0.0758500435919791,"Kenya / Siaya","Transferred Uganda survey estimate","Country","Transferred",12,1.2,20.8552085985528,48,20.8552107666071,20.8552107666071,26.8249760736676,35.547787106503,42.4993488931987,TRUE,"Target achieved; safe withdrawal identified"
"PPT_00070","Push-Pull","Kenya","Admin1","Siaya",,"Siaya",63,10000,20,60,0.802547770700637,0.0758500435919791,"Kenya / Siaya","Transferred Uganda survey estimate","Country","Transferred",8,0.8,20.7863800196991,60,20.7863816175219,20.7863816175219,26.0102478683707,34.4284021598032,41.5073994382243,TRUE,"Target achieved; safe withdrawal identified"
"PPT_00071","Push-Pull","Kenya","Admin1","Siaya",,"Siaya",63,10000,30,12,0.802547770700637,0.0758500435919791,"Kenya / Siaya","Transferred Uganda survey estimate","Country","Transferred",261,26.1,30.0388718127817,12,30.0388707380821,30.0388707380821,52.4909996270488,61.3941601751987,59.9286736103199,TRUE,"Target achieved; safe withdrawal identified"
"PPT_00072","Push-Pull","Kenya","Admin1","Siaya",,"Siaya",63,10000,30,24,0.802547770700637,0.0758500435919791,"Kenya / Siaya","Transferred Uganda survey estimate","Country","Transferred",65,6.5,30.0456828395792,24,30.0456662283685,30.0456662283685,42.4155409161311,51.2030549757089,53.9039551176414,TRUE,"Target achieved; safe withdrawal identified"
"PPT_00073","Push-Pull","Kenya","Admin1","Siaya",,"Siaya",63,10000,30,36,0.802547770700637,0.0758500435919791,"Kenya / Siaya","Transferred Uganda survey estimate","Country","Transferred",32,3.2,30.0930077380435,36,30.0929992744322,30.0929992744322,38.8098016591403,47.0777766728084,51.0793446992416,TRUE,"Target achieved; safe withdrawal identified"
"PPT_00074","Push-Pull","Kenya","Admin1","Siaya",,"Siaya",63,10000,30,48,0.802547770700637,0.0758500435919791,"Kenya / Siaya","Transferred Uganda survey estimate","Country","Transferred",20,2,30.6198062302605,48,30.6198062302548,30.6198062302548,37.6303120134228,45.4463864759729,49.8517337355114,TRUE,"Target achieved; safe withdrawal identified"
"PPT_00075","Push-Pull","Kenya","Admin1","Siaya",,"Siaya",63,10000,30,60,0.802547770700637,0.0758500435919791,"Kenya / Siaya","Transferred Uganda survey estimate","Country","Transferred",14,1.4,31.4045755344722,60,31.4045687434858,31.4045687434858,37.4525700552368,44.8882575095863,49.368426959443,TRUE,"Target achieved; safe withdrawal identified"
"PPT_00076","Push-Pull","Kenya","Admin1","Siaya",,"Siaya",63,10000,40,12,0.802547770700637,0.0758500435919791,"Kenya / Siaya","Transferred Uganda survey estimate","Country","Transferred",,,,,,,,,,FALSE,"Target not achieved with <= 500 ToTs"
"PPT_00077","Push-Pull","Kenya","Admin1","Siaya",,"Siaya",63,10000,40,24,0.802547770700637,0.0758500435919791,"Kenya / Siaya","Transferred Uganda survey estimate","Country","Transferred",104,10.4,40.1788672422036,24,40.1788496593958,40.1788496593958,53.31732467546,58.9350261573746,58.1158656604942,TRUE,"Target achieved; safe withdrawal identified"
"PPT_00078","Push-Pull","Kenya","Admin1","Siaya",,"Siaya",63,10000,40,36,0.802547770700637,0.0758500435919791,"Kenya / Siaya","Transferred Uganda survey estimate","Country","Transferred",50,5,40.2240916860716,36,40.2240655269238,40.2240655269238,49.2650277747546,54.8372827986449,55.6527451522867,TRUE,"Target achieved; safe withdrawal identified"
"PPT_00079","Push-Pull","Kenya","Admin1","Siaya",,"Siaya",63,10000,40,48,0.802547770700637,0.0758500435919791,"Kenya / Siaya","Transferred Uganda survey estimate","Country","Transferred",31,3.1,40.585364302359,48,40.5853375469929,40.5853375469929,47.5763751972447,52.8804857834274,54.354896115665,TRUE,"Target achieved; safe withdrawal identified"
"PPT_00080","Push-Pull","Kenya","Admin1","Siaya",,"Siaya",63,10000,40,60,0.802547770700637,0.0758500435919791,"Kenya / Siaya","Transferred Uganda survey estimate","Country","Transferred",21,2.1,40.4602518749467,60,40.4602449923596,40.4602449923596,46.2901405218255,51.4860715783824,53.4104914500297,TRUE,"Target achieved; safe withdrawal identified"
"PPT_00081","Push-Pull","Kenya","Admin1","Siaya",,"Siaya",63,10000,50,12,0.802547770700637,0.0758500435919791,"Kenya / Siaya","Transferred Uganda survey estimate","Country","Transferred",,,,,,,,,,FALSE,"Target not achieved with <= 500 ToTs"
"PPT_00082","Push-Pull","Kenya","Admin1","Siaya",,"Siaya",63,10000,50,24,0.802547770700637,0.0758500435919791,"Kenya / Siaya","Transferred Uganda survey estimate","Country","Transferred",165,16.5,50.0237258892427,24,50.0237038033698,50.0237038033698,62.1959207001015,63.93739442023,60.3280873268853,TRUE,"Target achieved; safe withdrawal identified"
"PPT_00083","Push-Pull","Kenya","Admin1","Siaya",,"Siaya",63,10000,50,36,0.802547770700637,0.0758500435919791,"Kenya / Siaya","Transferred Uganda survey estimate","Country","Transferred",76,7.6,50.1369076994686,36,50.1368850128952,50.1368850128952,58.2460714188704,60.2412778099025,58.2646327563975,TRUE,"Target achieved; safe withdrawal identified"
"PPT_00084","Push-Pull","Kenya","Admin1","Siaya",,"Siaya",63,10000,50,48,0.802547770700637,0.0758500435919791,"Kenya / Siaya","Transferred Uganda survey estimate","Country","Transferred",47,4.7,50.4411490965458,48,50.4411203921192,50.4411203921192,56.3407815947511,58.2266877660518,57.0185925406872,TRUE,"Target achieved; safe withdrawal identified"
"PPT_00085","Push-Pull","Kenya","Admin1","Siaya",,"Siaya",63,10000,50,60,0.802547770700637,0.0758500435919791,"Kenya / Siaya","Transferred Uganda survey estimate","Country","Transferred",32,3.2,50.1254553749045,60,50.1254264288962,50.1254264288962,54.7935417740664,56.7281718685645,56.0781965472455,TRUE,"Target achieved; safe withdrawal identified"
"PPT_00086","Push-Pull","Kenya","Admin1","Siaya",,"Siaya",63,10000,60,12,0.802547770700637,0.0758500435919791,"Kenya / Siaya","Transferred Uganda survey estimate","Country","Transferred",,,,,,,,,,FALSE,"Target not achieved with <= 500 ToTs"
"PPT_00087","Push-Pull","Kenya","Admin1","Siaya",,"Siaya",63,10000,60,24,0.802547770700637,0.0758500435919791,"Kenya / Siaya","Transferred Uganda survey estimate","Country","Transferred",302,30.2,60.0146414463616,24,60.0146403174421,60.0146403174421,69.1835503588472,66.8199632463709,61.2653299043427,TRUE,"Target achieved; safe withdrawal identified"
"PPT_00088","Push-Pull","Kenya","Admin1","Siaya",,"Siaya",63,10000,60,36,0.802547770700637,0.0758500435919791,"Kenya / Siaya","Transferred Uganda survey estimate","Country","Transferred",122,12.2,60.1022131821694,,,,,,,FALSE,"Target achieved; continued support required within tested horizon"
"PPT_00089","Push-Pull","Kenya","Admin1","Siaya",,"Siaya",63,10000,60,48,0.802547770700637,0.0758500435919791,"Kenya / Siaya","Transferred Uganda survey estimate","Country","Transferred",74,7.4,60.1156990391156,,,,,,,FALSE,"Target achieved; continued support required within tested horizon"
"PPT_00090","Push-Pull","Kenya","Admin1","Siaya",,"Siaya",63,10000,60,60,0.802547770700637,0.0758500435919791,"Kenya / Siaya","Transferred Uganda survey estimate","Country","Transferred",52,5.2,60.0036726680481,,,,,,,FALSE,"Target achieved; continued support required within tested horizon"
"PPT_00091","Push-Pull","Kenya","Admin1","Vihiga",,"Vihiga",54,10000,10,12,0.47787610619469,0.0758500435919791,"Kenya / Vihiga","Transferred Uganda survey estimate","Country","Transferred",96,9.6,10.0490292883672,12,10.0490293082459,10.0490293082459,21.961176871944,33.4636422953328,39.508399975507,TRUE,"Target achieved; safe withdrawal identified"
"PPT_00092","Push-Pull","Kenya","Admin1","Vihiga",,"Vihiga",54,10000,10,24,0.47787610619469,0.0758500435919791,"Kenya / Vihiga","Transferred Uganda survey estimate","Country","Transferred",26,2.6,10.1083943620186,24,10.108396314219,10.108396314219,16.3445632152806,24.1953647762198,30.3695722684705,TRUE,"Target achieved; safe withdrawal identified"
"PPT_00093","Push-Pull","Kenya","Admin1","Vihiga",,"Vihiga",54,10000,10,36,0.47787610619469,0.0758500435919791,"Kenya / Vihiga","Transferred Uganda survey estimate","Country","Transferred",13,1.3,10.3339200802267,36,10.333921244062,10.333921244062,14.7459686315866,21.2498215721226,27.1571797728113,TRUE,"Target achieved; safe withdrawal identified"
"PPT_00094","Push-Pull","Kenya","Admin1","Vihiga",,"Vihiga",54,10000,10,48,0.47787610619469,0.0758500435919791,"Kenya / Vihiga","Transferred Uganda survey estimate","Country","Transferred",8,0.8,10.5035293544686,48,10.5035326260074,10.5035326260074,14.0511871702348,19.8916185518976,25.6167489197545,TRUE,"Target achieved; safe withdrawal identified"
"PPT_00095","Push-Pull","Kenya","Admin1","Vihiga",,"Vihiga",54,10000,10,60,0.47787610619469,0.0758500435919791,"Kenya / Vihiga","Transferred Uganda survey estimate","Country","Transferred",6,0.6,11.576866307688,60,11.5768704465774,11.5768704465774,14.8525535656453,20.5793054576645,26.2955324628006,TRUE,"Target achieved; safe withdrawal identified"
"PPT_00096","Push-Pull","Kenya","Admin1","Vihiga",,"Vihiga",54,10000,20,12,0.47787610619469,0.0758500435919791,"Kenya / Vihiga","Transferred Uganda survey estimate","Country","Transferred",265,26.5,20.0361694710848,12,20.0361694833557,20.0361694833557,38.765806487338,51.5765011169562,53.3440049248905,TRUE,"Target achieved; safe withdrawal identified"
"PPT_00097","Push-Pull","Kenya","Admin1","Vihiga",,"Vihiga",54,10000,20,24,0.47787610619469,0.0758500435919791,"Kenya / Vihiga","Transferred Uganda survey estimate","Country","Transferred",61,6.1,20.0614429905059,24,20.0614413990056,20.0614413990056,30.4403470476539,40.2523086767534,44.6754584496302,TRUE,"Target achieved; safe withdrawal identified"
"PPT_00098","Push-Pull","Kenya","Admin1","Vihiga",,"Vihiga",54,10000,20,36,0.47787610619469,0.0758500435919791,"Kenya / Vihiga","Transferred Uganda survey estimate","Country","Transferred",29,2.9,20.1160688521395,36,20.1160688280579,20.1160688280579,27.3197623796393,35.5870019428907,40.6372424390919,TRUE,"Target achieved; safe withdrawal identified"
"PPT_00099","Push-Pull","Kenya","Admin1","Vihiga",,"Vihiga",54,10000,20,48,0.47787610619469,0.0758500435919791,"Kenya / Vihiga","Transferred Uganda survey estimate","Country","Transferred",18,1.8,20.6476013004429,48,20.6476012996786,20.6476012996786,26.3795573199068,33.8106433628689,38.9719332018837,TRUE,"Target achieved; safe withdrawal identified"
"PPT_00100","Push-Pull","Kenya","Admin1","Vihiga",,"Vihiga",54,10000,20,60,0.47787610619469,0.0758500435919791,"Kenya / Vihiga","Transferred Uganda survey estimate","Country","Transferred",12,1.2,20.5209377531436,60,20.5209380329727,20.5209380329727,25.3372537531354,32.2523148081747,37.5221692874751,TRUE,"Target achieved; safe withdrawal identified"
"PPT_00101","Push-Pull","Kenya","Admin1","Vihiga",,"Vihiga",54,10000,30,12,0.47787610619469,0.0758500435919791,"Kenya / Vihiga","Transferred Uganda survey estimate","Country","Transferred",,,,,,,,,,FALSE,"Target not achieved with <= 500 ToTs"
"PPT_00102","Push-Pull","Kenya","Admin1","Vihiga",,"Vihiga",54,10000,30,24,0.47787610619469,0.0758500435919791,"Kenya / Vihiga","Transferred Uganda survey estimate","Country","Transferred",115,11.5,30.1412220373413,24,30.1412090676994,30.1412090676994,42.6473167550568,51.252652610472,52.3731465754881,TRUE,"Target achieved; safe withdrawal identified"
"PPT_00103","Push-Pull","Kenya","Admin1","Vihiga",,"Vihiga",54,10000,30,36,0.47787610619469,0.0758500435919791,"Kenya / Vihiga","Transferred Uganda survey estimate","Country","Transferred",52,5.2,30.2618367804933,36,30.2618364378131,30.2618364378131,38.9658753187764,46.3708861415235,48.7421158634031,TRUE,"Target achieved; safe withdrawal identified"
"PPT_00104","Push-Pull","Kenya","Admin1","Vihiga",,"Vihiga",54,10000,30,48,0.47787610619469,0.0758500435919791,"Kenya / Vihiga","Transferred Uganda survey estimate","Country","Transferred",31,3.1,30.3868614825394,48,30.3868614653294,30.3868614653294,37.1087714052296,43.7531225130644,46.6645580402079,TRUE,"Target achieved; safe withdrawal identified"
"PPT_00105","Push-Pull","Kenya","Admin1","Vihiga",,"Vihiga",54,10000,30,60,0.47787610619469,0.0758500435919791,"Kenya / Vihiga","Transferred Uganda survey estimate","Country","Transferred",21,2.1,30.5503696230086,60,30.5503608118372,30.5503608118372,36.1121762198215,42.2501861560753,45.4168302699826,TRUE,"Target achieved; safe withdrawal identified"
"PPT_00106","Push-Pull","Kenya","Admin1","Vihiga",,"Vihiga",54,10000,40,12,0.47787610619469,0.0758500435919791,"Kenya / Vihiga","Transferred Uganda survey estimate","Country","Transferred",,,,,,,,,,FALSE,"Target not achieved with <= 500 ToTs"
"PPT_00107","Push-Pull","Kenya","Admin1","Vihiga",,"Vihiga",54,10000,40,24,0.47787610619469,0.0758500435919791,"Kenya / Vihiga","Transferred Uganda survey estimate","Country","Transferred",216,21.6,40.0231286212276,24,40.0231202236501,40.0231202236501,52.3713726297736,58.0955231380797,56.271609160948,TRUE,"Target achieved; safe withdrawal identified"
"PPT_00108","Push-Pull","Kenya","Admin1","Vihiga",,"Vihiga",54,10000,40,36,0.47787610619469,0.0758500435919791,"Kenya / Vihiga","Transferred Uganda survey estimate","Country","Transferred",87,8.7,40.178113366445,36,40.1780978122513,40.1780978122513,48.93793167593,53.8949837519139,53.4150038202452,TRUE,"Target achieved; safe withdrawal identified"
"PPT_00109","Push-Pull","Kenya","Admin1","Vihiga",,"Vihiga",54,10000,40,48,0.47787610619469,0.0758500435919791,"Kenya / Vihiga","Transferred Uganda survey estimate","Country","Transferred",50,5,40.088528985537,48,40.0885266410042,40.0885266410042,46.7189672763263,51.1484708935501,51.4482320618062,TRUE,"Target achieved; safe withdrawal identified"
"PPT_00110","Push-Pull","Kenya","Admin1","Vihiga",,"Vihiga",54,10000,40,60,0.47787610619469,0.0758500435919791,"Kenya / Vihiga","Transferred Uganda survey estimate","Country","Transferred",34,3.4,40.3992641459044,60,40.3992507423441,40.3992507423441,45.6949533563843,49.6404616877703,50.2860419607883,TRUE,"Target achieved; safe withdrawal identified"
"PPT_00111","Push-Pull","Kenya","Admin1","Vihiga",,"Vihiga",54,10000,50,12,0.47787610619469,0.0758500435919791,"Kenya / Vihiga","Transferred Uganda survey estimate","Country","Transferred",,,,,,,,,,FALSE,"Target not achieved with <= 500 ToTs"
"PPT_00112","Push-Pull","Kenya","Admin1","Vihiga",,"Vihiga",54,10000,50,24,0.47787610619469,0.0758500435919791,"Kenya / Vihiga","Transferred Uganda survey estimate","Country","Transferred",,,,,,,,,,FALSE,"Target not achieved with <= 500 ToTs"
"PPT_00113","Push-Pull","Kenya","Admin1","Vihiga",,"Vihiga",54,10000,50,36,0.47787610619469,0.0758500435919791,"Kenya / Vihiga","Transferred Uganda survey estimate","Country","Transferred",156,15.6,50.0727475102268,36,50.0727402207195,50.0727402207195,57.3428351172503,58.9167498801896,55.9710626016984,TRUE,"Target achieved; safe withdrawal identified"
"PPT_00114","Push-Pull","Kenya","Admin1","Vihiga",,"Vihiga",54,10000,50,48,0.47787610619469,0.0758500435919791,"Kenya / Vihiga","Transferred Uganda survey estimate","Country","Transferred",84,8.4,50.0529865072297,48,50.0529864050934,50.0529864050934,55.4013802787099,56.6087052281153,54.3914978979524,TRUE,"Target achieved; safe withdrawal identified"
"PPT_00115","Push-Pull","Kenya","Admin1","Vihiga",,"Vihiga",54,10000,50,60,0.47787610619469,0.0758500435919791,"Kenya / Vihiga","Transferred Uganda survey estimate","Country","Transferred",56,5.6,50.176796402918,60,50.1767925164683,50.1767925164683,54.1901391269169,55.0424337851868,53.2592838881027,TRUE,"Target achieved; safe withdrawal identified"
"PPT_00116","Push-Pull","Kenya","Admin1","Vihiga",,"Vihiga",54,10000,60,12,0.47787610619469,0.0758500435919791,"Kenya / Vihiga","Transferred Uganda survey estimate","Country","Transferred",,,,,,,,,,FALSE,"Target not achieved with <= 500 ToTs"
"PPT_00117","Push-Pull","Kenya","Admin1","Vihiga",,"Vihiga",54,10000,60,24,0.47787610619469,0.0758500435919791,"Kenya / Vihiga","Transferred Uganda survey estimate","Country","Transferred",,,,,,,,,,FALSE,"Target not achieved with <= 500 ToTs"
"PPT_00118","Push-Pull","Kenya","Admin1","Vihiga",,"Vihiga",54,10000,60,36,0.47787610619469,0.0758500435919791,"Kenya / Vihiga","Transferred Uganda survey estimate","Country","Transferred",,,,,,,,,,FALSE,"Target not achieved with <= 500 ToTs"
"PPT_00119","Push-Pull","Kenya","Admin1","Vihiga",,"Vihiga",54,10000,60,48,0.47787610619469,0.0758500435919791,"Kenya / Vihiga","Transferred Uganda survey estimate","Country","Transferred",180,18,60.0471187609518,,,,,,,FALSE,"Target achieved; continued support required within tested horizon"
"PPT_00120","Push-Pull","Kenya","Admin1","Vihiga",,"Vihiga",54,10000,60,60,0.47787610619469,0.0758500435919791,"Kenya / Vihiga","Transferred Uganda survey estimate","Country","Transferred",112,11.2,60.0537993297745,,,,,,,FALSE,"Target achieved; continued support required within tested horizon"
"PPT_00121","Push-Pull","Kenya","Admin2","Homabay","Homa Bay","Homa Bay",17,10000,10,12,0.306666666666667,0.0758500435919791,"Kenya / Homabay","Transferred Uganda survey estimate","Admin2","Transferred",162,16.2,10.0385763848589,12,10.038576826248,10.038576826248,21.9695080948999,33.7090633607424,38.5915175734208,TRUE,"Target achieved; safe withdrawal identified"
"PPT_00122","Push-Pull","Kenya","Admin2","Homabay","Homa Bay","Homa Bay",17,10000,10,24,0.306666666666667,0.0758500435919791,"Kenya / Homabay","Transferred Uganda survey estimate","Admin2","Transferred",40,4,10.1392436676024,24,10.139243760586,10.139243760586,16.5071351866102,24.1110924813931,28.9955798329877,TRUE,"Target achieved; safe withdrawal identified"
"PPT_00123","Push-Pull","Kenya","Admin2","Homabay","Homa Bay","Homa Bay",17,10000,10,36,0.306666666666667,0.0758500435919791,"Kenya / Homabay","Transferred Uganda survey estimate","Admin2","Transferred",19,1.9,10.1753997059657,36,10.1753998515286,10.1753998515286,14.5238201287672,20.4215231264983,24.9630435610398,TRUE,"Target achieved; safe withdrawal identified"
"PPT_00124","Push-Pull","Kenya","Admin2","Homabay","Homa Bay","Homa Bay",17,10000,10,48,0.306666666666667,0.0758500435919791,"Kenya / Homabay","Transferred Uganda survey estimate","Admin2","Transferred",12,1.2,10.6533785662326,48,10.6533786385381,10.6533786385381,14.1319065520018,19.2776637554735,23.6072732575563,TRUE,"Target achieved; safe withdrawal identified"
"PPT_00125","Push-Pull","Kenya","Admin2","Homabay","Homa Bay","Homa Bay",17,10000,10,60,0.306666666666667,0.0758500435919791,"Kenya / Homabay","Transferred Uganda survey estimate","Admin2","Transferred",8,0.8,10.563715408472,60,10.5637171671893,10.5637171671893,13.4311166513306,18.0201501150348,22.1738271394268,TRUE,"Target achieved; safe withdrawal identified"
"PPT_00126","Push-Pull","Kenya","Admin2","Homabay","Homa Bay","Homa Bay",17,10000,20,12,0.306666666666667,0.0758500435919791,"Kenya / Homabay","Transferred Uganda survey estimate","Admin2","Transferred",,,,,,,,,,FALSE,"Target not achieved with <= 500 ToTs"
"PPT_00127","Push-Pull","Kenya","Admin2","Homabay","Homa Bay","Homa Bay",17,10000,20,24,0.306666666666667,0.0758500435919791,"Kenya / Homabay","Transferred Uganda survey estimate","Admin2","Transferred",103,10.3,20.0585765871141,24,20.0585765733728,20.0585765733728,30.1723451576483,39.57737937268,42.7593775740148,TRUE,"Target achieved; safe withdrawal identified"
"PPT_00128","Push-Pull","Kenya","Admin2","Homabay","Homa Bay","Homa Bay",17,10000,20,36,0.306666666666667,0.0758500435919791,"Kenya / Homabay","Transferred Uganda survey estimate","Admin2","Transferred",46,4.6,20.241182920627,36,20.2411816838442,20.2411816838442,27.2940913898659,34.8175342264275,38.4241397906657,TRUE,"Target achieved; safe withdrawal identified"
"PPT_00129","Push-Pull","Kenya","Admin2","Homabay","Homa Bay","Homa Bay",17,10000,20,48,0.306666666666667,0.0758500435919791,"Kenya / Homabay","Transferred Uganda survey estimate","Admin2","Transferred",27,2.7,20.2901213841794,48,20.2901194121465,20.2901194121465,25.7087181159411,32.1432481219245,35.8710981323625,TRUE,"Target achieved; safe withdrawal identified"
"PPT_00130","Push-Pull","Kenya","Admin2","Homabay","Homa Bay","Homa Bay",17,10000,20,60,0.306666666666667,0.0758500435919791,"Kenya / Homabay","Transferred Uganda survey estimate","Admin2","Transferred",18,1.8,20.2556495887912,60,20.2556476267236,20.2556476267236,24.6978117168518,30.4526330835402,34.2157401344235,TRUE,"Target achieved; safe withdrawal identified"
"PPT_00131","Push-Pull","Kenya","Admin2","Homabay","Homa Bay","Homa Bay",17,10000,30,12,0.306666666666667,0.0758500435919791,"Kenya / Homabay","Transferred Uganda survey estimate","Admin2","Transferred",,,,,,,,,,FALSE,"Target not achieved with <= 500 ToTs"
"PPT_00132","Push-Pull","Kenya","Admin2","Homabay","Homa Bay","Homa Bay",17,10000,30,24,0.306666666666667,0.0758500435919791,"Kenya / Homabay","Transferred Uganda survey estimate","Admin2","Transferred",243,24.3,30.0050052917755,24,30.0050001769819,30.0050001769819,41.0112348745377,48.9922926620916,49.4962244187619,TRUE,"Target achieved; safe withdrawal identified"
"PPT_00133","Push-Pull","Kenya","Admin2","Homabay","Homa Bay","Homa Bay",17,10000,30,36,0.306666666666667,0.0758500435919791,"Kenya / Homabay","Transferred Uganda survey estimate","Admin2","Transferred",89,8.9,30.0002284574929,36,30.0002282514214,30.0002282514214,38.0836759524122,44.7089255922699,46.0104349303923,TRUE,"Target achieved; safe withdrawal identified"
"PPT_00134","Push-Pull","Kenya","Admin2","Homabay","Homa Bay","Homa Bay",17,10000,30,48,0.306666666666667,0.0758500435919791,"Kenya / Homabay","Transferred Uganda survey estimate","Admin2","Transferred",50,5,30.0998593939594,48,30.0998590308765,30.0998590308765,36.307163004512,41.9469377690231,43.6446041051386,TRUE,"Target achieved; safe withdrawal identified"
"PPT_00135","Push-Pull","Kenya","Admin2","Homabay","Homa Bay","Homa Bay",17,10000,30,60,0.306666666666667,0.0758500435919791,"Kenya / Homabay","Transferred Uganda survey estimate","Admin2","Transferred",33,3.3,30.1573382635039,60,30.1573326698045,30.1573326698045,35.1784672643323,40.1536344647569,42.0593291817254,TRUE,"Target achieved; safe withdrawal identified"
"PPT_00136","Push-Pull","Kenya","Admin2","Homabay","Homa Bay","Homa Bay",17,10000,40,12,0.306666666666667,0.0758500435919791,"Kenya / Homabay","Transferred Uganda survey estimate","Admin2","Transferred",,,,,,,,,,FALSE,"Target not achieved with <= 500 ToTs"
"PPT_00137","Push-Pull","Kenya","Admin2","Homabay","Homa Bay","Homa Bay",17,10000,40,24,0.306666666666667,0.0758500435919791,"Kenya / Homabay","Transferred Uganda survey estimate","Admin2","Transferred",,,,,,,,,,FALSE,"Target not achieved with <= 500 ToTs"
"PPT_00138","Push-Pull","Kenya","Admin2","Homabay","Homa Bay","Homa Bay",17,10000,40,36,0.306666666666667,0.0758500435919791,"Kenya / Homabay","Transferred Uganda survey estimate","Admin2","Transferred",192,19.2,40.0331830223465,36,40.033183017699,40.033183017699,47.3135654988159,51.3666656583817,50.2484501016141,TRUE,"Target achieved; safe withdrawal identified"
"PPT_00139","Push-Pull","Kenya","Admin2","Homabay","Homa Bay","Homa Bay",17,10000,40,48,0.306666666666667,0.0758500435919791,"Kenya / Homabay","Transferred Uganda survey estimate","Admin2","Transferred",93,9.3,40.0185667838566,48,40.0185594603485,40.0185594603485,45.7222914184261,49.1100096936105,48.445503438074,TRUE,"Target achieved; safe withdrawal identified"
"PPT_00140","Push-Pull","Kenya","Admin2","Homabay","Homa Bay","Homa Bay",17,10000,40,60,0.306666666666667,0.0758500435919791,"Kenya / Homabay","Transferred Uganda survey estimate","Admin2","Transferred",59,5.9,40.0918368750837,60,40.0918334054304,40.0918334054304,44.6119127037409,47.4435452970143,47.0662614029327,TRUE,"Target achieved; safe withdrawal identified"
"PPT_00141","Push-Pull","Kenya","Admin2","Homabay","Homa Bay","Homa Bay",17,10000,50,12,0.306666666666667,0.0758500435919791,"Kenya / Homabay","Transferred Uganda survey estimate","Admin2","Transferred",,,,,,,,,,FALSE,"Target not achieved with <= 500 ToTs"
"PPT_00142","Push-Pull","Kenya","Admin2","Homabay","Homa Bay","Homa Bay",17,10000,50,24,0.306666666666667,0.0758500435919791,"Kenya / Homabay","Transferred Uganda survey estimate","Admin2","Transferred",,,,,,,,,,FALSE,"Target not achieved with <= 500 ToTs"
"PPT_00143","Push-Pull","Kenya","Admin2","Homabay","Homa Bay","Homa Bay",17,10000,50,36,0.306666666666667,0.0758500435919791,"Kenya / Homabay","Transferred Uganda survey estimate","Admin2","Transferred",,,,,,,,,,FALSE,"Target not achieved with <= 500 ToTs"
"PPT_00144","Push-Pull","Kenya","Admin2","Homabay","Homa Bay","Homa Bay",17,10000,50,48,0.306666666666667,0.0758500435919791,"Kenya / Homabay","Transferred Uganda survey estimate","Admin2","Transferred",245,24.5,50.008841771443,48,50.0088069586467,50.0088069586467,53.7204421892114,53.816680114174,50.9890040905417,TRUE,"Target achieved; safe withdrawal identified"
"PPT_00145","Push-Pull","Kenya","Admin2","Homabay","Homa Bay","Homa Bay",17,10000,50,60,0.306666666666667,0.0758500435919791,"Kenya / Homabay","Transferred Uganda survey estimate","Admin2","Transferred",127,12.7,50.05293180205,,,,,,,FALSE,"Target achieved; continued support required within tested horizon"
"PPT_00146","Push-Pull","Kenya","Admin2","Homabay","Homa Bay","Homa Bay",17,10000,60,12,0.306666666666667,0.0758500435919791,"Kenya / Homabay","Transferred Uganda survey estimate","Admin2","Transferred",,,,,,,,,,FALSE,"Target not achieved with <= 500 ToTs"
"PPT_00147","Push-Pull","Kenya","Admin2","Homabay","Homa Bay","Homa Bay",17,10000,60,24,0.306666666666667,0.0758500435919791,"Kenya / Homabay","Transferred Uganda survey estimate","Admin2","Transferred",,,,,,,,,,FALSE,"Target not achieved with <= 500 ToTs"
"PPT_00148","Push-Pull","Kenya","Admin2","Homabay","Homa Bay","Homa Bay",17,10000,60,36,0.306666666666667,0.0758500435919791,"Kenya / Homabay","Transferred Uganda survey estimate","Admin2","Transferred",,,,,,,,,,FALSE,"Target not achieved with <= 500 ToTs"
"PPT_00149","Push-Pull","Kenya","Admin2","Homabay","Homa Bay","Homa Bay",17,10000,60,48,0.306666666666667,0.0758500435919791,"Kenya / Homabay","Transferred Uganda survey estimate","Admin2","Transferred",,,,,,,,,,FALSE,"Target not achieved with <= 500 ToTs"
"PPT_00150","Push-Pull","Kenya","Admin2","Homabay","Homa Bay","Homa Bay",17,10000,60,60,0.306666666666667,0.0758500435919791,"Kenya / Homabay","Transferred Uganda survey estimate","Admin2","Transferred",,,,,,,,,,FALSE,"Target not achieved with <= 500 ToTs"
"PPT_00151","Push-Pull","Kenya","Admin2","Homabay","Mbita","Mbita",13,10000,10,12,0.306666666666667,0.0758500435919791,"Kenya / Homabay","Transferred Uganda survey estimate","Admin2","Transferred",162,16.2,10.0385763848589,12,10.038576826248,10.038576826248,21.9695080948999,33.7090633607424,38.5915175734208,TRUE,"Target achieved; safe withdrawal identified"
"PPT_00152","Push-Pull","Kenya","Admin2","Homabay","Mbita","Mbita",13,10000,10,24,0.306666666666667,0.0758500435919791,"Kenya / Homabay","Transferred Uganda survey estimate","Admin2","Transferred",40,4,10.1392436676024,24,10.139243760586,10.139243760586,16.5071351866102,24.1110924813931,28.9955798329877,TRUE,"Target achieved; safe withdrawal identified"
"PPT_00153","Push-Pull","Kenya","Admin2","Homabay","Mbita","Mbita",13,10000,10,36,0.306666666666667,0.0758500435919791,"Kenya / Homabay","Transferred Uganda survey estimate","Admin2","Transferred",19,1.9,10.1753997059657,36,10.1753998515286,10.1753998515286,14.5238201287672,20.4215231264983,24.9630435610398,TRUE,"Target achieved; safe withdrawal identified"
"PPT_00154","Push-Pull","Kenya","Admin2","Homabay","Mbita","Mbita",13,10000,10,48,0.306666666666667,0.0758500435919791,"Kenya / Homabay","Transferred Uganda survey estimate","Admin2","Transferred",12,1.2,10.6533785662326,48,10.6533786385381,10.6533786385381,14.1319065520018,19.2776637554735,23.6072732575563,TRUE,"Target achieved; safe withdrawal identified"
"PPT_00155","Push-Pull","Kenya","Admin2","Homabay","Mbita","Mbita",13,10000,10,60,0.306666666666667,0.0758500435919791,"Kenya / Homabay","Transferred Uganda survey estimate","Admin2","Transferred",8,0.8,10.563715408472,60,10.5637171671893,10.5637171671893,13.4311166513306,18.0201501150348,22.1738271394268,TRUE,"Target achieved; safe withdrawal identified"
"PPT_00156","Push-Pull","Kenya","Admin2","Homabay","Mbita","Mbita",13,10000,20,12,0.306666666666667,0.0758500435919791,"Kenya / Homabay","Transferred Uganda survey estimate","Admin2","Transferred",,,,,,,,,,FALSE,"Target not achieved with <= 500 ToTs"
"PPT_00157","Push-Pull","Kenya","Admin2","Homabay","Mbita","Mbita",13,10000,20,24,0.306666666666667,0.0758500435919791,"Kenya / Homabay","Transferred Uganda survey estimate","Admin2","Transferred",103,10.3,20.0585765871141,24,20.0585765733728,20.0585765733728,30.1723451576483,39.57737937268,42.7593775740148,TRUE,"Target achieved; safe withdrawal identified"
"PPT_00158","Push-Pull","Kenya","Admin2","Homabay","Mbita","Mbita",13,10000,20,36,0.306666666666667,0.0758500435919791,"Kenya / Homabay","Transferred Uganda survey estimate","Admin2","Transferred",46,4.6,20.241182920627,36,20.2411816838442,20.2411816838442,27.2940913898659,34.8175342264275,38.4241397906657,TRUE,"Target achieved; safe withdrawal identified"
"PPT_00159","Push-Pull","Kenya","Admin2","Homabay","Mbita","Mbita",13,10000,20,48,0.306666666666667,0.0758500435919791,"Kenya / Homabay","Transferred Uganda survey estimate","Admin2","Transferred",27,2.7,20.2901213841794,48,20.2901194121465,20.2901194121465,25.7087181159411,32.1432481219245,35.8710981323625,TRUE,"Target achieved; safe withdrawal identified"
"PPT_00160","Push-Pull","Kenya","Admin2","Homabay","Mbita","Mbita",13,10000,20,60,0.306666666666667,0.0758500435919791,"Kenya / Homabay","Transferred Uganda survey estimate","Admin2","Transferred",18,1.8,20.2556495887912,60,20.2556476267236,20.2556476267236,24.6978117168518,30.4526330835402,34.2157401344235,TRUE,"Target achieved; safe withdrawal identified"
"PPT_00161","Push-Pull","Kenya","Admin2","Homabay","Mbita","Mbita",13,10000,30,12,0.306666666666667,0.0758500435919791,"Kenya / Homabay","Transferred Uganda survey estimate","Admin2","Transferred",,,,,,,,,,FALSE,"Target not achieved with <= 500 ToTs"
"PPT_00162","Push-Pull","Kenya","Admin2","Homabay","Mbita","Mbita",13,10000,30,24,0.306666666666667,0.0758500435919791,"Kenya / Homabay","Transferred Uganda survey estimate","Admin2","Transferred",243,24.3,30.0050052917755,24,30.0050001769819,30.0050001769819,41.0112348745377,48.9922926620916,49.4962244187619,TRUE,"Target achieved; safe withdrawal identified"
"PPT_00163","Push-Pull","Kenya","Admin2","Homabay","Mbita","Mbita",13,10000,30,36,0.306666666666667,0.0758500435919791,"Kenya / Homabay","Transferred Uganda survey estimate","Admin2","Transferred",89,8.9,30.0002284574929,36,30.0002282514214,30.0002282514214,38.0836759524122,44.7089255922699,46.0104349303923,TRUE,"Target achieved; safe withdrawal identified"
"PPT_00164","Push-Pull","Kenya","Admin2","Homabay","Mbita","Mbita",13,10000,30,48,0.306666666666667,0.0758500435919791,"Kenya / Homabay","Transferred Uganda survey estimate","Admin2","Transferred",50,5,30.0998593939594,48,30.0998590308765,30.0998590308765,36.307163004512,41.9469377690231,43.6446041051386,TRUE,"Target achieved; safe withdrawal identified"
"PPT_00165","Push-Pull","Kenya","Admin2","Homabay","Mbita","Mbita",13,10000,30,60,0.306666666666667,0.0758500435919791,"Kenya / Homabay","Transferred Uganda survey estimate","Admin2","Transferred",33,3.3,30.1573382635039,60,30.1573326698045,30.1573326698045,35.1784672643323,40.1536344647569,42.0593291817254,TRUE,"Target achieved; safe withdrawal identified"
"PPT_00166","Push-Pull","Kenya","Admin2","Homabay","Mbita","Mbita",13,10000,40,12,0.306666666666667,0.0758500435919791,"Kenya / Homabay","Transferred Uganda survey estimate","Admin2","Transferred",,,,,,,,,,FALSE,"Target not achieved with <= 500 ToTs"
"PPT_00167","Push-Pull","Kenya","Admin2","Homabay","Mbita","Mbita",13,10000,40,24,0.306666666666667,0.0758500435919791,"Kenya / Homabay","Transferred Uganda survey estimate","Admin2","Transferred",,,,,,,,,,FALSE,"Target not achieved with <= 500 ToTs"
"PPT_00168","Push-Pull","Kenya","Admin2","Homabay","Mbita","Mbita",13,10000,40,36,0.306666666666667,0.0758500435919791,"Kenya / Homabay","Transferred Uganda survey estimate","Admin2","Transferred",192,19.2,40.0331830223465,36,40.033183017699,40.033183017699,47.3135654988159,51.3666656583817,50.2484501016141,TRUE,"Target achieved; safe withdrawal identified"
"PPT_00169","Push-Pull","Kenya","Admin2","Homabay","Mbita","Mbita",13,10000,40,48,0.306666666666667,0.0758500435919791,"Kenya / Homabay","Transferred Uganda survey estimate","Admin2","Transferred",93,9.3,40.0185667838566,48,40.0185594603485,40.0185594603485,45.7222914184261,49.1100096936105,48.445503438074,TRUE,"Target achieved; safe withdrawal identified"
"PPT_00170","Push-Pull","Kenya","Admin2","Homabay","Mbita","Mbita",13,10000,40,60,0.306666666666667,0.0758500435919791,"Kenya / Homabay","Transferred Uganda survey estimate","Admin2","Transferred",59,5.9,40.0918368750837,60,40.0918334054304,40.0918334054304,44.6119127037409,47.4435452970143,47.0662614029327,TRUE,"Target achieved; safe withdrawal identified"
"PPT_00171","Push-Pull","Kenya","Admin2","Homabay","Mbita","Mbita",13,10000,50,12,0.306666666666667,0.0758500435919791,"Kenya / Homabay","Transferred Uganda survey estimate","Admin2","Transferred",,,,,,,,,,FALSE,"Target not achieved with <= 500 ToTs"
"PPT_00172","Push-Pull","Kenya","Admin2","Homabay","Mbita","Mbita",13,10000,50,24,0.306666666666667,0.0758500435919791,"Kenya / Homabay","Transferred Uganda survey estimate","Admin2","Transferred",,,,,,,,,,FALSE,"Target not achieved with <= 500 ToTs"
"PPT_00173","Push-Pull","Kenya","Admin2","Homabay","Mbita","Mbita",13,10000,50,36,0.306666666666667,0.0758500435919791,"Kenya / Homabay","Transferred Uganda survey estimate","Admin2","Transferred",,,,,,,,,,FALSE,"Target not achieved with <= 500 ToTs"
"PPT_00174","Push-Pull","Kenya","Admin2","Homabay","Mbita","Mbita",13,10000,50,48,0.306666666666667,0.0758500435919791,"Kenya / Homabay","Transferred Uganda survey estimate","Admin2","Transferred",245,24.5,50.008841771443,48,50.0088069586467,50.0088069586467,53.7204421892114,53.816680114174,50.9890040905417,TRUE,"Target achieved; safe withdrawal identified"
"PPT_00175","Push-Pull","Kenya","Admin2","Homabay","Mbita","Mbita",13,10000,50,60,0.306666666666667,0.0758500435919791,"Kenya / Homabay","Transferred Uganda survey estimate","Admin2","Transferred",127,12.7,50.05293180205,,,,,,,FALSE,"Target achieved; continued support required within tested horizon"
"PPT_00176","Push-Pull","Kenya","Admin2","Homabay","Mbita","Mbita",13,10000,60,12,0.306666666666667,0.0758500435919791,"Kenya / Homabay","Transferred Uganda survey estimate","Admin2","Transferred",,,,,,,,,,FALSE,"Target not achieved with <= 500 ToTs"
"PPT_00177","Push-Pull","Kenya","Admin2","Homabay","Mbita","Mbita",13,10000,60,24,0.306666666666667,0.0758500435919791,"Kenya / Homabay","Transferred Uganda survey estimate","Admin2","Transferred",,,,,,,,,,FALSE,"Target not achieved with <= 500 ToTs"
"PPT_00178","Push-Pull","Kenya","Admin2","Homabay","Mbita","Mbita",13,10000,60,36,0.306666666666667,0.0758500435919791,"Kenya / Homabay","Transferred Uganda survey estimate","Admin2","Transferred",,,,,,,,,,FALSE,"Target not achieved with <= 500 ToTs"
"PPT_00179","Push-Pull","Kenya","Admin2","Homabay","Mbita","Mbita",13,10000,60,48,0.306666666666667,0.0758500435919791,"Kenya / Homabay","Transferred Uganda survey estimate","Admin2","Transferred",,,,,,,,,,FALSE,"Target not achieved with <= 500 ToTs"
"PPT_00180","Push-Pull","Kenya","Admin2","Homabay","Mbita","Mbita",13,10000,60,60,0.306666666666667,0.0758500435919791,"Kenya / Homabay","Transferred Uganda survey estimate","Admin2","Transferred",,,,,,,,,,FALSE,"Target not achieved with <= 500 ToTs"
"PPT_00181","Push-Pull","Kenya","Admin2","Homabay","Suba","Suba",2,10000,10,12,0.306666666666667,0.0758500435919791,"Kenya / Homabay","Transferred Uganda survey estimate","Admin2","Transferred",162,16.2,10.0385763848589,12,10.038576826248,10.038576826248,21.9695080948999,33.7090633607424,38.5915175734208,TRUE,"Target achieved; safe withdrawal identified"
"PPT_00182","Push-Pull","Kenya","Admin2","Homabay","Suba","Suba",2,10000,10,24,0.306666666666667,0.0758500435919791,"Kenya / Homabay","Transferred Uganda survey estimate","Admin2","Transferred",40,4,10.1392436676024,24,10.139243760586,10.139243760586,16.5071351866102,24.1110924813931,28.9955798329877,TRUE,"Target achieved; safe withdrawal identified"
"PPT_00183","Push-Pull","Kenya","Admin2","Homabay","Suba","Suba",2,10000,10,36,0.306666666666667,0.0758500435919791,"Kenya / Homabay","Transferred Uganda survey estimate","Admin2","Transferred",19,1.9,10.1753997059657,36,10.1753998515286,10.1753998515286,14.5238201287672,20.4215231264983,24.9630435610398,TRUE,"Target achieved; safe withdrawal identified"
"PPT_00184","Push-Pull","Kenya","Admin2","Homabay","Suba","Suba",2,10000,10,48,0.306666666666667,0.0758500435919791,"Kenya / Homabay","Transferred Uganda survey estimate","Admin2","Transferred",12,1.2,10.6533785662326,48,10.6533786385381,10.6533786385381,14.1319065520018,19.2776637554735,23.6072732575563,TRUE,"Target achieved; safe withdrawal identified"
"PPT_00185","Push-Pull","Kenya","Admin2","Homabay","Suba","Suba",2,10000,10,60,0.306666666666667,0.0758500435919791,"Kenya / Homabay","Transferred Uganda survey estimate","Admin2","Transferred",8,0.8,10.563715408472,60,10.5637171671893,10.5637171671893,13.4311166513306,18.0201501150348,22.1738271394268,TRUE,"Target achieved; safe withdrawal identified"
"PPT_00186","Push-Pull","Kenya","Admin2","Homabay","Suba","Suba",2,10000,20,12,0.306666666666667,0.0758500435919791,"Kenya / Homabay","Transferred Uganda survey estimate","Admin2","Transferred",,,,,,,,,,FALSE,"Target not achieved with <= 500 ToTs"
"PPT_00187","Push-Pull","Kenya","Admin2","Homabay","Suba","Suba",2,10000,20,24,0.306666666666667,0.0758500435919791,"Kenya / Homabay","Transferred Uganda survey estimate","Admin2","Transferred",103,10.3,20.0585765871141,24,20.0585765733728,20.0585765733728,30.1723451576483,39.57737937268,42.7593775740148,TRUE,"Target achieved; safe withdrawal identified"
"PPT_00188","Push-Pull","Kenya","Admin2","Homabay","Suba","Suba",2,10000,20,36,0.306666666666667,0.0758500435919791,"Kenya / Homabay","Transferred Uganda survey estimate","Admin2","Transferred",46,4.6,20.241182920627,36,20.2411816838442,20.2411816838442,27.2940913898659,34.8175342264275,38.4241397906657,TRUE,"Target achieved; safe withdrawal identified"
"PPT_00189","Push-Pull","Kenya","Admin2","Homabay","Suba","Suba",2,10000,20,48,0.306666666666667,0.0758500435919791,"Kenya / Homabay","Transferred Uganda survey estimate","Admin2","Transferred",27,2.7,20.2901213841794,48,20.2901194121465,20.2901194121465,25.7087181159411,32.1432481219245,35.8710981323625,TRUE,"Target achieved; safe withdrawal identified"
"PPT_00190","Push-Pull","Kenya","Admin2","Homabay","Suba","Suba",2,10000,20,60,0.306666666666667,0.0758500435919791,"Kenya / Homabay","Transferred Uganda survey estimate","Admin2","Transferred",18,1.8,20.2556495887912,60,20.2556476267236,20.2556476267236,24.6978117168518,30.4526330835402,34.2157401344235,TRUE,"Target achieved; safe withdrawal identified"
"PPT_00191","Push-Pull","Kenya","Admin2","Homabay","Suba","Suba",2,10000,30,12,0.306666666666667,0.0758500435919791,"Kenya / Homabay","Transferred Uganda survey estimate","Admin2","Transferred",,,,,,,,,,FALSE,"Target not achieved with <= 500 ToTs"
"PPT_00192","Push-Pull","Kenya","Admin2","Homabay","Suba","Suba",2,10000,30,24,0.306666666666667,0.0758500435919791,"Kenya / Homabay","Transferred Uganda survey estimate","Admin2","Transferred",243,24.3,30.0050052917755,24,30.0050001769819,30.0050001769819,41.0112348745377,48.9922926620916,49.4962244187619,TRUE,"Target achieved; safe withdrawal identified"
"PPT_00193","Push-Pull","Kenya","Admin2","Homabay","Suba","Suba",2,10000,30,36,0.306666666666667,0.0758500435919791,"Kenya / Homabay","Transferred Uganda survey estimate","Admin2","Transferred",89,8.9,30.0002284574929,36,30.0002282514214,30.0002282514214,38.0836759524122,44.7089255922699,46.0104349303923,TRUE,"Target achieved; safe withdrawal identified"
"PPT_00194","Push-Pull","Kenya","Admin2","Homabay","Suba","Suba",2,10000,30,48,0.306666666666667,0.0758500435919791,"Kenya / Homabay","Transferred Uganda survey estimate","Admin2","Transferred",50,5,30.0998593939594,48,30.0998590308765,30.0998590308765,36.307163004512,41.9469377690231,43.6446041051386,TRUE,"Target achieved; safe withdrawal identified"
"PPT_00195","Push-Pull","Kenya","Admin2","Homabay","Suba","Suba",2,10000,30,60,0.306666666666667,0.0758500435919791,"Kenya / Homabay","Transferred Uganda survey estimate","Admin2","Transferred",33,3.3,30.1573382635039,60,30.1573326698045,30.1573326698045,35.1784672643323,40.1536344647569,42.0593291817254,TRUE,"Target achieved; safe withdrawal identified"
"PPT_00196","Push-Pull","Kenya","Admin2","Homabay","Suba","Suba",2,10000,40,12,0.306666666666667,0.0758500435919791,"Kenya / Homabay","Transferred Uganda survey estimate","Admin2","Transferred",,,,,,,,,,FALSE,"Target not achieved with <= 500 ToTs"
"PPT_00197","Push-Pull","Kenya","Admin2","Homabay","Suba","Suba",2,10000,40,24,0.306666666666667,0.0758500435919791,"Kenya / Homabay","Transferred Uganda survey estimate","Admin2","Transferred",,,,,,,,,,FALSE,"Target not achieved with <= 500 ToTs"
"PPT_00198","Push-Pull","Kenya","Admin2","Homabay","Suba","Suba",2,10000,40,36,0.306666666666667,0.0758500435919791,"Kenya / Homabay","Transferred Uganda survey estimate","Admin2","Transferred",192,19.2,40.0331830223465,36,40.033183017699,40.033183017699,47.3135654988159,51.3666656583817,50.2484501016141,TRUE,"Target achieved; safe withdrawal identified"
"PPT_00199","Push-Pull","Kenya","Admin2","Homabay","Suba","Suba",2,10000,40,48,0.306666666666667,0.0758500435919791,"Kenya / Homabay","Transferred Uganda survey estimate","Admin2","Transferred",93,9.3,40.0185667838566,48,40.0185594603485,40.0185594603485,45.7222914184261,49.1100096936105,48.445503438074,TRUE,"Target achieved; safe withdrawal identified"
"PPT_00200","Push-Pull","Kenya","Admin2","Homabay","Suba","Suba",2,10000,40,60,0.306666666666667,0.0758500435919791,"Kenya / Homabay","Transferred Uganda survey estimate","Admin2","Transferred",59,5.9,40.0918368750837,60,40.0918334054304,40.0918334054304,44.6119127037409,47.4435452970143,47.0662614029327,TRUE,"Target achieved; safe withdrawal identified"
"PPT_00201","Push-Pull","Kenya","Admin2","Homabay","Suba","Suba",2,10000,50,12,0.306666666666667,0.0758500435919791,"Kenya / Homabay","Transferred Uganda survey estimate","Admin2","Transferred",,,,,,,,,,FALSE,"Target not achieved with <= 500 ToTs"
"PPT_00202","Push-Pull","Kenya","Admin2","Homabay","Suba","Suba",2,10000,50,24,0.306666666666667,0.0758500435919791,"Kenya / Homabay","Transferred Uganda survey estimate","Admin2","Transferred",,,,,,,,,,FALSE,"Target not achieved with <= 500 ToTs"
"PPT_00203","Push-Pull","Kenya","Admin2","Homabay","Suba","Suba",2,10000,50,36,0.306666666666667,0.0758500435919791,"Kenya / Homabay","Transferred Uganda survey estimate","Admin2","Transferred",,,,,,,,,,FALSE,"Target not achieved with <= 500 ToTs"
"PPT_00204","Push-Pull","Kenya","Admin2","Homabay","Suba","Suba",2,10000,50,48,0.306666666666667,0.0758500435919791,"Kenya / Homabay","Transferred Uganda survey estimate","Admin2","Transferred",245,24.5,50.008841771443,48,50.0088069586467,50.0088069586467,53.7204421892114,53.816680114174,50.9890040905417,TRUE,"Target achieved; safe withdrawal identified"
"PPT_00205","Push-Pull","Kenya","Admin2","Homabay","Suba","Suba",2,10000,50,60,0.306666666666667,0.0758500435919791,"Kenya / Homabay","Transferred Uganda survey estimate","Admin2","Transferred",127,12.7,50.05293180205,,,,,,,FALSE,"Target achieved; continued support required within tested horizon"
"PPT_00206","Push-Pull","Kenya","Admin2","Homabay","Suba","Suba",2,10000,60,12,0.306666666666667,0.0758500435919791,"Kenya / Homabay","Transferred Uganda survey estimate","Admin2","Transferred",,,,,,,,,,FALSE,"Target not achieved with <= 500 ToTs"
"PPT_00207","Push-Pull","Kenya","Admin2","Homabay","Suba","Suba",2,10000,60,24,0.306666666666667,0.0758500435919791,"Kenya / Homabay","Transferred Uganda survey estimate","Admin2","Transferred",,,,,,,,,,FALSE,"Target not achieved with <= 500 ToTs"
"PPT_00208","Push-Pull","Kenya","Admin2","Homabay","Suba","Suba",2,10000,60,36,0.306666666666667,0.0758500435919791,"Kenya / Homabay","Transferred Uganda survey estimate","Admin2","Transferred",,,,,,,,,,FALSE,"Target not achieved with <= 500 ToTs"
"PPT_00209","Push-Pull","Kenya","Admin2","Homabay","Suba","Suba",2,10000,60,48,0.306666666666667,0.0758500435919791,"Kenya / Homabay","Transferred Uganda survey estimate","Admin2","Transferred",,,,,,,,,,FALSE,"Target not achieved with <= 500 ToTs"
"PPT_00210","Push-Pull","Kenya","Admin2","Homabay","Suba","Suba",2,10000,60,60,0.306666666666667,0.0758500435919791,"Kenya / Homabay","Transferred Uganda survey estimate","Admin2","Transferred",,,,,,,,,,FALSE,"Target not achieved with <= 500 ToTs"
"PPT_00211","Push-Pull","Kenya","Admin2","Homabay","Suba North","Suba North",13,10000,10,12,0.306666666666667,0.0758500435919791,"Kenya / Homabay","Transferred Uganda survey estimate","Admin2","Transferred",162,16.2,10.0385763848589,12,10.038576826248,10.038576826248,21.9695080948999,33.7090633607424,38.5915175734208,TRUE,"Target achieved; safe withdrawal identified"
"PPT_00212","Push-Pull","Kenya","Admin2","Homabay","Suba North","Suba North",13,10000,10,24,0.306666666666667,0.0758500435919791,"Kenya / Homabay","Transferred Uganda survey estimate","Admin2","Transferred",40,4,10.1392436676024,24,10.139243760586,10.139243760586,16.5071351866102,24.1110924813931,28.9955798329877,TRUE,"Target achieved; safe withdrawal identified"
"PPT_00213","Push-Pull","Kenya","Admin2","Homabay","Suba North","Suba North",13,10000,10,36,0.306666666666667,0.0758500435919791,"Kenya / Homabay","Transferred Uganda survey estimate","Admin2","Transferred",19,1.9,10.1753997059657,36,10.1753998515286,10.1753998515286,14.5238201287672,20.4215231264983,24.9630435610398,TRUE,"Target achieved; safe withdrawal identified"
"PPT_00214","Push-Pull","Kenya","Admin2","Homabay","Suba North","Suba North",13,10000,10,48,0.306666666666667,0.0758500435919791,"Kenya / Homabay","Transferred Uganda survey estimate","Admin2","Transferred",12,1.2,10.6533785662326,48,10.6533786385381,10.6533786385381,14.1319065520018,19.2776637554735,23.6072732575563,TRUE,"Target achieved; safe withdrawal identified"
"PPT_00215","Push-Pull","Kenya","Admin2","Homabay","Suba North","Suba North",13,10000,10,60,0.306666666666667,0.0758500435919791,"Kenya / Homabay","Transferred Uganda survey estimate","Admin2","Transferred",8,0.8,10.563715408472,60,10.5637171671893,10.5637171671893,13.4311166513306,18.0201501150348,22.1738271394268,TRUE,"Target achieved; safe withdrawal identified"
"PPT_00216","Push-Pull","Kenya","Admin2","Homabay","Suba North","Suba North",13,10000,20,12,0.306666666666667,0.0758500435919791,"Kenya / Homabay","Transferred Uganda survey estimate","Admin2","Transferred",,,,,,,,,,FALSE,"Target not achieved with <= 500 ToTs"
"PPT_00217","Push-Pull","Kenya","Admin2","Homabay","Suba North","Suba North",13,10000,20,24,0.306666666666667,0.0758500435919791,"Kenya / Homabay","Transferred Uganda survey estimate","Admin2","Transferred",103,10.3,20.0585765871141,24,20.0585765733728,20.0585765733728,30.1723451576483,39.57737937268,42.7593775740148,TRUE,"Target achieved; safe withdrawal identified"
"PPT_00218","Push-Pull","Kenya","Admin2","Homabay","Suba North","Suba North",13,10000,20,36,0.306666666666667,0.0758500435919791,"Kenya / Homabay","Transferred Uganda survey estimate","Admin2","Transferred",46,4.6,20.241182920627,36,20.2411816838442,20.2411816838442,27.2940913898659,34.8175342264275,38.4241397906657,TRUE,"Target achieved; safe withdrawal identified"
"PPT_00219","Push-Pull","Kenya","Admin2","Homabay","Suba North","Suba North",13,10000,20,48,0.306666666666667,0.0758500435919791,"Kenya / Homabay","Transferred Uganda survey estimate","Admin2","Transferred",27,2.7,20.2901213841794,48,20.2901194121465,20.2901194121465,25.7087181159411,32.1432481219245,35.8710981323625,TRUE,"Target achieved; safe withdrawal identified"
"PPT_00220","Push-Pull","Kenya","Admin2","Homabay","Suba North","Suba North",13,10000,20,60,0.306666666666667,0.0758500435919791,"Kenya / Homabay","Transferred Uganda survey estimate","Admin2","Transferred",18,1.8,20.2556495887912,60,20.2556476267236,20.2556476267236,24.6978117168518,30.4526330835402,34.2157401344235,TRUE,"Target achieved; safe withdrawal identified"
"PPT_00221","Push-Pull","Kenya","Admin2","Homabay","Suba North","Suba North",13,10000,30,12,0.306666666666667,0.0758500435919791,"Kenya / Homabay","Transferred Uganda survey estimate","Admin2","Transferred",,,,,,,,,,FALSE,"Target not achieved with <= 500 ToTs"
"PPT_00222","Push-Pull","Kenya","Admin2","Homabay","Suba North","Suba North",13,10000,30,24,0.306666666666667,0.0758500435919791,"Kenya / Homabay","Transferred Uganda survey estimate","Admin2","Transferred",243,24.3,30.0050052917755,24,30.0050001769819,30.0050001769819,41.0112348745377,48.9922926620916,49.4962244187619,TRUE,"Target achieved; safe withdrawal identified"
"PPT_00223","Push-Pull","Kenya","Admin2","Homabay","Suba North","Suba North",13,10000,30,36,0.306666666666667,0.0758500435919791,"Kenya / Homabay","Transferred Uganda survey estimate","Admin2","Transferred",89,8.9,30.0002284574929,36,30.0002282514214,30.0002282514214,38.0836759524122,44.7089255922699,46.0104349303923,TRUE,"Target achieved; safe withdrawal identified"
"PPT_00224","Push-Pull","Kenya","Admin2","Homabay","Suba North","Suba North",13,10000,30,48,0.306666666666667,0.0758500435919791,"Kenya / Homabay","Transferred Uganda survey estimate","Admin2","Transferred",50,5,30.0998593939594,48,30.0998590308765,30.0998590308765,36.307163004512,41.9469377690231,43.6446041051386,TRUE,"Target achieved; safe withdrawal identified"
"PPT_00225","Push-Pull","Kenya","Admin2","Homabay","Suba North","Suba North",13,10000,30,60,0.306666666666667,0.0758500435919791,"Kenya / Homabay","Transferred Uganda survey estimate","Admin2","Transferred",33,3.3,30.1573382635039,60,30.1573326698045,30.1573326698045,35.1784672643323,40.1536344647569,42.0593291817254,TRUE,"Target achieved; safe withdrawal identified"
"PPT_00226","Push-Pull","Kenya","Admin2","Homabay","Suba North","Suba North",13,10000,40,12,0.306666666666667,0.0758500435919791,"Kenya / Homabay","Transferred Uganda survey estimate","Admin2","Transferred",,,,,,,,,,FALSE,"Target not achieved with <= 500 ToTs"
"PPT_00227","Push-Pull","Kenya","Admin2","Homabay","Suba North","Suba North",13,10000,40,24,0.306666666666667,0.0758500435919791,"Kenya / Homabay","Transferred Uganda survey estimate","Admin2","Transferred",,,,,,,,,,FALSE,"Target not achieved with <= 500 ToTs"
"PPT_00228","Push-Pull","Kenya","Admin2","Homabay","Suba North","Suba North",13,10000,40,36,0.306666666666667,0.0758500435919791,"Kenya / Homabay","Transferred Uganda survey estimate","Admin2","Transferred",192,19.2,40.0331830223465,36,40.033183017699,40.033183017699,47.3135654988159,51.3666656583817,50.2484501016141,TRUE,"Target achieved; safe withdrawal identified"
"PPT_00229","Push-Pull","Kenya","Admin2","Homabay","Suba North","Suba North",13,10000,40,48,0.306666666666667,0.0758500435919791,"Kenya / Homabay","Transferred Uganda survey estimate","Admin2","Transferred",93,9.3,40.0185667838566,48,40.0185594603485,40.0185594603485,45.7222914184261,49.1100096936105,48.445503438074,TRUE,"Target achieved; safe withdrawal identified"
"PPT_00230","Push-Pull","Kenya","Admin2","Homabay","Suba North","Suba North",13,10000,40,60,0.306666666666667,0.0758500435919791,"Kenya / Homabay","Transferred Uganda survey estimate","Admin2","Transferred",59,5.9,40.0918368750837,60,40.0918334054304,40.0918334054304,44.6119127037409,47.4435452970143,47.0662614029327,TRUE,"Target achieved; safe withdrawal identified"
"PPT_00231","Push-Pull","Kenya","Admin2","Homabay","Suba North","Suba North",13,10000,50,12,0.306666666666667,0.0758500435919791,"Kenya / Homabay","Transferred Uganda survey estimate","Admin2","Transferred",,,,,,,,,,FALSE,"Target not achieved with <= 500 ToTs"
"PPT_00232","Push-Pull","Kenya","Admin2","Homabay","Suba North","Suba North",13,10000,50,24,0.306666666666667,0.0758500435919791,"Kenya / Homabay","Transferred Uganda survey estimate","Admin2","Transferred",,,,,,,,,,FALSE,"Target not achieved with <= 500 ToTs"
"PPT_00233","Push-Pull","Kenya","Admin2","Homabay","Suba North","Suba North",13,10000,50,36,0.306666666666667,0.0758500435919791,"Kenya / Homabay","Transferred Uganda survey estimate","Admin2","Transferred",,,,,,,,,,FALSE,"Target not achieved with <= 500 ToTs"
"PPT_00234","Push-Pull","Kenya","Admin2","Homabay","Suba North","Suba North",13,10000,50,48,0.306666666666667,0.0758500435919791,"Kenya / Homabay","Transferred Uganda survey estimate","Admin2","Transferred",245,24.5,50.008841771443,48,50.0088069586467,50.0088069586467,53.7204421892114,53.816680114174,50.9890040905417,TRUE,"Target achieved; safe withdrawal identified"
"PPT_00235","Push-Pull","Kenya","Admin2","Homabay","Suba North","Suba North",13,10000,50,60,0.306666666666667,0.0758500435919791,"Kenya / Homabay","Transferred Uganda survey estimate","Admin2","Transferred",127,12.7,50.05293180205,,,,,,,FALSE,"Target achieved; continued support required within tested horizon"
"PPT_00236","Push-Pull","Kenya","Admin2","Homabay","Suba North","Suba North",13,10000,60,12,0.306666666666667,0.0758500435919791,"Kenya / Homabay","Transferred Uganda survey estimate","Admin2","Transferred",,,,,,,,,,FALSE,"Target not achieved with <= 500 ToTs"
"PPT_00237","Push-Pull","Kenya","Admin2","Homabay","Suba North","Suba North",13,10000,60,24,0.306666666666667,0.0758500435919791,"Kenya / Homabay","Transferred Uganda survey estimate","Admin2","Transferred",,,,,,,,,,FALSE,"Target not achieved with <= 500 ToTs"
"PPT_00238","Push-Pull","Kenya","Admin2","Homabay","Suba North","Suba North",13,10000,60,36,0.306666666666667,0.0758500435919791,"Kenya / Homabay","Transferred Uganda survey estimate","Admin2","Transferred",,,,,,,,,,FALSE,"Target not achieved with <= 500 ToTs"
"PPT_00239","Push-Pull","Kenya","Admin2","Homabay","Suba North","Suba North",13,10000,60,48,0.306666666666667,0.0758500435919791,"Kenya / Homabay","Transferred Uganda survey estimate","Admin2","Transferred",,,,,,,,,,FALSE,"Target not achieved with <= 500 ToTs"
"PPT_00240","Push-Pull","Kenya","Admin2","Homabay","Suba North","Suba North",13,10000,60,60,0.306666666666667,0.0758500435919791,"Kenya / Homabay","Transferred Uganda survey estimate","Admin2","Transferred",,,,,,,,,,FALSE,"Target not achieved with <= 500 ToTs"
"PPT_00241","Push-Pull","Kenya","Admin2","Homabay","Suba South","Suba South",3,10000,10,12,0.306666666666667,0.0758500435919791,"Kenya / Homabay","Transferred Uganda survey estimate","Admin2","Transferred",162,16.2,10.0385763848589,12,10.038576826248,10.038576826248,21.9695080948999,33.7090633607424,38.5915175734208,TRUE,"Target achieved; safe withdrawal identified"
"PPT_00242","Push-Pull","Kenya","Admin2","Homabay","Suba South","Suba South",3,10000,10,24,0.306666666666667,0.0758500435919791,"Kenya / Homabay","Transferred Uganda survey estimate","Admin2","Transferred",40,4,10.1392436676024,24,10.139243760586,10.139243760586,16.5071351866102,24.1110924813931,28.9955798329877,TRUE,"Target achieved; safe withdrawal identified"
"PPT_00243","Push-Pull","Kenya","Admin2","Homabay","Suba South","Suba South",3,10000,10,36,0.306666666666667,0.0758500435919791,"Kenya / Homabay","Transferred Uganda survey estimate","Admin2","Transferred",19,1.9,10.1753997059657,36,10.1753998515286,10.1753998515286,14.5238201287672,20.4215231264983,24.9630435610398,TRUE,"Target achieved; safe withdrawal identified"
"PPT_00244","Push-Pull","Kenya","Admin2","Homabay","Suba South","Suba South",3,10000,10,48,0.306666666666667,0.0758500435919791,"Kenya / Homabay","Transferred Uganda survey estimate","Admin2","Transferred",12,1.2,10.6533785662326,48,10.6533786385381,10.6533786385381,14.1319065520018,19.2776637554735,23.6072732575563,TRUE,"Target achieved; safe withdrawal identified"
"PPT_00245","Push-Pull","Kenya","Admin2","Homabay","Suba South","Suba South",3,10000,10,60,0.306666666666667,0.0758500435919791,"Kenya / Homabay","Transferred Uganda survey estimate","Admin2","Transferred",8,0.8,10.563715408472,60,10.5637171671893,10.5637171671893,13.4311166513306,18.0201501150348,22.1738271394268,TRUE,"Target achieved; safe withdrawal identified"
"PPT_00246","Push-Pull","Kenya","Admin2","Homabay","Suba South","Suba South",3,10000,20,12,0.306666666666667,0.0758500435919791,"Kenya / Homabay","Transferred Uganda survey estimate","Admin2","Transferred",,,,,,,,,,FALSE,"Target not achieved with <= 500 ToTs"
"PPT_00247","Push-Pull","Kenya","Admin2","Homabay","Suba South","Suba South",3,10000,20,24,0.306666666666667,0.0758500435919791,"Kenya / Homabay","Transferred Uganda survey estimate","Admin2","Transferred",103,10.3,20.0585765871141,24,20.0585765733728,20.0585765733728,30.1723451576483,39.57737937268,42.7593775740148,TRUE,"Target achieved; safe withdrawal identified"
"PPT_00248","Push-Pull","Kenya","Admin2","Homabay","Suba South","Suba South",3,10000,20,36,0.306666666666667,0.0758500435919791,"Kenya / Homabay","Transferred Uganda survey estimate","Admin2","Transferred",46,4.6,20.241182920627,36,20.2411816838442,20.2411816838442,27.2940913898659,34.8175342264275,38.4241397906657,TRUE,"Target achieved; safe withdrawal identified"
"PPT_00249","Push-Pull","Kenya","Admin2","Homabay","Suba South","Suba South",3,10000,20,48,0.306666666666667,0.0758500435919791,"Kenya / Homabay","Transferred Uganda survey estimate","Admin2","Transferred",27,2.7,20.2901213841794,48,20.2901194121465,20.2901194121465,25.7087181159411,32.1432481219245,35.8710981323625,TRUE,"Target achieved; safe withdrawal identified"
"PPT_00250","Push-Pull","Kenya","Admin2","Homabay","Suba South","Suba South",3,10000,20,60,0.306666666666667,0.0758500435919791,"Kenya / Homabay","Transferred Uganda survey estimate","Admin2","Transferred",18,1.8,20.2556495887912,60,20.2556476267236,20.2556476267236,24.6978117168518,30.4526330835402,34.2157401344235,TRUE,"Target achieved; safe withdrawal identified"
"PPT_00251","Push-Pull","Kenya","Admin2","Homabay","Suba South","Suba South",3,10000,30,12,0.306666666666667,0.0758500435919791,"Kenya / Homabay","Transferred Uganda survey estimate","Admin2","Transferred",,,,,,,,,,FALSE,"Target not achieved with <= 500 ToTs"
"PPT_00252","Push-Pull","Kenya","Admin2","Homabay","Suba South","Suba South",3,10000,30,24,0.306666666666667,0.0758500435919791,"Kenya / Homabay","Transferred Uganda survey estimate","Admin2","Transferred",243,24.3,30.0050052917755,24,30.0050001769819,30.0050001769819,41.0112348745377,48.9922926620916,49.4962244187619,TRUE,"Target achieved; safe withdrawal identified"
"PPT_00253","Push-Pull","Kenya","Admin2","Homabay","Suba South","Suba South",3,10000,30,36,0.306666666666667,0.0758500435919791,"Kenya / Homabay","Transferred Uganda survey estimate","Admin2","Transferred",89,8.9,30.0002284574929,36,30.0002282514214,30.0002282514214,38.0836759524122,44.7089255922699,46.0104349303923,TRUE,"Target achieved; safe withdrawal identified"
"PPT_00254","Push-Pull","Kenya","Admin2","Homabay","Suba South","Suba South",3,10000,30,48,0.306666666666667,0.0758500435919791,"Kenya / Homabay","Transferred Uganda survey estimate","Admin2","Transferred",50,5,30.0998593939594,48,30.0998590308765,30.0998590308765,36.307163004512,41.9469377690231,43.6446041051386,TRUE,"Target achieved; safe withdrawal identified"
"PPT_00255","Push-Pull","Kenya","Admin2","Homabay","Suba South","Suba South",3,10000,30,60,0.306666666666667,0.0758500435919791,"Kenya / Homabay","Transferred Uganda survey estimate","Admin2","Transferred",33,3.3,30.1573382635039,60,30.1573326698045,30.1573326698045,35.1784672643323,40.1536344647569,42.0593291817254,TRUE,"Target achieved; safe withdrawal identified"
"PPT_00256","Push-Pull","Kenya","Admin2","Homabay","Suba South","Suba South",3,10000,40,12,0.306666666666667,0.0758500435919791,"Kenya / Homabay","Transferred Uganda survey estimate","Admin2","Transferred",,,,,,,,,,FALSE,"Target not achieved with <= 500 ToTs"
"PPT_00257","Push-Pull","Kenya","Admin2","Homabay","Suba South","Suba South",3,10000,40,24,0.306666666666667,0.0758500435919791,"Kenya / Homabay","Transferred Uganda survey estimate","Admin2","Transferred",,,,,,,,,,FALSE,"Target not achieved with <= 500 ToTs"
"PPT_00258","Push-Pull","Kenya","Admin2","Homabay","Suba South","Suba South",3,10000,40,36,0.306666666666667,0.0758500435919791,"Kenya / Homabay","Transferred Uganda survey estimate","Admin2","Transferred",192,19.2,40.0331830223465,36,40.033183017699,40.033183017699,47.3135654988159,51.3666656583817,50.2484501016141,TRUE,"Target achieved; safe withdrawal identified"
"PPT_00259","Push-Pull","Kenya","Admin2","Homabay","Suba South","Suba South",3,10000,40,48,0.306666666666667,0.0758500435919791,"Kenya / Homabay","Transferred Uganda survey estimate","Admin2","Transferred",93,9.3,40.0185667838566,48,40.0185594603485,40.0185594603485,45.7222914184261,49.1100096936105,48.445503438074,TRUE,"Target achieved; safe withdrawal identified"
"PPT_00260","Push-Pull","Kenya","Admin2","Homabay","Suba South","Suba South",3,10000,40,60,0.306666666666667,0.0758500435919791,"Kenya / Homabay","Transferred Uganda survey estimate","Admin2","Transferred",59,5.9,40.0918368750837,60,40.0918334054304,40.0918334054304,44.6119127037409,47.4435452970143,47.0662614029327,TRUE,"Target achieved; safe withdrawal identified"
"PPT_00261","Push-Pull","Kenya","Admin2","Homabay","Suba South","Suba South",3,10000,50,12,0.306666666666667,0.0758500435919791,"Kenya / Homabay","Transferred Uganda survey estimate","Admin2","Transferred",,,,,,,,,,FALSE,"Target not achieved with <= 500 ToTs"
"PPT_00262","Push-Pull","Kenya","Admin2","Homabay","Suba South","Suba South",3,10000,50,24,0.306666666666667,0.0758500435919791,"Kenya / Homabay","Transferred Uganda survey estimate","Admin2","Transferred",,,,,,,,,,FALSE,"Target not achieved with <= 500 ToTs"
"PPT_00263","Push-Pull","Kenya","Admin2","Homabay","Suba South","Suba South",3,10000,50,36,0.306666666666667,0.0758500435919791,"Kenya / Homabay","Transferred Uganda survey estimate","Admin2","Transferred",,,,,,,,,,FALSE,"Target not achieved with <= 500 ToTs"
"PPT_00264","Push-Pull","Kenya","Admin2","Homabay","Suba South","Suba South",3,10000,50,48,0.306666666666667,0.0758500435919791,"Kenya / Homabay","Transferred Uganda survey estimate","Admin2","Transferred",245,24.5,50.008841771443,48,50.0088069586467,50.0088069586467,53.7204421892114,53.816680114174,50.9890040905417,TRUE,"Target achieved; safe withdrawal identified"
"PPT_00265","Push-Pull","Kenya","Admin2","Homabay","Suba South","Suba South",3,10000,50,60,0.306666666666667,0.0758500435919791,"Kenya / Homabay","Transferred Uganda survey estimate","Admin2","Transferred",127,12.7,50.05293180205,,,,,,,FALSE,"Target achieved; continued support required within tested horizon"
"PPT_00266","Push-Pull","Kenya","Admin2","Homabay","Suba South","Suba South",3,10000,60,12,0.306666666666667,0.0758500435919791,"Kenya / Homabay","Transferred Uganda survey estimate","Admin2","Transferred",,,,,,,,,,FALSE,"Target not achieved with <= 500 ToTs"
"PPT_00267","Push-Pull","Kenya","Admin2","Homabay","Suba South","Suba South",3,10000,60,24,0.306666666666667,0.0758500435919791,"Kenya / Homabay","Transferred Uganda survey estimate","Admin2","Transferred",,,,,,,,,,FALSE,"Target not achieved with <= 500 ToTs"
"PPT_00268","Push-Pull","Kenya","Admin2","Homabay","Suba South","Suba South",3,10000,60,36,0.306666666666667,0.0758500435919791,"Kenya / Homabay","Transferred Uganda survey estimate","Admin2","Transferred",,,,,,,,,,FALSE,"Target not achieved with <= 500 ToTs"
"PPT_00269","Push-Pull","Kenya","Admin2","Homabay","Suba South","Suba South",3,10000,60,48,0.306666666666667,0.0758500435919791,"Kenya / Homabay","Transferred Uganda survey estimate","Admin2","Transferred",,,,,,,,,,FALSE,"Target not achieved with <= 500 ToTs"
"PPT_00270","Push-Pull","Kenya","Admin2","Homabay","Suba South","Suba South",3,10000,60,60,0.306666666666667,0.0758500435919791,"Kenya / Homabay","Transferred Uganda survey estimate","Admin2","Transferred",,,,,,,,,,FALSE,"Target not achieved with <= 500 ToTs"
"PPT_00271","Push-Pull","Kenya","Admin2","Kisumu","Kisumu West","Kisumu West",38,10000,10,12,0.507042253521127,0.0758500435919791,"Kenya / Kisumu / Kisumu West","Transferred Uganda survey estimate","Country","Transferred",90,9,10.0388534395849,12,10.0388534630901,10.0388534630901,21.8823727396085,33.3194520665174,39.5508859253408,TRUE,"Target achieved; safe withdrawal identified"
"PPT_00272","Push-Pull","Kenya","Admin2","Kisumu","Kisumu West","Kisumu West",38,10000,10,24,0.507042253521127,0.0758500435919791,"Kenya / Kisumu / Kisumu West","Transferred Uganda survey estimate","Country","Transferred",25,2.5,10.2281552302516,24,10.2281562018336,10.2281562018336,16.4964413979275,24.4341857491369,30.801720740877,TRUE,"Target achieved; safe withdrawal identified"
"PPT_00273","Push-Pull","Kenya","Admin2","Kisumu","Kisumu West","Kisumu West",38,10000,10,36,0.507042253521127,0.0758500435919791,"Kenya / Kisumu / Kisumu West","Transferred Uganda survey estimate","Country","Transferred",12,1.2,10.0551714153149,36,10.0551738703329,10.0551738703329,14.3649361541407,20.8481864674055,26.9211705531532,TRUE,"Target achieved; safe withdrawal identified"
"PPT_00274","Push-Pull","Kenya","Admin2","Kisumu","Kisumu West","Kisumu West",38,10000,10,48,0.507042253521127,0.0758500435919791,"Kenya / Kisumu / Kisumu West","Transferred Uganda survey estimate","Country","Transferred",8,0.8,10.9643704981959,48,10.964370709502,10.964370709502,14.6518348310108,20.7478912774506,26.7332838067023,TRUE,"Target achieved; safe withdrawal identified"
"PPT_00275","Push-Pull","Kenya","Admin2","Kisumu","Kisumu West","Kisumu West",38,10000,10,60,0.507042253521127,0.0758500435919791,"Kenya / Kisumu / Kisumu West","Transferred Uganda survey estimate","Country","Transferred",5,0.5,10.2971160877116,60,10.2971182840168,10.2971182840168,13.3078387044303,18.7948015657606,24.563090016186,TRUE,"Target achieved; safe withdrawal identified"
"PPT_00276","Push-Pull","Kenya","Admin2","Kisumu","Kisumu West","Kisumu West",38,10000,20,12,0.507042253521127,0.0758500435919791,"Kenya / Kisumu / Kisumu West","Transferred Uganda survey estimate","Country","Transferred",242,24.2,20.0231347056566,12,20.0231338295252,20.0231338295252,38.8727276233635,51.612630751043,53.4954176302709,TRUE,"Target achieved; safe withdrawal identified"
"PPT_00277","Push-Pull","Kenya","Admin2","Kisumu","Kisumu West","Kisumu West",38,10000,20,24,0.507042253521127,0.0758500435919791,"Kenya / Kisumu / Kisumu West","Transferred Uganda survey estimate","Country","Transferred",58,5.8,20.2163738602648,24,20.2163738480436,20.2163738480436,30.6287134595003,40.4779649920494,45.0461507052839,TRUE,"Target achieved; safe withdrawal identified"
"PPT_00278","Push-Pull","Kenya","Admin2","Kisumu","Kisumu West","Kisumu West",38,10000,20,36,0.507042253521127,0.0758500435919791,"Kenya / Kisumu / Kisumu West","Transferred Uganda survey estimate","Country","Transferred",28,2.8,20.4123576343828,36,20.4123575258017,20.4123575258017,27.6849888402967,36.0602318233879,41.2499235798188,TRUE,"Target achieved; safe withdrawal identified"
"PPT_00279","Push-Pull","Kenya","Admin2","Kisumu","Kisumu West","Kisumu West",38,10000,20,48,0.507042253521127,0.0758500435919791,"Kenya / Kisumu / Kisumu West","Transferred Uganda survey estimate","Country","Transferred",17,1.7,20.5664676377513,48,20.566467665259,20.566467665259,26.3129201454068,33.882210140579,39.2678466818774,TRUE,"Target achieved; safe withdrawal identified"
"PPT_00280","Push-Pull","Kenya","Admin2","Kisumu","Kisumu West","Kisumu West",38,10000,20,60,0.507042253521127,0.0758500435919791,"Kenya / Kisumu / Kisumu West","Transferred Uganda survey estimate","Country","Transferred",12,1.2,21.3582339103158,60,21.3582340083726,21.3582340083726,26.3211131733054,33.4099399227959,38.7582721352421,TRUE,"Target achieved; safe withdrawal identified"
"PPT_00281","Push-Pull","Kenya","Admin2","Kisumu","Kisumu West","Kisumu West",38,10000,30,12,0.507042253521127,0.0758500435919791,"Kenya / Kisumu / Kisumu West","Transferred Uganda survey estimate","Country","Transferred",,,,,,,,,,FALSE,"Target not achieved with <= 500 ToTs"
"PPT_00282","Push-Pull","Kenya","Admin2","Kisumu","Kisumu West","Kisumu West",38,10000,30,24,0.507042253521127,0.0758500435919791,"Kenya / Kisumu / Kisumu West","Transferred Uganda survey estimate","Country","Transferred",106,10.6,30.0460407241749,24,30.046033551295,30.046033551295,42.605176009907,51.2585301417258,52.5526306189031,TRUE,"Target achieved; safe withdrawal identified"
"PPT_00283","Push-Pull","Kenya","Admin2","Kisumu","Kisumu West","Kisumu West",38,10000,30,36,0.507042253521127,0.0758500435919791,"Kenya / Kisumu / Kisumu West","Transferred Uganda survey estimate","Country","Transferred",49,4.9,30.3114148564193,36,30.3114147783689,30.3114147783689,39.0513827276343,46.541060594795,49.0698655844608,TRUE,"Target achieved; safe withdrawal identified"
"PPT_00284","Push-Pull","Kenya","Admin2","Kisumu","Kisumu West","Kisumu West",38,10000,30,48,0.507042253521127,0.0758500435919791,"Kenya / Kisumu / Kisumu West","Transferred Uganda survey estimate","Country","Transferred",29,2.9,30.2008034547996,48,30.2007973594929,30.2007973594929,36.9580463018165,43.7697105267735,46.9108633052847,TRUE,"Target achieved; safe withdrawal identified"
"PPT_00285","Push-Pull","Kenya","Admin2","Kisumu","Kisumu West","Kisumu West",38,10000,30,60,0.507042253521127,0.0758500435919791,"Kenya / Kisumu / Kisumu West","Transferred Uganda survey estimate","Country","Transferred",20,2,30.6970328978,60,30.6970326830701,30.6970326830701,36.3222892209514,42.6009657903807,45.9146663153951,TRUE,"Target achieved; safe withdrawal identified"
"PPT_00286","Push-Pull","Kenya","Admin2","Kisumu","Kisumu West","Kisumu West",38,10000,40,12,0.507042253521127,0.0758500435919791,"Kenya / Kisumu / Kisumu West","Transferred Uganda survey estimate","Country","Transferred",,,,,,,,,,FALSE,"Target not achieved with <= 500 ToTs"
"PPT_00287","Push-Pull","Kenya","Admin2","Kisumu","Kisumu West","Kisumu West",38,10000,40,24,0.507042253521127,0.0758500435919791,"Kenya / Kisumu / Kisumu West","Transferred Uganda survey estimate","Country","Transferred",193,19.3,40.0109322368004,24,40.0109296593875,40.0109296593875,52.6142051754596,58.3665497358094,56.5917298895216,TRUE,"Target achieved; safe withdrawal identified"
"PPT_00288","Push-Pull","Kenya","Admin2","Kisumu","Kisumu West","Kisumu West",38,10000,40,36,0.507042253521127,0.0758500435919791,"Kenya / Kisumu / Kisumu West","Transferred Uganda survey estimate","Country","Transferred",80,8,40.0278092717741,36,40.0277923688567,40.0277923688567,48.888122422106,53.9704940263993,53.6608110700045,TRUE,"Target achieved; safe withdrawal identified"
"PPT_00289","Push-Pull","Kenya","Admin2","Kisumu","Kisumu West","Kisumu West",38,10000,40,48,0.507042253521127,0.0758500435919791,"Kenya / Kisumu / Kisumu West","Transferred Uganda survey estimate","Country","Transferred",47,4.7,40.1785351396154,48,40.1785350955926,40.1785350955926,46.8760525803628,51.4011213824151,51.8232890618786,TRUE,"Target achieved; safe withdrawal identified"
"PPT_00290","Push-Pull","Kenya","Admin2","Kisumu","Kisumu West","Kisumu West",38,10000,40,60,0.507042253521127,0.0758500435919791,"Kenya / Kisumu / Kisumu West","Transferred Uganda survey estimate","Country","Transferred",32,3.2,40.4492922993723,60,40.4492821002351,40.4492821002351,45.8195546177337,49.8999658699275,50.6844516713257,TRUE,"Target achieved; safe withdrawal identified"
"PPT_00291","Push-Pull","Kenya","Admin2","Kisumu","Kisumu West","Kisumu West",38,10000,50,12,0.507042253521127,0.0758500435919791,"Kenya / Kisumu / Kisumu West","Transferred Uganda survey estimate","Country","Transferred",,,,,,,,,,FALSE,"Target not achieved with <= 500 ToTs"
"PPT_00292","Push-Pull","Kenya","Admin2","Kisumu","Kisumu West","Kisumu West",38,10000,50,24,0.507042253521127,0.0758500435919791,"Kenya / Kisumu / Kisumu West","Transferred Uganda survey estimate","Country","Transferred",474,47.4,50.0031871749375,24,50.0031676152564,50.0031676152564,60.0925509133105,62.0885078054418,58.1820558152976,TRUE,"Target achieved; safe withdrawal identified"
"PPT_00293","Push-Pull","Kenya","Admin2","Kisumu","Kisumu West","Kisumu West",38,10000,50,36,0.507042253521127,0.0758500435919791,"Kenya / Kisumu / Kisumu West","Transferred Uganda survey estimate","Country","Transferred",139,13.9,50.0194214135467,36,50.0193986226414,50.0193986226414,57.5106181914567,59.177286907756,56.3111295064589,TRUE,"Target achieved; safe withdrawal identified"
"PPT_00294","Push-Pull","Kenya","Admin2","Kisumu","Kisumu West","Kisumu West",38,10000,50,48,0.507042253521127,0.0758500435919791,"Kenya / Kisumu / Kisumu West","Transferred Uganda survey estimate","Country","Transferred",77,7.7,50.0248799714527,48,50.0248701801042,50.0248701801042,55.5036473815567,56.8269407313578,54.7270821857849,TRUE,"Target achieved; safe withdrawal identified"
"PPT_00295","Push-Pull","Kenya","Admin2","Kisumu","Kisumu West","Kisumu West",38,10000,50,60,0.507042253521127,0.0758500435919791,"Kenya / Kisumu / Kisumu West","Transferred Uganda survey estimate","Country","Transferred",52,5.2,50.2296867095957,60,50.2296750469254,50.2296750469254,54.339714152505,55.3040229122117,53.63294787984,TRUE,"Target achieved; safe withdrawal identified"
"PPT_00296","Push-Pull","Kenya","Admin2","Kisumu","Kisumu West","Kisumu West",38,10000,60,12,0.507042253521127,0.0758500435919791,"Kenya / Kisumu / Kisumu West","Transferred Uganda survey estimate","Country","Transferred",,,,,,,,,,FALSE,"Target not achieved with <= 500 ToTs"
"PPT_00297","Push-Pull","Kenya","Admin2","Kisumu","Kisumu West","Kisumu West",38,10000,60,24,0.507042253521127,0.0758500435919791,"Kenya / Kisumu / Kisumu West","Transferred Uganda survey estimate","Country","Transferred",,,,,,,,,,FALSE,"Target not achieved with <= 500 ToTs"
"PPT_00298","Push-Pull","Kenya","Admin2","Kisumu","Kisumu West","Kisumu West",38,10000,60,36,0.507042253521127,0.0758500435919791,"Kenya / Kisumu / Kisumu West","Transferred Uganda survey estimate","Country","Transferred",357,35.7,60.001088527395,,,,,,,FALSE,"Target achieved; continued support required within tested horizon"
"PPT_00299","Push-Pull","Kenya","Admin2","Kisumu","Kisumu West","Kisumu West",38,10000,60,48,0.507042253521127,0.0758500435919791,"Kenya / Kisumu / Kisumu West","Transferred Uganda survey estimate","Country","Transferred",153,15.3,60.0198201675419,,,,,,,FALSE,"Target achieved; continued support required within tested horizon"
"PPT_00300","Push-Pull","Kenya","Admin2","Kisumu","Kisumu West","Kisumu West",38,10000,60,60,0.507042253521127,0.0758500435919791,"Kenya / Kisumu / Kisumu West","Transferred Uganda survey estimate","Country","Transferred",99,9.9,60.0655741731632,,,,,,,FALSE,"Target achieved; continued support required within tested horizon"
"PPT_00301","Push-Pull","Kenya","Admin2","Kisumu","Seme","Seme",23,10000,10,12,0.407079646017699,0.0758500435919791,"Kenya / Kisumu / Seme","Transferred Uganda survey estimate","Country","Transferred",115,11.5,10.0657358721783,12,10.0657361850738,10.0657361850738,22.0923555945375,33.7421693471098,39.3169021684861,TRUE,"Target achieved; safe withdrawal identified"
"PPT_00302","Push-Pull","Kenya","Admin2","Kisumu","Seme","Seme",23,10000,10,24,0.407079646017699,0.0758500435919791,"Kenya / Kisumu / Seme","Transferred Uganda survey estimate","Country","Transferred",30,3,10.0691439760973,24,10.0691458597061,10.0691458597061,16.3493112631905,24.089967541176,29.7696636362702,TRUE,"Target achieved; safe withdrawal identified"
"PPT_00303","Push-Pull","Kenya","Admin2","Kisumu","Seme","Seme",23,10000,10,36,0.407079646017699,0.0758500435919791,"Kenya / Kisumu / Seme","Transferred Uganda survey estimate","Country","Transferred",15,1.5,10.3813627785696,36,10.3813638528075,10.3813638528075,14.814263690884,21.1223856374577,26.5166108476746,TRUE,"Target achieved; safe withdrawal identified"
"PPT_00304","Push-Pull","Kenya","Admin2","Kisumu","Seme","Seme",23,10000,10,48,0.407079646017699,0.0758500435919791,"Kenya / Kisumu / Seme","Transferred Uganda survey estimate","Country","Transferred",9,0.9,10.3428645457399,48,10.3428646191078,10.3428646191078,13.8088023076072,19.3168273222287,24.4866785589181,TRUE,"Target achieved; safe withdrawal identified"
"PPT_00305","Push-Pull","Kenya","Admin2","Kisumu","Seme","Seme",23,10000,10,60,0.407079646017699,0.0758500435919791,"Kenya / Kisumu / Seme","Transferred Uganda survey estimate","Country","Transferred",6,0.6,10.2637390894119,60,10.2637446659273,10.2637446659273,13.1765803454003,18.2068914212513,23.2156919941782,TRUE,"Target achieved; safe withdrawal identified"
"PPT_00306","Push-Pull","Kenya","Admin2","Kisumu","Seme","Seme",23,10000,20,12,0.407079646017699,0.0758500435919791,"Kenya / Kisumu / Seme","Transferred Uganda survey estimate","Country","Transferred",348,34.8,20.025911979147,12,20.0259116733748,20.0259116733748,38.1490101464447,51.0450260241984,52.6423941516031,TRUE,"Target achieved; safe withdrawal identified"
"PPT_00307","Push-Pull","Kenya","Admin2","Kisumu","Seme","Seme",23,10000,20,24,0.407079646017699,0.0758500435919791,"Kenya / Kisumu / Seme","Transferred Uganda survey estimate","Country","Transferred",73,7.3,20.1344618793878,24,20.1344585151629,20.1344585151629,30.5243435290387,40.2257151880136,44.136858914129,TRUE,"Target achieved; safe withdrawal identified"
"PPT_00308","Push-Pull","Kenya","Admin2","Kisumu","Seme","Seme",23,10000,20,36,0.407079646017699,0.0758500435919791,"Kenya / Kisumu / Seme","Transferred Uganda survey estimate","Country","Transferred",34,3.4,20.2014348349921,36,20.2014343190377,20.2014343190377,27.3913467097876,35.3925962451411,39.8873212381554,TRUE,"Target achieved; safe withdrawal identified"
"PPT_00309","Push-Pull","Kenya","Admin2","Kisumu","Seme","Seme",23,10000,20,48,0.407079646017699,0.0758500435919791,"Kenya / Kisumu / Seme","Transferred Uganda survey estimate","Country","Transferred",20,2,20.0082423616291,48,20.0082415882464,20.0082415882464,25.5590146237131,32.607499048669,37.3186347532194,TRUE,"Target achieved; safe withdrawal identified"
"PPT_00310","Push-Pull","Kenya","Admin2","Kisumu","Seme","Seme",23,10000,20,60,0.407079646017699,0.0758500435919791,"Kenya / Kisumu / Seme","Transferred Uganda survey estimate","Country","Transferred",14,1.4,20.649816064536,60,20.6498156220605,20.6498156220605,25.3612964620362,31.8444386811591,36.5207974847009,TRUE,"Target achieved; safe withdrawal identified"
"PPT_00311","Push-Pull","Kenya","Admin2","Kisumu","Seme","Seme",23,10000,30,12,0.407079646017699,0.0758500435919791,"Kenya / Kisumu / Seme","Transferred Uganda survey estimate","Country","Transferred",,,,,,,,,,FALSE,"Target not achieved with <= 500 ToTs"
"PPT_00312","Push-Pull","Kenya","Admin2","Kisumu","Seme","Seme",23,10000,30,24,0.407079646017699,0.0758500435919791,"Kenya / Kisumu / Seme","Transferred Uganda survey estimate","Country","Transferred",143,14.3,30.0000643241952,24,30.0000619194314,30.0000619194314,42.185867078871,50.702080917329,51.5438156630512,TRUE,"Target achieved; safe withdrawal identified"
"PPT_00313","Push-Pull","Kenya","Admin2","Kisumu","Seme","Seme",23,10000,30,36,0.407079646017699,0.0758500435919791,"Kenya / Kisumu / Seme","Transferred Uganda survey estimate","Country","Transferred",62,6.2,30.190791988874,36,30.1907880470902,30.1907880470902,38.7527871170708,45.9052002533328,47.8514636308574,TRUE,"Target achieved; safe withdrawal identified"
"PPT_00314","Push-Pull","Kenya","Admin2","Kisumu","Seme","Seme",23,10000,30,48,0.407079646017699,0.0758500435919791,"Kenya / Kisumu / Seme","Transferred Uganda survey estimate","Country","Transferred",36,3.6,30.1077707518776,48,30.107747476512,30.107747476512,36.6739803108416,42.9925966298735,45.4944797281049,TRUE,"Target achieved; safe withdrawal identified"
"PPT_00315","Push-Pull","Kenya","Admin2","Kisumu","Seme","Seme",23,10000,30,60,0.407079646017699,0.0758500435919791,"Kenya / Kisumu / Seme","Transferred Uganda survey estimate","Country","Transferred",24,2.4,30.0527566653601,60,30.0527566332026,30.0527566332026,35.4303021444184,41.2025623091804,43.9904113843687,TRUE,"Target achieved; safe withdrawal identified"
"PPT_00316","Push-Pull","Kenya","Admin2","Kisumu","Seme","Seme",23,10000,40,12,0.407079646017699,0.0758500435919791,"Kenya / Kisumu / Seme","Transferred Uganda survey estimate","Country","Transferred",,,,,,,,,,FALSE,"Target not achieved with <= 500 ToTs"
"PPT_00317","Push-Pull","Kenya","Admin2","Kisumu","Seme","Seme",23,10000,40,24,0.407079646017699,0.0758500435919791,"Kenya / Kisumu / Seme","Transferred Uganda survey estimate","Country","Transferred",317,31.7,40.0183133720796,24,40.0183131846143,40.0183131846143,51.3812698900785,56.9241512667251,55.099840711723,TRUE,"Target achieved; safe withdrawal identified"
"PPT_00318","Push-Pull","Kenya","Admin2","Kisumu","Seme","Seme",23,10000,40,36,0.407079646017699,0.0758500435919791,"Kenya / Kisumu / Seme","Transferred Uganda survey estimate","Country","Transferred",109,10.9,40.0712381128118,36,40.0712378599524,40.0712378599524,48.4838153247495,53.2197135474574,52.4628678469659,TRUE,"Target achieved; safe withdrawal identified"
"PPT_00319","Push-Pull","Kenya","Admin2","Kisumu","Seme","Seme",23,10000,40,48,0.407079646017699,0.0758500435919791,"Kenya / Kisumu / Seme","Transferred Uganda survey estimate","Country","Transferred",61,6.1,40.1543142006751,48,40.1542870581383,40.1542870581383,46.5303202488974,50.5970938975642,50.4982619763071,TRUE,"Target achieved; safe withdrawal identified"
"PPT_00320","Push-Pull","Kenya","Admin2","Kisumu","Seme","Seme",23,10000,40,60,0.407079646017699,0.0758500435919791,"Kenya / Kisumu / Seme","Transferred Uganda survey estimate","Country","Transferred",41,4.1,40.4723414111167,60,40.4723414105784,40.4723414105784,45.5197195300631,49.0332483559911,49.2531078348006,TRUE,"Target achieved; safe withdrawal identified"
"PPT_00321","Push-Pull","Kenya","Admin2","Kisumu","Seme","Seme",23,10000,50,12,0.407079646017699,0.0758500435919791,"Kenya / Kisumu / Seme","Transferred Uganda survey estimate","Country","Transferred",,,,,,,,,,FALSE,"Target not achieved with <= 500 ToTs"
"PPT_00322","Push-Pull","Kenya","Admin2","Kisumu","Seme","Seme",23,10000,50,24,0.407079646017699,0.0758500435919791,"Kenya / Kisumu / Seme","Transferred Uganda survey estimate","Country","Transferred",,,,,,,,,,FALSE,"Target not achieved with <= 500 ToTs"
"PPT_00323","Push-Pull","Kenya","Admin2","Kisumu","Seme","Seme",23,10000,50,36,0.407079646017699,0.0758500435919791,"Kenya / Kisumu / Seme","Transferred Uganda survey estimate","Country","Transferred",230,23,50.0247872552616,36,50.0247855994095,50.0247855994095,56.5401662126433,57.8549360974354,54.8106637828429,TRUE,"Target achieved; safe withdrawal identified"
"PPT_00324","Push-Pull","Kenya","Admin2","Kisumu","Seme","Seme",23,10000,50,48,0.407079646017699,0.0758500435919791,"Kenya / Kisumu / Seme","Transferred Uganda survey estimate","Country","Transferred",110,11,50.037796255241,48,50.0377961366316,50.0377961366316,54.9490578405838,55.8363713127733,53.35601582776,TRUE,"Target achieved; safe withdrawal identified"
"PPT_00325","Push-Pull","Kenya","Admin2","Kisumu","Seme","Seme",23,10000,50,60,0.407079646017699,0.0758500435919791,"Kenya / Kisumu / Seme","Transferred Uganda survey estimate","Country","Transferred",71,7.1,50.2044686235669,60,50.2044608715672,50.2044608715672,53.8652271830446,54.3302281822924,52.2171950740957,TRUE,"Target achieved; safe withdrawal identified"
"PPT_00326","Push-Pull","Kenya","Admin2","Kisumu","Seme","Seme",23,10000,60,12,0.407079646017699,0.0758500435919791,"Kenya / Kisumu / Seme","Transferred Uganda survey estimate","Country","Transferred",,,,,,,,,,FALSE,"Target not achieved with <= 500 ToTs"
"PPT_00327","Push-Pull","Kenya","Admin2","Kisumu","Seme","Seme",23,10000,60,24,0.407079646017699,0.0758500435919791,"Kenya / Kisumu / Seme","Transferred Uganda survey estimate","Country","Transferred",,,,,,,,,,FALSE,"Target not achieved with <= 500 ToTs"
"PPT_00328","Push-Pull","Kenya","Admin2","Kisumu","Seme","Seme",23,10000,60,36,0.407079646017699,0.0758500435919791,"Kenya / Kisumu / Seme","Transferred Uganda survey estimate","Country","Transferred",,,,,,,,,,FALSE,"Target not achieved with <= 500 ToTs"
"PPT_00329","Push-Pull","Kenya","Admin2","Kisumu","Seme","Seme",23,10000,60,48,0.407079646017699,0.0758500435919791,"Kenya / Kisumu / Seme","Transferred Uganda survey estimate","Country","Transferred",363,36.3,60.0089357804298,,,,,,,FALSE,"Target achieved; continued support required within tested horizon"
"PPT_00330","Push-Pull","Kenya","Admin2","Kisumu","Seme","Seme",23,10000,60,60,0.407079646017699,0.0758500435919791,"Kenya / Kisumu / Seme","Transferred Uganda survey estimate","Country","Transferred",177,17.7,60.0137345926872,,,,,,,FALSE,"Target achieved; continued support required within tested horizon"
"PPT_00331","Push-Pull","Kenya","Admin2","Siaya","Alego-Usonga","Alego-Usonga",32,10000,10,12,0.82051282051282,0.0758500435919791,"Kenya / Siaya / Alego-Usonga","Transferred Uganda survey estimate","Country","Transferred",57,5.7,10.14956623504,12,10.1495672483526,10.1495672483526,21.2348499850607,32.1889894121312,40.0656780251303,TRUE,"Target achieved; safe withdrawal identified"
"PPT_00332","Push-Pull","Kenya","Admin2","Siaya","Alego-Usonga","Alego-Usonga",32,10000,10,24,0.82051282051282,0.0758500435919791,"Kenya / Siaya / Alego-Usonga","Transferred Uganda survey estimate","Country","Transferred",17,1.7,10.2894443161993,24,10.2894443174477,10.2894443174477,16.2557390412791,24.583325840258,32.5892782802127,TRUE,"Target achieved; safe withdrawal identified"
"PPT_00333","Push-Pull","Kenya","Admin2","Siaya","Alego-Usonga","Alego-Usonga",32,10000,10,36,0.82051282051282,0.0758500435919791,"Kenya / Siaya / Alego-Usonga","Transferred Uganda survey estimate","Country","Transferred",9,0.9,10.7900146538807,36,10.7900147041521,10.7900147041521,15.3096579583111,22.8335869085718,30.6907874874572,TRUE,"Target achieved; safe withdrawal identified"
"PPT_00334","Push-Pull","Kenya","Admin2","Siaya","Alego-Usonga","Alego-Usonga",32,10000,10,48,0.82051282051282,0.0758500435919791,"Kenya / Siaya / Alego-Usonga","Transferred Uganda survey estimate","Country","Transferred",6,0.6,11.7334654761886,48,11.7334699747162,11.7334699747162,15.7513643846223,23.1086367727896,30.9433754891483,TRUE,"Target achieved; safe withdrawal identified"
"PPT_00335","Push-Pull","Kenya","Admin2","Siaya","Alego-Usonga","Alego-Usonga",32,10000,10,60,0.82051282051282,0.0758500435919791,"Kenya / Siaya / Alego-Usonga","Transferred Uganda survey estimate","Country","Transferred",4,0.4,11.7563350238751,60,11.7563409684133,11.7563409684133,15.3343590069445,22.4156148932018,30.1804443049553,TRUE,"Target achieved; safe withdrawal identified"
"PPT_00336","Push-Pull","Kenya","Admin2","Siaya","Alego-Usonga","Alego-Usonga",32,10000,20,12,0.82051282051282,0.0758500435919791,"Kenya / Siaya / Alego-Usonga","Transferred Uganda survey estimate","Country","Transferred",134,13.4,20.0997998658287,12,20.0998004953675,20.0998004953675,38.5924427314903,50.45447941549,53.9016215548927,TRUE,"Target achieved; safe withdrawal identified"
"PPT_00337","Push-Pull","Kenya","Admin2","Siaya","Alego-Usonga","Alego-Usonga",32,10000,20,24,0.82051282051282,0.0758500435919791,"Kenya / Siaya / Alego-Usonga","Transferred Uganda survey estimate","Country","Transferred",37,3.7,20.023882182732,24,20.0238822743628,20.0238822743628,29.9376531139695,40.1115295751837,46.436904978043,TRUE,"Target achieved; safe withdrawal identified"
"PPT_00338","Push-Pull","Kenya","Admin2","Siaya","Alego-Usonga","Alego-Usonga",32,10000,20,36,0.82051282051282,0.0758500435919791,"Kenya / Siaya / Alego-Usonga","Transferred Uganda survey estimate","Country","Transferred",19,1.9,20.5077976971482,36,20.5077982999702,20.5077982999702,27.7352419577905,37.0011893789385,43.8577681955422,TRUE,"Target achieved; safe withdrawal identified"
"PPT_00339","Push-Pull","Kenya","Admin2","Siaya","Alego-Usonga","Alego-Usonga",32,10000,20,48,0.82051282051282,0.0758500435919791,"Kenya / Siaya / Alego-Usonga","Transferred Uganda survey estimate","Country","Transferred",12,1.2,21.1241859759793,48,21.1241880570221,21.1241880570221,27.1443776943882,35.9283040131485,42.8984849250365,TRUE,"Target achieved; safe withdrawal identified"
"PPT_00340","Push-Pull","Kenya","Admin2","Siaya","Alego-Usonga","Alego-Usonga",32,10000,20,60,0.82051282051282,0.0758500435919791,"Kenya / Siaya / Alego-Usonga","Transferred Uganda survey estimate","Country","Transferred",8,0.8,21.0574225170118,60,21.0574276379969,21.0574276379969,26.3327466995454,34.8216765935988,41.9247227757079,TRUE,"Target achieved; safe withdrawal identified"
"PPT_00341","Push-Pull","Kenya","Admin2","Siaya","Alego-Usonga","Alego-Usonga",32,10000,30,12,0.82051282051282,0.0758500435919791,"Kenya / Siaya / Alego-Usonga","Transferred Uganda survey estimate","Country","Transferred",253,25.3,30.0350961314672,12,30.0350962333109,30.0350962333109,52.4755187393672,61.3188156683213,59.9318198698373,TRUE,"Target achieved; safe withdrawal identified"
"PPT_00342","Push-Pull","Kenya","Admin2","Siaya","Alego-Usonga","Alego-Usonga",32,10000,30,24,0.82051282051282,0.0758500435919791,"Kenya / Siaya / Alego-Usonga","Transferred Uganda survey estimate","Country","Transferred",64,6.4,30.1407074561402,24,30.1407074040894,30.1407074040894,42.4933425334376,51.2673803859884,54.0101352241494,TRUE,"Target achieved; safe withdrawal identified"
"PPT_00343","Push-Pull","Kenya","Admin2","Siaya","Alego-Usonga","Alego-Usonga",32,10000,30,36,0.82051282051282,0.0758500435919791,"Kenya / Siaya / Alego-Usonga","Transferred Uganda survey estimate","Country","Transferred",32,3.2,30.467074896399,36,30.4670704591031,30.4670704591031,39.2098853729093,47.4414116306611,51.3920571675301,TRUE,"Target achieved; safe withdrawal identified"
"PPT_00344","Push-Pull","Kenya","Admin2","Siaya","Alego-Usonga","Alego-Usonga",32,10000,30,48,0.82051282051282,0.0758500435919791,"Kenya / Siaya / Alego-Usonga","Transferred Uganda survey estimate","Country","Transferred",20,2,30.9805397258967,48,30.9805360871939,30.9805360871939,38.0165239354889,45.8175163531641,50.1804018779923,TRUE,"Target achieved; safe withdrawal identified"
"PPT_00345","Push-Pull","Kenya","Admin2","Siaya","Alego-Usonga","Alego-Usonga",32,10000,30,60,0.82051282051282,0.0758500435919791,"Kenya / Siaya / Alego-Usonga","Transferred Uganda survey estimate","Country","Transferred",13,1.3,30.2005536873923,60,30.2005509695477,30.2005509695477,36.2315076380316,43.9451470595142,48.8197933244723,TRUE,"Target achieved; safe withdrawal identified"
"PPT_00346","Push-Pull","Kenya","Admin2","Siaya","Alego-Usonga","Alego-Usonga",32,10000,40,12,0.82051282051282,0.0758500435919791,"Kenya / Siaya / Alego-Usonga","Transferred Uganda survey estimate","Country","Transferred",495,49.5,40.0124442616041,12,40.0124442263574,40.0124442263574,62.534060967405,67.1781850436228,62.466326132942,TRUE,"Target achieved; safe withdrawal identified"
"PPT_00347","Push-Pull","Kenya","Admin2","Siaya","Alego-Usonga","Alego-Usonga",32,10000,40,24,0.82051282051282,0.0758500435919791,"Kenya / Siaya / Alego-Usonga","Transferred Uganda survey estimate","Country","Transferred",101,10.1,40.052679576621,24,40.0526614572563,40.0526614572563,53.1712456335386,58.8330860840391,58.1238833402047,TRUE,"Target achieved; safe withdrawal identified"
"PPT_00348","Push-Pull","Kenya","Admin2","Siaya","Alego-Usonga","Alego-Usonga",32,10000,40,36,0.82051282051282,0.0758500435919791,"Kenya / Siaya / Alego-Usonga","Transferred Uganda survey estimate","Country","Transferred",49,4.9,40.2026283113501,36,40.2026281877127,40.2026281877127,49.2363692114331,54.8436383214627,55.7268797904571,TRUE,"Target achieved; safe withdrawal identified"
"PPT_00349","Push-Pull","Kenya","Admin2","Siaya","Alego-Usonga","Alego-Usonga",32,10000,40,48,0.82051282051282,0.0758500435919791,"Kenya / Siaya / Alego-Usonga","Transferred Uganda survey estimate","Country","Transferred",30,3,40.2335177503084,48,40.2334915407272,40.2334915407272,47.2504427630175,52.7061380382113,54.3373834120958,TRUE,"Target achieved; safe withdrawal identified"
"PPT_00350","Push-Pull","Kenya","Admin2","Siaya","Alego-Usonga","Alego-Usonga",32,10000,40,60,0.82051282051282,0.0758500435919791,"Kenya / Siaya / Alego-Usonga","Transferred Uganda survey estimate","Country","Transferred",21,2.1,40.8719874241072,60,40.8719752721823,40.8719752721823,46.6890110377218,51.8137587325042,53.6745477850628,TRUE,"Target achieved; safe withdrawal identified"
"PPT_00351","Push-Pull","Kenya","Admin2","Siaya","Alego-Usonga","Alego-Usonga",32,10000,50,12,0.82051282051282,0.0758500435919791,"Kenya / Siaya / Alego-Usonga","Transferred Uganda survey estimate","Country","Transferred",,,,,,,,,,FALSE,"Target not achieved with <= 500 ToTs"
"PPT_00352","Push-Pull","Kenya","Admin2","Siaya","Alego-Usonga","Alego-Usonga",32,10000,50,24,0.82051282051282,0.0758500435919791,"Kenya / Siaya / Alego-Usonga","Transferred Uganda survey estimate","Country","Transferred",160,16,50.0149984346628,24,50.0149834967752,50.0149834967752,62.2026141192338,63.932101184299,60.3794769950496,TRUE,"Target achieved; safe withdrawal identified"
"PPT_00353","Push-Pull","Kenya","Admin2","Siaya","Alego-Usonga","Alego-Usonga",32,10000,50,36,0.82051282051282,0.0758500435919791,"Kenya / Siaya / Alego-Usonga","Transferred Uganda survey estimate","Country","Transferred",74,7.4,50.0373136506183,36,50.0372788718885,50.0372788718885,58.1612326944409,60.2133372822156,58.3182250497628,TRUE,"Target achieved; safe withdrawal identified"
"PPT_00354","Push-Pull","Kenya","Admin2","Siaya","Alego-Usonga","Alego-Usonga",32,10000,50,48,0.82051282051282,0.0758500435919791,"Kenya / Siaya / Alego-Usonga","Transferred Uganda survey estimate","Country","Transferred",46,4.6,50.4065651927322,48,50.4065645152488,50.4065645152488,56.3199640183195,58.2525624146056,57.1038548113441,TRUE,"Target achieved; safe withdrawal identified"
"PPT_00355","Push-Pull","Kenya","Admin2","Siaya","Alego-Usonga","Alego-Usonga",32,10000,50,60,0.82051282051282,0.0758500435919791,"Kenya / Siaya / Alego-Usonga","Transferred Uganda survey estimate","Country","Transferred",32,3.2,50.556000405508,60,50.5559719567328,50.5559719567328,55.1658035463521,56.983265641249,56.2728566880191,TRUE,"Target achieved; safe withdrawal identified"
"PPT_00356","Push-Pull","Kenya","Admin2","Siaya","Alego-Usonga","Alego-Usonga",32,10000,60,12,0.82051282051282,0.0758500435919791,"Kenya / Siaya / Alego-Usonga","Transferred Uganda survey estimate","Country","Transferred",,,,,,,,,,FALSE,"Target not achieved with <= 500 ToTs"
"PPT_00357","Push-Pull","Kenya","Admin2","Siaya","Alego-Usonga","Alego-Usonga",32,10000,60,24,0.82051282051282,0.0758500435919791,"Kenya / Siaya / Alego-Usonga","Transferred Uganda survey estimate","Country","Transferred",287,28.7,60.0169375836435,24,60.0169243165115,60.0169243165115,69.2743843079726,66.8793060791802,61.3471229915392,TRUE,"Target achieved; safe withdrawal identified"
"PPT_00358","Push-Pull","Kenya","Admin2","Siaya","Alego-Usonga","Alego-Usonga",32,10000,60,36,0.82051282051282,0.0758500435919791,"Kenya / Siaya / Alego-Usonga","Transferred Uganda survey estimate","Country","Transferred",118,11.8,60.0267081370166,,,,,,,FALSE,"Target achieved; continued support required within tested horizon"
"PPT_00359","Push-Pull","Kenya","Admin2","Siaya","Alego-Usonga","Alego-Usonga",32,10000,60,48,0.82051282051282,0.0758500435919791,"Kenya / Siaya / Alego-Usonga","Transferred Uganda survey estimate","Country","Transferred",72,7.2,60.0559904068761,,,,,,,FALSE,"Target achieved; continued support required within tested horizon"
"PPT_00360","Push-Pull","Kenya","Admin2","Siaya","Alego-Usonga","Alego-Usonga",32,10000,60,60,0.82051282051282,0.0758500435919791,"Kenya / Siaya / Alego-Usonga","Transferred Uganda survey estimate","Country","Transferred",51,5.1,60.061073474987,,,,,,,FALSE,"Target achieved; continued support required within tested horizon"
"PPT_00361","Push-Pull","Kenya","Admin2","Siaya","Bondo","Bondo",3,10000,10,12,0.802547770700637,0.0758500435919791,"Kenya / Siaya","Transferred Uganda survey estimate","Country","Transferred",58,5.8,10.1266214340803,12,10.126622543275,10.126622543275,21.2437153595118,32.210380157748,40.0109094374384,TRUE,"Target achieved; safe withdrawal identified"
"PPT_00362","Push-Pull","Kenya","Admin2","Siaya","Bondo","Bondo",3,10000,10,24,0.802547770700637,0.0758500435919791,"Kenya / Siaya","Transferred Uganda survey estimate","Country","Transferred",17,1.7,10.1366931155792,24,10.1366937357094,10.1366937357094,16.0461997290431,24.2876682296799,32.2061978588806,TRUE,"Target achieved; safe withdrawal identified"
"PPT_00363","Push-Pull","Kenya","Admin2","Siaya","Bondo","Bondo",3,10000,10,36,0.802547770700637,0.0758500435919791,"Kenya / Siaya","Transferred Uganda survey estimate","Country","Transferred",9,0.9,10.6400328604916,36,10.6400343531199,10.6400343531199,15.1107939616122,22.5387891871727,30.2986219012634,TRUE,"Target achieved; safe withdrawal identified"
"PPT_00364","Push-Pull","Kenya","Admin2","Siaya","Bondo","Bondo",3,10000,10,48,0.802547770700637,0.0758500435919791,"Kenya / Siaya","Transferred Uganda survey estimate","Country","Transferred",6,0.6,11.5725936407798,48,11.5725980982633,11.5725980982633,15.541212027756,22.7960279795508,30.5329247022476,TRUE,"Target achieved; safe withdrawal identified"
"PPT_00365","Push-Pull","Kenya","Admin2","Siaya","Bondo","Bondo",3,10000,10,60,0.802547770700637,0.0758500435919791,"Kenya / Siaya","Transferred Uganda survey estimate","Country","Transferred",4,0.4,11.5909149638768,60,11.5909207273679,11.5909207273679,15.1189096256065,22.0918904506569,29.7541353114005,TRUE,"Target achieved; safe withdrawal identified"
"PPT_00366","Push-Pull","Kenya","Admin2","Siaya","Bondo","Bondo",3,10000,20,12,0.802547770700637,0.0758500435919791,"Kenya / Siaya","Transferred Uganda survey estimate","Country","Transferred",137,13.7,20.0770283950281,12,20.0770285775816,20.0770285775816,38.6193296883207,50.5238598567438,53.8877393660721,TRUE,"Target achieved; safe withdrawal identified"
"PPT_00367","Push-Pull","Kenya","Admin2","Siaya","Bondo","Bondo",3,10000,20,24,0.802547770700637,0.0758500435919791,"Kenya / Siaya","Transferred Uganda survey estimate","Country","Transferred",38,3.8,20.1627737875549,24,20.1627738068535,20.1627738068535,30.1511049322691,40.3052438001988,46.5061238476832,TRUE,"Target achieved; safe withdrawal identified"
"PPT_00368","Push-Pull","Kenya","Admin2","Siaya","Bondo","Bondo",3,10000,20,36,0.802547770700637,0.0758500435919791,"Kenya / Siaya","Transferred Uganda survey estimate","Country","Transferred",19,1.9,20.2385840244248,36,20.238584536673,20.238584536673,27.4136958697544,36.6304467199462,43.4742635243965,TRUE,"Target achieved; safe withdrawal identified"
"PPT_00369","Push-Pull","Kenya","Admin2","Siaya","Bondo","Bondo",3,10000,20,48,0.802547770700637,0.0758500435919791,"Kenya / Siaya","Transferred Uganda survey estimate","Country","Transferred",12,1.2,20.8552085985528,48,20.8552107666071,20.8552107666071,26.8249760736676,35.547787106503,42.4993488931987,TRUE,"Target achieved; safe withdrawal identified"
"PPT_00370","Push-Pull","Kenya","Admin2","Siaya","Bondo","Bondo",3,10000,20,60,0.802547770700637,0.0758500435919791,"Kenya / Siaya","Transferred Uganda survey estimate","Country","Transferred",8,0.8,20.7863800196991,60,20.7863816175219,20.7863816175219,26.0102478683707,34.4284021598032,41.5073994382243,TRUE,"Target achieved; safe withdrawal identified"
"PPT_00371","Push-Pull","Kenya","Admin2","Siaya","Bondo","Bondo",3,10000,30,12,0.802547770700637,0.0758500435919791,"Kenya / Siaya","Transferred Uganda survey estimate","Country","Transferred",261,26.1,30.0388718127817,12,30.0388707380821,30.0388707380821,52.4909996270488,61.3941601751987,59.9286736103199,TRUE,"Target achieved; safe withdrawal identified"
"PPT_00372","Push-Pull","Kenya","Admin2","Siaya","Bondo","Bondo",3,10000,30,24,0.802547770700637,0.0758500435919791,"Kenya / Siaya","Transferred Uganda survey estimate","Country","Transferred",65,6.5,30.0456828395792,24,30.0456662283685,30.0456662283685,42.4155409161311,51.2030549757089,53.9039551176414,TRUE,"Target achieved; safe withdrawal identified"
"PPT_00373","Push-Pull","Kenya","Admin2","Siaya","Bondo","Bondo",3,10000,30,36,0.802547770700637,0.0758500435919791,"Kenya / Siaya","Transferred Uganda survey estimate","Country","Transferred",32,3.2,30.0930077380435,36,30.0929992744322,30.0929992744322,38.8098016591403,47.0777766728084,51.0793446992416,TRUE,"Target achieved; safe withdrawal identified"
"PPT_00374","Push-Pull","Kenya","Admin2","Siaya","Bondo","Bondo",3,10000,30,48,0.802547770700637,0.0758500435919791,"Kenya / Siaya","Transferred Uganda survey estimate","Country","Transferred",20,2,30.6198062302605,48,30.6198062302548,30.6198062302548,37.6303120134228,45.4463864759729,49.8517337355114,TRUE,"Target achieved; safe withdrawal identified"
"PPT_00375","Push-Pull","Kenya","Admin2","Siaya","Bondo","Bondo",3,10000,30,60,0.802547770700637,0.0758500435919791,"Kenya / Siaya","Transferred Uganda survey estimate","Country","Transferred",14,1.4,31.4045755344722,60,31.4045687434858,31.4045687434858,37.4525700552368,44.8882575095863,49.368426959443,TRUE,"Target achieved; safe withdrawal identified"
"PPT_00376","Push-Pull","Kenya","Admin2","Siaya","Bondo","Bondo",3,10000,40,12,0.802547770700637,0.0758500435919791,"Kenya / Siaya","Transferred Uganda survey estimate","Country","Transferred",,,,,,,,,,FALSE,"Target not achieved with <= 500 ToTs"
"PPT_00377","Push-Pull","Kenya","Admin2","Siaya","Bondo","Bondo",3,10000,40,24,0.802547770700637,0.0758500435919791,"Kenya / Siaya","Transferred Uganda survey estimate","Country","Transferred",104,10.4,40.1788672422036,24,40.1788496593958,40.1788496593958,53.31732467546,58.9350261573746,58.1158656604942,TRUE,"Target achieved; safe withdrawal identified"
"PPT_00378","Push-Pull","Kenya","Admin2","Siaya","Bondo","Bondo",3,10000,40,36,0.802547770700637,0.0758500435919791,"Kenya / Siaya","Transferred Uganda survey estimate","Country","Transferred",50,5,40.2240916860716,36,40.2240655269238,40.2240655269238,49.2650277747546,54.8372827986449,55.6527451522867,TRUE,"Target achieved; safe withdrawal identified"
"PPT_00379","Push-Pull","Kenya","Admin2","Siaya","Bondo","Bondo",3,10000,40,48,0.802547770700637,0.0758500435919791,"Kenya / Siaya","Transferred Uganda survey estimate","Country","Transferred",31,3.1,40.585364302359,48,40.5853375469929,40.5853375469929,47.5763751972447,52.8804857834274,54.354896115665,TRUE,"Target achieved; safe withdrawal identified"
"PPT_00380","Push-Pull","Kenya","Admin2","Siaya","Bondo","Bondo",3,10000,40,60,0.802547770700637,0.0758500435919791,"Kenya / Siaya","Transferred Uganda survey estimate","Country","Transferred",21,2.1,40.4602518749467,60,40.4602449923596,40.4602449923596,46.2901405218255,51.4860715783824,53.4104914500297,TRUE,"Target achieved; safe withdrawal identified"
"PPT_00381","Push-Pull","Kenya","Admin2","Siaya","Bondo","Bondo",3,10000,50,12,0.802547770700637,0.0758500435919791,"Kenya / Siaya","Transferred Uganda survey estimate","Country","Transferred",,,,,,,,,,FALSE,"Target not achieved with <= 500 ToTs"
"PPT_00382","Push-Pull","Kenya","Admin2","Siaya","Bondo","Bondo",3,10000,50,24,0.802547770700637,0.0758500435919791,"Kenya / Siaya","Transferred Uganda survey estimate","Country","Transferred",165,16.5,50.0237258892427,24,50.0237038033698,50.0237038033698,62.1959207001015,63.93739442023,60.3280873268853,TRUE,"Target achieved; safe withdrawal identified"
"PPT_00383","Push-Pull","Kenya","Admin2","Siaya","Bondo","Bondo",3,10000,50,36,0.802547770700637,0.0758500435919791,"Kenya / Siaya","Transferred Uganda survey estimate","Country","Transferred",76,7.6,50.1369076994686,36,50.1368850128952,50.1368850128952,58.2460714188704,60.2412778099025,58.2646327563975,TRUE,"Target achieved; safe withdrawal identified"
"PPT_00384","Push-Pull","Kenya","Admin2","Siaya","Bondo","Bondo",3,10000,50,48,0.802547770700637,0.0758500435919791,"Kenya / Siaya","Transferred Uganda survey estimate","Country","Transferred",47,4.7,50.4411490965458,48,50.4411203921192,50.4411203921192,56.3407815947511,58.2266877660518,57.0185925406872,TRUE,"Target achieved; safe withdrawal identified"
"PPT_00385","Push-Pull","Kenya","Admin2","Siaya","Bondo","Bondo",3,10000,50,60,0.802547770700637,0.0758500435919791,"Kenya / Siaya","Transferred Uganda survey estimate","Country","Transferred",32,3.2,50.1254553749045,60,50.1254264288962,50.1254264288962,54.7935417740664,56.7281718685645,56.0781965472455,TRUE,"Target achieved; safe withdrawal identified"
"PPT_00386","Push-Pull","Kenya","Admin2","Siaya","Bondo","Bondo",3,10000,60,12,0.802547770700637,0.0758500435919791,"Kenya / Siaya","Transferred Uganda survey estimate","Country","Transferred",,,,,,,,,,FALSE,"Target not achieved with <= 500 ToTs"
"PPT_00387","Push-Pull","Kenya","Admin2","Siaya","Bondo","Bondo",3,10000,60,24,0.802547770700637,0.0758500435919791,"Kenya / Siaya","Transferred Uganda survey estimate","Country","Transferred",302,30.2,60.0146414463616,24,60.0146403174421,60.0146403174421,69.1835503588472,66.8199632463709,61.2653299043427,TRUE,"Target achieved; safe withdrawal identified"
"PPT_00388","Push-Pull","Kenya","Admin2","Siaya","Bondo","Bondo",3,10000,60,36,0.802547770700637,0.0758500435919791,"Kenya / Siaya","Transferred Uganda survey estimate","Country","Transferred",122,12.2,60.1022131821694,,,,,,,FALSE,"Target achieved; continued support required within tested horizon"
"PPT_00389","Push-Pull","Kenya","Admin2","Siaya","Bondo","Bondo",3,10000,60,48,0.802547770700637,0.0758500435919791,"Kenya / Siaya","Transferred Uganda survey estimate","Country","Transferred",74,7.4,60.1156990391156,,,,,,,FALSE,"Target achieved; continued support required within tested horizon"
"PPT_00390","Push-Pull","Kenya","Admin2","Siaya","Bondo","Bondo",3,10000,60,60,0.802547770700637,0.0758500435919791,"Kenya / Siaya","Transferred Uganda survey estimate","Country","Transferred",52,5.2,60.0036726680481,,,,,,,FALSE,"Target achieved; continued support required within tested horizon"
"PPT_00391","Push-Pull","Kenya","Admin2","Siaya","Rarieda","Rarieda",4,10000,10,12,0.802547770700637,0.0758500435919791,"Kenya / Siaya","Transferred Uganda survey estimate","Country","Transferred",58,5.8,10.1266214340803,12,10.126622543275,10.126622543275,21.2437153595118,32.210380157748,40.0109094374384,TRUE,"Target achieved; safe withdrawal identified"
"PPT_00392","Push-Pull","Kenya","Admin2","Siaya","Rarieda","Rarieda",4,10000,10,24,0.802547770700637,0.0758500435919791,"Kenya / Siaya","Transferred Uganda survey estimate","Country","Transferred",17,1.7,10.1366931155792,24,10.1366937357094,10.1366937357094,16.0461997290431,24.2876682296799,32.2061978588806,TRUE,"Target achieved; safe withdrawal identified"
"PPT_00393","Push-Pull","Kenya","Admin2","Siaya","Rarieda","Rarieda",4,10000,10,36,0.802547770700637,0.0758500435919791,"Kenya / Siaya","Transferred Uganda survey estimate","Country","Transferred",9,0.9,10.6400328604916,36,10.6400343531199,10.6400343531199,15.1107939616122,22.5387891871727,30.2986219012634,TRUE,"Target achieved; safe withdrawal identified"
"PPT_00394","Push-Pull","Kenya","Admin2","Siaya","Rarieda","Rarieda",4,10000,10,48,0.802547770700637,0.0758500435919791,"Kenya / Siaya","Transferred Uganda survey estimate","Country","Transferred",6,0.6,11.5725936407798,48,11.5725980982633,11.5725980982633,15.541212027756,22.7960279795508,30.5329247022476,TRUE,"Target achieved; safe withdrawal identified"
"PPT_00395","Push-Pull","Kenya","Admin2","Siaya","Rarieda","Rarieda",4,10000,10,60,0.802547770700637,0.0758500435919791,"Kenya / Siaya","Transferred Uganda survey estimate","Country","Transferred",4,0.4,11.5909149638768,60,11.5909207273679,11.5909207273679,15.1189096256065,22.0918904506569,29.7541353114005,TRUE,"Target achieved; safe withdrawal identified"
"PPT_00396","Push-Pull","Kenya","Admin2","Siaya","Rarieda","Rarieda",4,10000,20,12,0.802547770700637,0.0758500435919791,"Kenya / Siaya","Transferred Uganda survey estimate","Country","Transferred",137,13.7,20.0770283950281,12,20.0770285775816,20.0770285775816,38.6193296883207,50.5238598567438,53.8877393660721,TRUE,"Target achieved; safe withdrawal identified"
"PPT_00397","Push-Pull","Kenya","Admin2","Siaya","Rarieda","Rarieda",4,10000,20,24,0.802547770700637,0.0758500435919791,"Kenya / Siaya","Transferred Uganda survey estimate","Country","Transferred",38,3.8,20.1627737875549,24,20.1627738068535,20.1627738068535,30.1511049322691,40.3052438001988,46.5061238476832,TRUE,"Target achieved; safe withdrawal identified"
"PPT_00398","Push-Pull","Kenya","Admin2","Siaya","Rarieda","Rarieda",4,10000,20,36,0.802547770700637,0.0758500435919791,"Kenya / Siaya","Transferred Uganda survey estimate","Country","Transferred",19,1.9,20.2385840244248,36,20.238584536673,20.238584536673,27.4136958697544,36.6304467199462,43.4742635243965,TRUE,"Target achieved; safe withdrawal identified"
"PPT_00399","Push-Pull","Kenya","Admin2","Siaya","Rarieda","Rarieda",4,10000,20,48,0.802547770700637,0.0758500435919791,"Kenya / Siaya","Transferred Uganda survey estimate","Country","Transferred",12,1.2,20.8552085985528,48,20.8552107666071,20.8552107666071,26.8249760736676,35.547787106503,42.4993488931987,TRUE,"Target achieved; safe withdrawal identified"
"PPT_00400","Push-Pull","Kenya","Admin2","Siaya","Rarieda","Rarieda",4,10000,20,60,0.802547770700637,0.0758500435919791,"Kenya / Siaya","Transferred Uganda survey estimate","Country","Transferred",8,0.8,20.7863800196991,60,20.7863816175219,20.7863816175219,26.0102478683707,34.4284021598032,41.5073994382243,TRUE,"Target achieved; safe withdrawal identified"
"PPT_00401","Push-Pull","Kenya","Admin2","Siaya","Rarieda","Rarieda",4,10000,30,12,0.802547770700637,0.0758500435919791,"Kenya / Siaya","Transferred Uganda survey estimate","Country","Transferred",261,26.1,30.0388718127817,12,30.0388707380821,30.0388707380821,52.4909996270488,61.3941601751987,59.9286736103199,TRUE,"Target achieved; safe withdrawal identified"
"PPT_00402","Push-Pull","Kenya","Admin2","Siaya","Rarieda","Rarieda",4,10000,30,24,0.802547770700637,0.0758500435919791,"Kenya / Siaya","Transferred Uganda survey estimate","Country","Transferred",65,6.5,30.0456828395792,24,30.0456662283685,30.0456662283685,42.4155409161311,51.2030549757089,53.9039551176414,TRUE,"Target achieved; safe withdrawal identified"
"PPT_00403","Push-Pull","Kenya","Admin2","Siaya","Rarieda","Rarieda",4,10000,30,36,0.802547770700637,0.0758500435919791,"Kenya / Siaya","Transferred Uganda survey estimate","Country","Transferred",32,3.2,30.0930077380435,36,30.0929992744322,30.0929992744322,38.8098016591403,47.0777766728084,51.0793446992416,TRUE,"Target achieved; safe withdrawal identified"
"PPT_00404","Push-Pull","Kenya","Admin2","Siaya","Rarieda","Rarieda",4,10000,30,48,0.802547770700637,0.0758500435919791,"Kenya / Siaya","Transferred Uganda survey estimate","Country","Transferred",20,2,30.6198062302605,48,30.6198062302548,30.6198062302548,37.6303120134228,45.4463864759729,49.8517337355114,TRUE,"Target achieved; safe withdrawal identified"
"PPT_00405","Push-Pull","Kenya","Admin2","Siaya","Rarieda","Rarieda",4,10000,30,60,0.802547770700637,0.0758500435919791,"Kenya / Siaya","Transferred Uganda survey estimate","Country","Transferred",14,1.4,31.4045755344722,60,31.4045687434858,31.4045687434858,37.4525700552368,44.8882575095863,49.368426959443,TRUE,"Target achieved; safe withdrawal identified"
"PPT_00406","Push-Pull","Kenya","Admin2","Siaya","Rarieda","Rarieda",4,10000,40,12,0.802547770700637,0.0758500435919791,"Kenya / Siaya","Transferred Uganda survey estimate","Country","Transferred",,,,,,,,,,FALSE,"Target not achieved with <= 500 ToTs"
"PPT_00407","Push-Pull","Kenya","Admin2","Siaya","Rarieda","Rarieda",4,10000,40,24,0.802547770700637,0.0758500435919791,"Kenya / Siaya","Transferred Uganda survey estimate","Country","Transferred",104,10.4,40.1788672422036,24,40.1788496593958,40.1788496593958,53.31732467546,58.9350261573746,58.1158656604942,TRUE,"Target achieved; safe withdrawal identified"
"PPT_00408","Push-Pull","Kenya","Admin2","Siaya","Rarieda","Rarieda",4,10000,40,36,0.802547770700637,0.0758500435919791,"Kenya / Siaya","Transferred Uganda survey estimate","Country","Transferred",50,5,40.2240916860716,36,40.2240655269238,40.2240655269238,49.2650277747546,54.8372827986449,55.6527451522867,TRUE,"Target achieved; safe withdrawal identified"
"PPT_00409","Push-Pull","Kenya","Admin2","Siaya","Rarieda","Rarieda",4,10000,40,48,0.802547770700637,0.0758500435919791,"Kenya / Siaya","Transferred Uganda survey estimate","Country","Transferred",31,3.1,40.585364302359,48,40.5853375469929,40.5853375469929,47.5763751972447,52.8804857834274,54.354896115665,TRUE,"Target achieved; safe withdrawal identified"
"PPT_00410","Push-Pull","Kenya","Admin2","Siaya","Rarieda","Rarieda",4,10000,40,60,0.802547770700637,0.0758500435919791,"Kenya / Siaya","Transferred Uganda survey estimate","Country","Transferred",21,2.1,40.4602518749467,60,40.4602449923596,40.4602449923596,46.2901405218255,51.4860715783824,53.4104914500297,TRUE,"Target achieved; safe withdrawal identified"
"PPT_00411","Push-Pull","Kenya","Admin2","Siaya","Rarieda","Rarieda",4,10000,50,12,0.802547770700637,0.0758500435919791,"Kenya / Siaya","Transferred Uganda survey estimate","Country","Transferred",,,,,,,,,,FALSE,"Target not achieved with <= 500 ToTs"
"PPT_00412","Push-Pull","Kenya","Admin2","Siaya","Rarieda","Rarieda",4,10000,50,24,0.802547770700637,0.0758500435919791,"Kenya / Siaya","Transferred Uganda survey estimate","Country","Transferred",165,16.5,50.0237258892427,24,50.0237038033698,50.0237038033698,62.1959207001015,63.93739442023,60.3280873268853,TRUE,"Target achieved; safe withdrawal identified"
"PPT_00413","Push-Pull","Kenya","Admin2","Siaya","Rarieda","Rarieda",4,10000,50,36,0.802547770700637,0.0758500435919791,"Kenya / Siaya","Transferred Uganda survey estimate","Country","Transferred",76,7.6,50.1369076994686,36,50.1368850128952,50.1368850128952,58.2460714188704,60.2412778099025,58.2646327563975,TRUE,"Target achieved; safe withdrawal identified"
"PPT_00414","Push-Pull","Kenya","Admin2","Siaya","Rarieda","Rarieda",4,10000,50,48,0.802547770700637,0.0758500435919791,"Kenya / Siaya","Transferred Uganda survey estimate","Country","Transferred",47,4.7,50.4411490965458,48,50.4411203921192,50.4411203921192,56.3407815947511,58.2266877660518,57.0185925406872,TRUE,"Target achieved; safe withdrawal identified"
"PPT_00415","Push-Pull","Kenya","Admin2","Siaya","Rarieda","Rarieda",4,10000,50,60,0.802547770700637,0.0758500435919791,"Kenya / Siaya","Transferred Uganda survey estimate","Country","Transferred",32,3.2,50.1254553749045,60,50.1254264288962,50.1254264288962,54.7935417740664,56.7281718685645,56.0781965472455,TRUE,"Target achieved; safe withdrawal identified"
"PPT_00416","Push-Pull","Kenya","Admin2","Siaya","Rarieda","Rarieda",4,10000,60,12,0.802547770700637,0.0758500435919791,"Kenya / Siaya","Transferred Uganda survey estimate","Country","Transferred",,,,,,,,,,FALSE,"Target not achieved with <= 500 ToTs"
"PPT_00417","Push-Pull","Kenya","Admin2","Siaya","Rarieda","Rarieda",4,10000,60,24,0.802547770700637,0.0758500435919791,"Kenya / Siaya","Transferred Uganda survey estimate","Country","Transferred",302,30.2,60.0146414463616,24,60.0146403174421,60.0146403174421,69.1835503588472,66.8199632463709,61.2653299043427,TRUE,"Target achieved; safe withdrawal identified"
"PPT_00418","Push-Pull","Kenya","Admin2","Siaya","Rarieda","Rarieda",4,10000,60,36,0.802547770700637,0.0758500435919791,"Kenya / Siaya","Transferred Uganda survey estimate","Country","Transferred",122,12.2,60.1022131821694,,,,,,,FALSE,"Target achieved; continued support required within tested horizon"
"PPT_00419","Push-Pull","Kenya","Admin2","Siaya","Rarieda","Rarieda",4,10000,60,48,0.802547770700637,0.0758500435919791,"Kenya / Siaya","Transferred Uganda survey estimate","Country","Transferred",74,7.4,60.1156990391156,,,,,,,FALSE,"Target achieved; continued support required within tested horizon"
"PPT_00420","Push-Pull","Kenya","Admin2","Siaya","Rarieda","Rarieda",4,10000,60,60,0.802547770700637,0.0758500435919791,"Kenya / Siaya","Transferred Uganda survey estimate","Country","Transferred",52,5.2,60.0036726680481,,,,,,,FALSE,"Target achieved; continued support required within tested horizon"
"PPT_00421","Push-Pull","Kenya","Admin2","Siaya","Ugunja","Ugunja",24,10000,10,12,0.8,0.0758500435919791,"Kenya / Siaya / Ugunja","Transferred Uganda survey estimate","Country","Transferred",58,5.8,10.1014020189583,12,10.1014028008142,10.1014028008142,21.2028027107604,32.1615600335918,39.9563555397033,TRUE,"Target achieved; safe withdrawal identified"
"PPT_00422","Push-Pull","Kenya","Admin2","Siaya","Ugunja","Ugunja",24,10000,10,24,0.8,0.0758500435919791,"Kenya / Siaya / Ugunja","Transferred Uganda survey estimate","Country","Transferred",17,1.7,10.1148421336923,24,10.1148425140784,10.1148425140784,16.0161570739356,24.2452341804547,32.1511117938322,TRUE,"Target achieved; safe withdrawal identified"
"PPT_00423","Push-Pull","Kenya","Admin2","Siaya","Ugunja","Ugunja",24,10000,10,36,0.8,0.0758500435919791,"Kenya / Siaya / Ugunja","Transferred Uganda survey estimate","Country","Transferred",9,0.9,10.6185569095432,36,10.6185569720926,10.6185569720926,15.0822987509147,22.4965260122429,30.2422865023532,TRUE,"Target achieved; safe withdrawal identified"
"PPT_00424","Push-Pull","Kenya","Admin2","Siaya","Ugunja","Ugunja",24,10000,10,48,0.8,0.0758500435919791,"Kenya / Siaya / Ugunja","Transferred Uganda survey estimate","Country","Transferred",6,0.6,11.5495561920579,48,11.5495605972905,11.5495605972905,15.511096361065,22.751197740603,30.4739331746735,TRUE,"Target achieved; safe withdrawal identified"
"PPT_00425","Push-Pull","Kenya","Admin2","Siaya","Ugunja","Ugunja",24,10000,10,60,0.8,0.0758500435919791,"Kenya / Siaya / Ugunja","Transferred Uganda survey estimate","Country","Transferred",4,0.4,11.567236439946,60,11.5672421328085,11.5672421328085,15.0880930819628,22.0455537698937,29.6929571009212,TRUE,"Target achieved; safe withdrawal identified"
"PPT_00426","Push-Pull","Kenya","Admin2","Siaya","Ugunja","Ugunja",24,10000,20,12,0.8,0.0758500435919791,"Kenya / Siaya / Ugunja","Transferred Uganda survey estimate","Country","Transferred",137,13.7,20.0280820167842,12,20.0280821982429,20.0280821982429,38.5510285379749,50.4692327617,53.8452295168365,TRUE,"Target achieved; safe withdrawal identified"
"PPT_00427","Push-Pull","Kenya","Admin2","Siaya","Ugunja","Ugunja",24,10000,20,24,0.8,0.0758500435919791,"Kenya / Siaya / Ugunja","Transferred Uganda survey estimate","Country","Transferred",38,3.8,20.1209706553011,24,20.1209713618004,20.1209713618004,30.1000079857074,40.2518012647953,46.454286659685,TRUE,"Target achieved; safe withdrawal identified"
"PPT_00428","Push-Pull","Kenya","Admin2","Siaya","Ugunja","Ugunja",24,10000,20,36,0.8,0.0758500435919791,"Kenya / Siaya / Ugunja","Transferred Uganda survey estimate","Country","Transferred",19,1.9,20.1999875205464,36,20.1999880598414,20.1999880598414,27.3674779575374,36.5770092697131,43.4188108384159,TRUE,"Target achieved; safe withdrawal identified"
"PPT_00429","Push-Pull","Kenya","Admin2","Siaya","Ugunja","Ugunja",24,10000,20,48,0.8,0.0758500435919791,"Kenya / Siaya / Ugunja","Transferred Uganda survey estimate","Country","Transferred",12,1.2,20.8166314956098,48,20.8166326258485,20.8166326258485,26.7790751139812,35.4929613806991,42.4416482722863,TRUE,"Target achieved; safe withdrawal identified"
"PPT_00430","Push-Pull","Kenya","Admin2","Siaya","Ugunja","Ugunja",24,10000,20,60,0.8,0.0758500435919791,"Kenya / Siaya / Ugunja","Transferred Uganda survey estimate","Country","Transferred",8,0.8,20.7475133485314,60,20.7475134288402,20.7475134288402,25.963944164392,34.3717936972299,41.4471123708195,TRUE,"Target achieved; safe withdrawal identified"
"PPT_00431","Push-Pull","Kenya","Admin2","Siaya","Ugunja","Ugunja",24,10000,30,12,0.8,0.0758500435919791,"Kenya / Siaya / Ugunja","Transferred Uganda survey estimate","Country","Transferred",262,26.2,30.0282430425183,12,30.0282419704374,30.0282419704374,52.4790966902611,61.3953571534514,59.9236145843235,TRUE,"Target achieved; safe withdrawal identified"
"PPT_00432","Push-Pull","Kenya","Admin2","Siaya","Ugunja","Ugunja",24,10000,30,24,0.8,0.0758500435919791,"Kenya / Siaya / Ugunja","Transferred Uganda survey estimate","Country","Transferred",66,6.6,30.2993480926176,24,30.2993263910913,30.2993263910913,42.7136819732997,51.4374674274119,54.0346232148744,TRUE,"Target achieved; safe withdrawal identified"
"PPT_00433","Push-Pull","Kenya","Admin2","Siaya","Ugunja","Ugunja",24,10000,30,36,0.8,0.0758500435919791,"Kenya / Siaya / Ugunja","Transferred Uganda survey estimate","Country","Transferred",32,3.2,30.0393022473289,36,30.0392939151592,30.0392939151592,38.7521733267216,47.0251627763325,51.0339452422222,TRUE,"Target achieved; safe withdrawal identified"
"PPT_00434","Push-Pull","Kenya","Admin2","Siaya","Ugunja","Ugunja",24,10000,30,48,0.8,0.0758500435919791,"Kenya / Siaya / Ugunja","Transferred Uganda survey estimate","Country","Transferred",20,2,30.5679767834939,48,30.5679765499503,30.5679765499503,37.5746881106935,45.3927238424934,49.8040414644063,TRUE,"Target achieved; safe withdrawal identified"
"PPT_00435","Push-Pull","Kenya","Admin2","Siaya","Ugunja","Ugunja",24,10000,30,60,0.8,0.0758500435919791,"Kenya / Siaya / Ugunja","Transferred Uganda survey estimate","Country","Transferred",14,1.4,31.3524837975825,60,31.3524771448029,31.3524771448029,37.3968130282074,44.8334489419327,49.3194267022671,TRUE,"Target achieved; safe withdrawal identified"
"PPT_00436","Push-Pull","Kenya","Admin2","Siaya","Ugunja","Ugunja",24,10000,40,12,0.8,0.0758500435919791,"Kenya / Siaya / Ugunja","Transferred Uganda survey estimate","Country","Transferred",,,,,,,,,,FALSE,"Target not achieved with <= 500 ToTs"
"PPT_00437","Push-Pull","Kenya","Admin2","Siaya","Ugunja","Ugunja",24,10000,40,24,0.8,0.0758500435919791,"Kenya / Siaya / Ugunja","Transferred Uganda survey estimate","Country","Transferred",104,10.4,40.1033017771019,24,40.1032928378022,40.1032928378022,53.2451620625414,58.8908828009488,58.0860655865565,TRUE,"Target achieved; safe withdrawal identified"
"PPT_00438","Push-Pull","Kenya","Admin2","Siaya","Ugunja","Ugunja",24,10000,40,36,0.8,0.0758500435919791,"Kenya / Siaya / Ugunja","Transferred Uganda survey estimate","Country","Transferred",50,5,40.1578280884226,36,40.15778847441,40.15778847441,49.201836844066,54.7915380269523,55.6183049525511,TRUE,"Target achieved; safe withdrawal identified"
"PPT_00439","Push-Pull","Kenya","Admin2","Siaya","Ugunja","Ugunja",24,10000,40,48,0.8,0.0758500435919791,"Kenya / Siaya / Ugunja","Transferred Uganda survey estimate","Country","Transferred",31,3.1,40.5236769014815,48,40.5236347168487,40.5236347168487,47.5171117207746,52.834011150525,54.3182854113921,TRUE,"Target achieved; safe withdrawal identified"
"PPT_00440","Push-Pull","Kenya","Admin2","Siaya","Ugunja","Ugunja",24,10000,40,60,0.8,0.0758500435919791,"Kenya / Siaya / Ugunja","Transferred Uganda survey estimate","Country","Transferred",21,2.1,40.4009384955988,60,40.400933825791,40.400933825791,46.2325018784796,51.4384982106883,53.37204952267,TRUE,"Target achieved; safe withdrawal identified"
"PPT_00441","Push-Pull","Kenya","Admin2","Siaya","Ugunja","Ugunja",24,10000,50,12,0.8,0.0758500435919791,"Kenya / Siaya / Ugunja","Transferred Uganda survey estimate","Country","Transferred",,,,,,,,,,FALSE,"Target not achieved with <= 500 ToTs"
"PPT_00442","Push-Pull","Kenya","Admin2","Siaya","Ugunja","Ugunja",24,10000,50,24,0.8,0.0758500435919791,"Kenya / Siaya / Ugunja","Transferred Uganda survey estimate","Country","Transferred",166,16.6,50.0557114597577,24,50.0557039259174,50.0557039259174,62.219291028304,63.9499349449944,60.3252476226896,TRUE,"Target achieved; safe withdrawal identified"
"PPT_00443","Push-Pull","Kenya","Admin2","Siaya","Ugunja","Ugunja",24,10000,50,36,0.8,0.0758500435919791,"Kenya / Siaya / Ugunja","Transferred Uganda survey estimate","Country","Transferred",76,7.6,50.0618987902731,36,50.0618648010902,50.0618648010902,58.1828904730757,60.2047604035963,58.2393899983386,TRUE,"Target achieved; safe withdrawal identified"
"PPT_00444","Push-Pull","Kenya","Admin2","Siaya","Ugunja","Ugunja",24,10000,50,48,0.8,0.0758500435919791,"Kenya / Siaya / Ugunja","Transferred Uganda survey estimate","Country","Transferred",47,4.7,50.3740240605704,48,50.3739824948038,50.3739824948038,56.2835423082558,58.1900107524006,56.9916072986969,TRUE,"Target achieved; safe withdrawal identified"
"PPT_00445","Push-Pull","Kenya","Admin2","Siaya","Ugunja","Ugunja",24,10000,50,60,0.8,0.0758500435919791,"Kenya / Siaya / Ugunja","Transferred Uganda survey estimate","Country","Transferred",32,3.2,50.0632471427141,60,50.0632187884489,50.0632187884489,54.7395548174386,56.6909949921213,56.0498055643246,TRUE,"Target achieved; safe withdrawal identified"
"PPT_00446","Push-Pull","Kenya","Admin2","Siaya","Ugunja","Ugunja",24,10000,60,12,0.8,0.0758500435919791,"Kenya / Siaya / Ugunja","Transferred Uganda survey estimate","Country","Transferred",,,,,,,,,,FALSE,"Target not achieved with <= 500 ToTs"
"PPT_00447","Push-Pull","Kenya","Admin2","Siaya","Ugunja","Ugunja",24,10000,60,24,0.8,0.0758500435919791,"Kenya / Siaya / Ugunja","Transferred Uganda survey estimate","Country","Transferred",304,30.4,60.0018878815638,24,60.0018866263432,60.0018866263432,69.1624722314288,66.8084652623037,61.2527521468734,TRUE,"Target achieved; safe withdrawal identified"
"PPT_00448","Push-Pull","Kenya","Admin2","Siaya","Ugunja","Ugunja",24,10000,60,36,0.8,0.0758500435919791,"Kenya / Siaya / Ugunja","Transferred Uganda survey estimate","Country","Transferred",122,12.2,60.0232365801208,,,,,,,FALSE,"Target achieved; continued support required within tested horizon"
"PPT_00449","Push-Pull","Kenya","Admin2","Siaya","Ugunja","Ugunja",24,10000,60,48,0.8,0.0758500435919791,"Kenya / Siaya / Ugunja","Transferred Uganda survey estimate","Country","Transferred",74,7.4,60.0486941286549,,,,,,,FALSE,"Target achieved; continued support required within tested horizon"
"PPT_00450","Push-Pull","Kenya","Admin2","Siaya","Ugunja","Ugunja",24,10000,60,60,0.8,0.0758500435919791,"Kenya / Siaya / Ugunja","Transferred Uganda survey estimate","Country","Transferred",53,5.3,60.2825118681323,,,,,,,FALSE,"Target achieved; continued support required within tested horizon"
"PPT_00451","Push-Pull","Kenya","Admin2","Vihiga","Emuhaya","Emuhaya",31,10000,10,12,0.433566433566434,0.0758500435919791,"Kenya / Vihiga / Emuhaya","Transferred Uganda survey estimate","Country","Transferred",107,10.7,10.0608974879988,12,10.0608983869784,10.0608983869784,22.0551606850452,33.6529375189704,39.4061568994151,TRUE,"Target achieved; safe withdrawal identified"
"PPT_00452","Push-Pull","Kenya","Admin2","Vihiga","Emuhaya","Emuhaya",31,10000,10,24,0.433566433566434,0.0758500435919791,"Kenya / Vihiga / Emuhaya","Transferred Uganda survey estimate","Country","Transferred",29,2.9,10.2875354975962,24,10.2875360859929,10.2875360859929,16.6576306725374,24.526296504643,30.4007479619978,TRUE,"Target achieved; safe withdrawal identified"
"PPT_00453","Push-Pull","Kenya","Admin2","Vihiga","Emuhaya","Emuhaya",31,10000,10,36,0.433566433566434,0.0758500435919791,"Kenya / Vihiga / Emuhaya","Transferred Uganda survey estimate","Country","Transferred",14,1.4,10.2547173736973,36,10.2547200460254,10.2547200460254,14.642144084797,20.9872164499393,26.5696779826082,TRUE,"Target achieved; safe withdrawal identified"
"PPT_00454","Push-Pull","Kenya","Admin2","Vihiga","Emuhaya","Emuhaya",31,10000,10,48,0.433566433566434,0.0758500435919791,"Kenya / Vihiga / Emuhaya","Transferred Uganda survey estimate","Country","Transferred",9,0.9,10.8449878244676,48,10.8449923515417,10.8449923515417,14.4619197750535,20.2322876718624,25.6657446082177,TRUE,"Target achieved; safe withdrawal identified"
"PPT_00455","Push-Pull","Kenya","Admin2","Vihiga","Emuhaya","Emuhaya",31,10000,10,60,0.433566433566434,0.0758500435919791,"Kenya / Vihiga / Emuhaya","Transferred Uganda survey estimate","Country","Transferred",6,0.6,10.7676922271128,60,10.767692323906,10.767692323906,13.8205902707695,19.1200825617103,24.406956206951,TRUE,"Target achieved; safe withdrawal identified"
"PPT_00456","Push-Pull","Kenya","Admin2","Vihiga","Emuhaya","Emuhaya",31,10000,20,12,0.433566433566434,0.0758500435919791,"Kenya / Vihiga / Emuhaya","Transferred Uganda survey estimate","Country","Transferred",310,31,20.0082300941483,12,20.0082301838531,20.0082301838531,38.4119827986113,51.3008920789177,52.9524770965199,TRUE,"Target achieved; safe withdrawal identified"
"PPT_00457","Push-Pull","Kenya","Admin2","Vihiga","Emuhaya","Emuhaya",31,10000,20,24,0.433566433566434,0.0758500435919791,"Kenya / Vihiga / Emuhaya","Transferred Uganda survey estimate","Country","Transferred",68,6.8,20.1262427408037,24,20.1262398984439,20.1262398984439,30.5283773933172,40.2763387038749,44.3772663254969,TRUE,"Target achieved; safe withdrawal identified"
"PPT_00458","Push-Pull","Kenya","Admin2","Vihiga","Emuhaya","Emuhaya",31,10000,20,36,0.433566433566434,0.0758500435919791,"Kenya / Vihiga / Emuhaya","Transferred Uganda survey estimate","Country","Transferred",32,3.2,20.2164087075357,36,20.2164075137887,20.2164075137887,27.4258724483743,35.5324436006325,40.2323443350331,TRUE,"Target achieved; safe withdrawal identified"
"PPT_00459","Push-Pull","Kenya","Admin2","Vihiga","Emuhaya","Emuhaya",31,10000,20,48,0.433566433566434,0.0758500435919791,"Kenya / Vihiga / Emuhaya","Transferred Uganda survey estimate","Country","Transferred",19,1.9,20.1184543175256,48,20.1184535820244,20.1184535820244,25.719161865334,32.9133092613574,37.824811917556,TRUE,"Target achieved; safe withdrawal identified"
"PPT_00460","Push-Pull","Kenya","Admin2","Vihiga","Emuhaya","Emuhaya",31,10000,20,60,0.433566433566434,0.0758500435919791,"Kenya / Vihiga / Emuhaya","Transferred Uganda survey estimate","Country","Transferred",13,1.3,20.4027573467903,60,20.4027573179945,20.4027573179945,25.1319627770258,31.7797910518293,36.7172818507665,TRUE,"Target achieved; safe withdrawal identified"
"PPT_00461","Push-Pull","Kenya","Admin2","Vihiga","Emuhaya","Emuhaya",31,10000,30,12,0.433566433566434,0.0758500435919791,"Kenya / Vihiga / Emuhaya","Transferred Uganda survey estimate","Country","Transferred",,,,,,,,,,FALSE,"Target not achieved with <= 500 ToTs"
"PPT_00462","Push-Pull","Kenya","Admin2","Vihiga","Emuhaya","Emuhaya",31,10000,30,24,0.433566433566434,0.0758500435919791,"Kenya / Vihiga / Emuhaya","Transferred Uganda survey estimate","Country","Transferred",131,13.1,30.0870203317648,24,30.0870164931837,30.0870164931837,42.4256158378616,50.9801343974643,51.9112523968783,TRUE,"Target achieved; safe withdrawal identified"
"PPT_00463","Push-Pull","Kenya","Admin2","Vihiga","Emuhaya","Emuhaya",31,10000,30,36,0.433566433566434,0.0758500435919791,"Kenya / Vihiga / Emuhaya","Transferred Uganda survey estimate","Country","Transferred",58,5.8,30.3037868336488,36,30.3037850105458,30.3037850105458,38.9367974935916,46.176011126498,48.2613736426735,TRUE,"Target achieved; safe withdrawal identified"
"PPT_00464","Push-Pull","Kenya","Admin2","Vihiga","Emuhaya","Emuhaya",31,10000,30,48,0.433566433566434,0.0758500435919791,"Kenya / Vihiga / Emuhaya","Transferred Uganda survey estimate","Country","Transferred",34,3.4,30.2777218483515,48,30.2777204858858,30.2777204858858,36.9117816603847,43.3493993159507,45.9958238339001,TRUE,"Target achieved; safe withdrawal identified"
"PPT_00465","Push-Pull","Kenya","Admin2","Vihiga","Emuhaya","Emuhaya",31,10000,30,60,0.433566433566434,0.0758500435919791,"Kenya / Vihiga / Emuhaya","Transferred Uganda survey estimate","Country","Transferred",23,2.3,30.4626725359786,60,30.4626678167698,30.4626678167698,35.9191917731932,41.8018310720369,44.6879294867124,TRUE,"Target achieved; safe withdrawal identified"
"PPT_00466","Push-Pull","Kenya","Admin2","Vihiga","Emuhaya","Emuhaya",31,10000,40,12,0.433566433566434,0.0758500435919791,"Kenya / Vihiga / Emuhaya","Transferred Uganda survey estimate","Country","Transferred",,,,,,,,,,FALSE,"Target not achieved with <= 500 ToTs"
"PPT_00467","Push-Pull","Kenya","Admin2","Vihiga","Emuhaya","Emuhaya",31,10000,40,24,0.433566433566434,0.0758500435919791,"Kenya / Vihiga / Emuhaya","Transferred Uganda survey estimate","Country","Transferred",268,26.8,40.0362551047153,24,40.0362511879753,40.0362511879753,51.8391002307047,57.4723231810097,55.622943504083,TRUE,"Target achieved; safe withdrawal identified"
"PPT_00468","Push-Pull","Kenya","Admin2","Vihiga","Emuhaya","Emuhaya",31,10000,40,36,0.433566433566434,0.0758500435919791,"Kenya / Vihiga / Emuhaya","Transferred Uganda survey estimate","Country","Transferred",99,9.9,40.0650348235486,36,40.065033587971,40.065033587971,48.6381112746169,53.4834824592811,52.8409362928657,TRUE,"Target achieved; safe withdrawal identified"
"PPT_00469","Push-Pull","Kenya","Admin2","Vihiga","Emuhaya","Emuhaya",31,10000,40,48,0.433566433566434,0.0758500435919791,"Kenya / Vihiga / Emuhaya","Transferred Uganda survey estimate","Country","Transferred",56,5.6,40.047534160534,48,40.0475052799145,40.0475052799145,46.5396783328741,50.7751905181592,50.8509350991802,TRUE,"Target achieved; safe withdrawal identified"
"PPT_00470","Push-Pull","Kenya","Admin2","Vihiga","Emuhaya","Emuhaya",31,10000,40,60,0.433566433566434,0.0758500435919791,"Kenya / Vihiga / Emuhaya","Transferred Uganda survey estimate","Country","Transferred",38,3.8,40.4457887520305,60,40.4457833474784,40.4457833474784,45.5964049030901,49.2810064919205,49.666534827348,TRUE,"Target achieved; safe withdrawal identified"
"PPT_00471","Push-Pull","Kenya","Admin2","Vihiga","Emuhaya","Emuhaya",31,10000,50,12,0.433566433566434,0.0758500435919791,"Kenya / Vihiga / Emuhaya","Transferred Uganda survey estimate","Country","Transferred",,,,,,,,,,FALSE,"Target not achieved with <= 500 ToTs"
"PPT_00472","Push-Pull","Kenya","Admin2","Vihiga","Emuhaya","Emuhaya",31,10000,50,24,0.433566433566434,0.0758500435919791,"Kenya / Vihiga / Emuhaya","Transferred Uganda survey estimate","Country","Transferred",,,,,,,,,,FALSE,"Target not achieved with <= 500 ToTs"
"PPT_00473","Push-Pull","Kenya","Admin2","Vihiga","Emuhaya","Emuhaya",31,10000,50,36,0.433566433566434,0.0758500435919791,"Kenya / Vihiga / Emuhaya","Transferred Uganda survey estimate","Country","Transferred",193,19.3,50.0135442763878,36,50.0135386231323,50.0135386231323,56.8698184988994,58.3143036617834,55.3023919929829,TRUE,"Target achieved; safe withdrawal identified"
"PPT_00474","Push-Pull","Kenya","Admin2","Vihiga","Emuhaya","Emuhaya",31,10000,50,48,0.433566433566434,0.0758500435919791,"Kenya / Vihiga / Emuhaya","Transferred Uganda survey estimate","Country","Transferred",98,9.8,50.0223321263794,48,50.0223321008579,50.0223321008579,55.1290253893856,56.1578882660109,53.779770249004,TRUE,"Target achieved; safe withdrawal identified"
"PPT_00475","Push-Pull","Kenya","Admin2","Vihiga","Emuhaya","Emuhaya",31,10000,50,60,0.433566433566434,0.0758500435919791,"Kenya / Vihiga / Emuhaya","Transferred Uganda survey estimate","Country","Transferred",64,6.4,50.111312632804,60,50.1113124392081,50.1113124392081,53.937879042151,54.5887122041966,52.6215345576437,TRUE,"Target achieved; safe withdrawal identified"
"PPT_00476","Push-Pull","Kenya","Admin2","Vihiga","Emuhaya","Emuhaya",31,10000,60,12,0.433566433566434,0.0758500435919791,"Kenya / Vihiga / Emuhaya","Transferred Uganda survey estimate","Country","Transferred",,,,,,,,,,FALSE,"Target not achieved with <= 500 ToTs"
"PPT_00477","Push-Pull","Kenya","Admin2","Vihiga","Emuhaya","Emuhaya",31,10000,60,24,0.433566433566434,0.0758500435919791,"Kenya / Vihiga / Emuhaya","Transferred Uganda survey estimate","Country","Transferred",,,,,,,,,,FALSE,"Target not achieved with <= 500 ToTs"
"PPT_00478","Push-Pull","Kenya","Admin2","Vihiga","Emuhaya","Emuhaya",31,10000,60,36,0.433566433566434,0.0758500435919791,"Kenya / Vihiga / Emuhaya","Transferred Uganda survey estimate","Country","Transferred",,,,,,,,,,FALSE,"Target not achieved with <= 500 ToTs"
"PPT_00479","Push-Pull","Kenya","Admin2","Vihiga","Emuhaya","Emuhaya",31,10000,60,48,0.433566433566434,0.0758500435919791,"Kenya / Vihiga / Emuhaya","Transferred Uganda survey estimate","Country","Transferred",256,25.6,60.02173632593,,,,,,,FALSE,"Target achieved; continued support required within tested horizon"
"PPT_00480","Push-Pull","Kenya","Admin2","Vihiga","Emuhaya","Emuhaya",31,10000,60,60,0.433566433566434,0.0758500435919791,"Kenya / Vihiga / Emuhaya","Transferred Uganda survey estimate","Country","Transferred",144,14.4,60.0544143418909,,,,,,,FALSE,"Target achieved; continued support required within tested horizon"
"PPT_00481","Push-Pull","Kenya","Admin2","Vihiga","Luanda","Luanda",15,10000,10,12,0.47787610619469,0.0758500435919791,"Kenya / Vihiga","Transferred Uganda survey estimate","Country","Transferred",96,9.6,10.0490292883672,12,10.0490293082459,10.0490293082459,21.961176871944,33.4636422953328,39.508399975507,TRUE,"Target achieved; safe withdrawal identified"
"PPT_00482","Push-Pull","Kenya","Admin2","Vihiga","Luanda","Luanda",15,10000,10,24,0.47787610619469,0.0758500435919791,"Kenya / Vihiga","Transferred Uganda survey estimate","Country","Transferred",26,2.6,10.1083943620186,24,10.108396314219,10.108396314219,16.3445632152806,24.1953647762198,30.3695722684705,TRUE,"Target achieved; safe withdrawal identified"
"PPT_00483","Push-Pull","Kenya","Admin2","Vihiga","Luanda","Luanda",15,10000,10,36,0.47787610619469,0.0758500435919791,"Kenya / Vihiga","Transferred Uganda survey estimate","Country","Transferred",13,1.3,10.3339200802267,36,10.333921244062,10.333921244062,14.7459686315866,21.2498215721226,27.1571797728113,TRUE,"Target achieved; safe withdrawal identified"
"PPT_00484","Push-Pull","Kenya","Admin2","Vihiga","Luanda","Luanda",15,10000,10,48,0.47787610619469,0.0758500435919791,"Kenya / Vihiga","Transferred Uganda survey estimate","Country","Transferred",8,0.8,10.5035293544686,48,10.5035326260074,10.5035326260074,14.0511871702348,19.8916185518976,25.6167489197545,TRUE,"Target achieved; safe withdrawal identified"
"PPT_00485","Push-Pull","Kenya","Admin2","Vihiga","Luanda","Luanda",15,10000,10,60,0.47787610619469,0.0758500435919791,"Kenya / Vihiga","Transferred Uganda survey estimate","Country","Transferred",6,0.6,11.576866307688,60,11.5768704465774,11.5768704465774,14.8525535656453,20.5793054576645,26.2955324628006,TRUE,"Target achieved; safe withdrawal identified"
"PPT_00486","Push-Pull","Kenya","Admin2","Vihiga","Luanda","Luanda",15,10000,20,12,0.47787610619469,0.0758500435919791,"Kenya / Vihiga","Transferred Uganda survey estimate","Country","Transferred",265,26.5,20.0361694710848,12,20.0361694833557,20.0361694833557,38.765806487338,51.5765011169562,53.3440049248905,TRUE,"Target achieved; safe withdrawal identified"
"PPT_00487","Push-Pull","Kenya","Admin2","Vihiga","Luanda","Luanda",15,10000,20,24,0.47787610619469,0.0758500435919791,"Kenya / Vihiga","Transferred Uganda survey estimate","Country","Transferred",61,6.1,20.0614429905059,24,20.0614413990056,20.0614413990056,30.4403470476539,40.2523086767534,44.6754584496302,TRUE,"Target achieved; safe withdrawal identified"
"PPT_00488","Push-Pull","Kenya","Admin2","Vihiga","Luanda","Luanda",15,10000,20,36,0.47787610619469,0.0758500435919791,"Kenya / Vihiga","Transferred Uganda survey estimate","Country","Transferred",29,2.9,20.1160688521395,36,20.1160688280579,20.1160688280579,27.3197623796393,35.5870019428907,40.6372424390919,TRUE,"Target achieved; safe withdrawal identified"
"PPT_00489","Push-Pull","Kenya","Admin2","Vihiga","Luanda","Luanda",15,10000,20,48,0.47787610619469,0.0758500435919791,"Kenya / Vihiga","Transferred Uganda survey estimate","Country","Transferred",18,1.8,20.6476013004429,48,20.6476012996786,20.6476012996786,26.3795573199068,33.8106433628689,38.9719332018837,TRUE,"Target achieved; safe withdrawal identified"
"PPT_00490","Push-Pull","Kenya","Admin2","Vihiga","Luanda","Luanda",15,10000,20,60,0.47787610619469,0.0758500435919791,"Kenya / Vihiga","Transferred Uganda survey estimate","Country","Transferred",12,1.2,20.5209377531436,60,20.5209380329727,20.5209380329727,25.3372537531354,32.2523148081747,37.5221692874751,TRUE,"Target achieved; safe withdrawal identified"
"PPT_00491","Push-Pull","Kenya","Admin2","Vihiga","Luanda","Luanda",15,10000,30,12,0.47787610619469,0.0758500435919791,"Kenya / Vihiga","Transferred Uganda survey estimate","Country","Transferred",,,,,,,,,,FALSE,"Target not achieved with <= 500 ToTs"
"PPT_00492","Push-Pull","Kenya","Admin2","Vihiga","Luanda","Luanda",15,10000,30,24,0.47787610619469,0.0758500435919791,"Kenya / Vihiga","Transferred Uganda survey estimate","Country","Transferred",115,11.5,30.1412220373413,24,30.1412090676994,30.1412090676994,42.6473167550568,51.252652610472,52.3731465754881,TRUE,"Target achieved; safe withdrawal identified"
"PPT_00493","Push-Pull","Kenya","Admin2","Vihiga","Luanda","Luanda",15,10000,30,36,0.47787610619469,0.0758500435919791,"Kenya / Vihiga","Transferred Uganda survey estimate","Country","Transferred",52,5.2,30.2618367804933,36,30.2618364378131,30.2618364378131,38.9658753187764,46.3708861415235,48.7421158634031,TRUE,"Target achieved; safe withdrawal identified"
"PPT_00494","Push-Pull","Kenya","Admin2","Vihiga","Luanda","Luanda",15,10000,30,48,0.47787610619469,0.0758500435919791,"Kenya / Vihiga","Transferred Uganda survey estimate","Country","Transferred",31,3.1,30.3868614825394,48,30.3868614653294,30.3868614653294,37.1087714052296,43.7531225130644,46.6645580402079,TRUE,"Target achieved; safe withdrawal identified"
"PPT_00495","Push-Pull","Kenya","Admin2","Vihiga","Luanda","Luanda",15,10000,30,60,0.47787610619469,0.0758500435919791,"Kenya / Vihiga","Transferred Uganda survey estimate","Country","Transferred",21,2.1,30.5503696230086,60,30.5503608118372,30.5503608118372,36.1121762198215,42.2501861560753,45.4168302699826,TRUE,"Target achieved; safe withdrawal identified"
"PPT_00496","Push-Pull","Kenya","Admin2","Vihiga","Luanda","Luanda",15,10000,40,12,0.47787610619469,0.0758500435919791,"Kenya / Vihiga","Transferred Uganda survey estimate","Country","Transferred",,,,,,,,,,FALSE,"Target not achieved with <= 500 ToTs"
"PPT_00497","Push-Pull","Kenya","Admin2","Vihiga","Luanda","Luanda",15,10000,40,24,0.47787610619469,0.0758500435919791,"Kenya / Vihiga","Transferred Uganda survey estimate","Country","Transferred",216,21.6,40.0231286212276,24,40.0231202236501,40.0231202236501,52.3713726297736,58.0955231380797,56.271609160948,TRUE,"Target achieved; safe withdrawal identified"
"PPT_00498","Push-Pull","Kenya","Admin2","Vihiga","Luanda","Luanda",15,10000,40,36,0.47787610619469,0.0758500435919791,"Kenya / Vihiga","Transferred Uganda survey estimate","Country","Transferred",87,8.7,40.178113366445,36,40.1780978122513,40.1780978122513,48.93793167593,53.8949837519139,53.4150038202452,TRUE,"Target achieved; safe withdrawal identified"
"PPT_00499","Push-Pull","Kenya","Admin2","Vihiga","Luanda","Luanda",15,10000,40,48,0.47787610619469,0.0758500435919791,"Kenya / Vihiga","Transferred Uganda survey estimate","Country","Transferred",50,5,40.088528985537,48,40.0885266410042,40.0885266410042,46.7189672763263,51.1484708935501,51.4482320618062,TRUE,"Target achieved; safe withdrawal identified"
"PPT_00500","Push-Pull","Kenya","Admin2","Vihiga","Luanda","Luanda",15,10000,40,60,0.47787610619469,0.0758500435919791,"Kenya / Vihiga","Transferred Uganda survey estimate","Country","Transferred",34,3.4,40.3992641459044,60,40.3992507423441,40.3992507423441,45.6949533563843,49.6404616877703,50.2860419607883,TRUE,"Target achieved; safe withdrawal identified"
"PPT_00501","Push-Pull","Kenya","Admin2","Vihiga","Luanda","Luanda",15,10000,50,12,0.47787610619469,0.0758500435919791,"Kenya / Vihiga","Transferred Uganda survey estimate","Country","Transferred",,,,,,,,,,FALSE,"Target not achieved with <= 500 ToTs"
"PPT_00502","Push-Pull","Kenya","Admin2","Vihiga","Luanda","Luanda",15,10000,50,24,0.47787610619469,0.0758500435919791,"Kenya / Vihiga","Transferred Uganda survey estimate","Country","Transferred",,,,,,,,,,FALSE,"Target not achieved with <= 500 ToTs"
"PPT_00503","Push-Pull","Kenya","Admin2","Vihiga","Luanda","Luanda",15,10000,50,36,0.47787610619469,0.0758500435919791,"Kenya / Vihiga","Transferred Uganda survey estimate","Country","Transferred",156,15.6,50.0727475102268,36,50.0727402207195,50.0727402207195,57.3428351172503,58.9167498801896,55.9710626016984,TRUE,"Target achieved; safe withdrawal identified"
"PPT_00504","Push-Pull","Kenya","Admin2","Vihiga","Luanda","Luanda",15,10000,50,48,0.47787610619469,0.0758500435919791,"Kenya / Vihiga","Transferred Uganda survey estimate","Country","Transferred",84,8.4,50.0529865072297,48,50.0529864050934,50.0529864050934,55.4013802787099,56.6087052281153,54.3914978979524,TRUE,"Target achieved; safe withdrawal identified"
"PPT_00505","Push-Pull","Kenya","Admin2","Vihiga","Luanda","Luanda",15,10000,50,60,0.47787610619469,0.0758500435919791,"Kenya / Vihiga","Transferred Uganda survey estimate","Country","Transferred",56,5.6,50.176796402918,60,50.1767925164683,50.1767925164683,54.1901391269169,55.0424337851868,53.2592838881027,TRUE,"Target achieved; safe withdrawal identified"
"PPT_00506","Push-Pull","Kenya","Admin2","Vihiga","Luanda","Luanda",15,10000,60,12,0.47787610619469,0.0758500435919791,"Kenya / Vihiga","Transferred Uganda survey estimate","Country","Transferred",,,,,,,,,,FALSE,"Target not achieved with <= 500 ToTs"
"PPT_00507","Push-Pull","Kenya","Admin2","Vihiga","Luanda","Luanda",15,10000,60,24,0.47787610619469,0.0758500435919791,"Kenya / Vihiga","Transferred Uganda survey estimate","Country","Transferred",,,,,,,,,,FALSE,"Target not achieved with <= 500 ToTs"
"PPT_00508","Push-Pull","Kenya","Admin2","Vihiga","Luanda","Luanda",15,10000,60,36,0.47787610619469,0.0758500435919791,"Kenya / Vihiga","Transferred Uganda survey estimate","Country","Transferred",,,,,,,,,,FALSE,"Target not achieved with <= 500 ToTs"
"PPT_00509","Push-Pull","Kenya","Admin2","Vihiga","Luanda","Luanda",15,10000,60,48,0.47787610619469,0.0758500435919791,"Kenya / Vihiga","Transferred Uganda survey estimate","Country","Transferred",180,18,60.0471187609518,,,,,,,FALSE,"Target achieved; continued support required within tested horizon"
"PPT_00510","Push-Pull","Kenya","Admin2","Vihiga","Luanda","Luanda",15,10000,60,60,0.47787610619469,0.0758500435919791,"Kenya / Vihiga","Transferred Uganda survey estimate","Country","Transferred",112,11.2,60.0537993297745,,,,,,,FALSE,"Target achieved; continued support required within tested horizon"
"PPT_00511","Push-Pull","Kenya","Admin2","Vihiga","Other (specify)","Other (specify)",1,10000,10,12,0.47787610619469,0.0758500435919791,"Kenya / Vihiga","Transferred Uganda survey estimate","Country","Transferred",96,9.6,10.0490292883672,12,10.0490293082459,10.0490293082459,21.961176871944,33.4636422953328,39.508399975507,TRUE,"Target achieved; safe withdrawal identified"
"PPT_00512","Push-Pull","Kenya","Admin2","Vihiga","Other (specify)","Other (specify)",1,10000,10,24,0.47787610619469,0.0758500435919791,"Kenya / Vihiga","Transferred Uganda survey estimate","Country","Transferred",26,2.6,10.1083943620186,24,10.108396314219,10.108396314219,16.3445632152806,24.1953647762198,30.3695722684705,TRUE,"Target achieved; safe withdrawal identified"
"PPT_00513","Push-Pull","Kenya","Admin2","Vihiga","Other (specify)","Other (specify)",1,10000,10,36,0.47787610619469,0.0758500435919791,"Kenya / Vihiga","Transferred Uganda survey estimate","Country","Transferred",13,1.3,10.3339200802267,36,10.333921244062,10.333921244062,14.7459686315866,21.2498215721226,27.1571797728113,TRUE,"Target achieved; safe withdrawal identified"
"PPT_00514","Push-Pull","Kenya","Admin2","Vihiga","Other (specify)","Other (specify)",1,10000,10,48,0.47787610619469,0.0758500435919791,"Kenya / Vihiga","Transferred Uganda survey estimate","Country","Transferred",8,0.8,10.5035293544686,48,10.5035326260074,10.5035326260074,14.0511871702348,19.8916185518976,25.6167489197545,TRUE,"Target achieved; safe withdrawal identified"
"PPT_00515","Push-Pull","Kenya","Admin2","Vihiga","Other (specify)","Other (specify)",1,10000,10,60,0.47787610619469,0.0758500435919791,"Kenya / Vihiga","Transferred Uganda survey estimate","Country","Transferred",6,0.6,11.576866307688,60,11.5768704465774,11.5768704465774,14.8525535656453,20.5793054576645,26.2955324628006,TRUE,"Target achieved; safe withdrawal identified"
"PPT_00516","Push-Pull","Kenya","Admin2","Vihiga","Other (specify)","Other (specify)",1,10000,20,12,0.47787610619469,0.0758500435919791,"Kenya / Vihiga","Transferred Uganda survey estimate","Country","Transferred",265,26.5,20.0361694710848,12,20.0361694833557,20.0361694833557,38.765806487338,51.5765011169562,53.3440049248905,TRUE,"Target achieved; safe withdrawal identified"
"PPT_00517","Push-Pull","Kenya","Admin2","Vihiga","Other (specify)","Other (specify)",1,10000,20,24,0.47787610619469,0.0758500435919791,"Kenya / Vihiga","Transferred Uganda survey estimate","Country","Transferred",61,6.1,20.0614429905059,24,20.0614413990056,20.0614413990056,30.4403470476539,40.2523086767534,44.6754584496302,TRUE,"Target achieved; safe withdrawal identified"
"PPT_00518","Push-Pull","Kenya","Admin2","Vihiga","Other (specify)","Other (specify)",1,10000,20,36,0.47787610619469,0.0758500435919791,"Kenya / Vihiga","Transferred Uganda survey estimate","Country","Transferred",29,2.9,20.1160688521395,36,20.1160688280579,20.1160688280579,27.3197623796393,35.5870019428907,40.6372424390919,TRUE,"Target achieved; safe withdrawal identified"
"PPT_00519","Push-Pull","Kenya","Admin2","Vihiga","Other (specify)","Other (specify)",1,10000,20,48,0.47787610619469,0.0758500435919791,"Kenya / Vihiga","Transferred Uganda survey estimate","Country","Transferred",18,1.8,20.6476013004429,48,20.6476012996786,20.6476012996786,26.3795573199068,33.8106433628689,38.9719332018837,TRUE,"Target achieved; safe withdrawal identified"
"PPT_00520","Push-Pull","Kenya","Admin2","Vihiga","Other (specify)","Other (specify)",1,10000,20,60,0.47787610619469,0.0758500435919791,"Kenya / Vihiga","Transferred Uganda survey estimate","Country","Transferred",12,1.2,20.5209377531436,60,20.5209380329727,20.5209380329727,25.3372537531354,32.2523148081747,37.5221692874751,TRUE,"Target achieved; safe withdrawal identified"
"PPT_00521","Push-Pull","Kenya","Admin2","Vihiga","Other (specify)","Other (specify)",1,10000,30,12,0.47787610619469,0.0758500435919791,"Kenya / Vihiga","Transferred Uganda survey estimate","Country","Transferred",,,,,,,,,,FALSE,"Target not achieved with <= 500 ToTs"
"PPT_00522","Push-Pull","Kenya","Admin2","Vihiga","Other (specify)","Other (specify)",1,10000,30,24,0.47787610619469,0.0758500435919791,"Kenya / Vihiga","Transferred Uganda survey estimate","Country","Transferred",115,11.5,30.1412220373413,24,30.1412090676994,30.1412090676994,42.6473167550568,51.252652610472,52.3731465754881,TRUE,"Target achieved; safe withdrawal identified"
"PPT_00523","Push-Pull","Kenya","Admin2","Vihiga","Other (specify)","Other (specify)",1,10000,30,36,0.47787610619469,0.0758500435919791,"Kenya / Vihiga","Transferred Uganda survey estimate","Country","Transferred",52,5.2,30.2618367804933,36,30.2618364378131,30.2618364378131,38.9658753187764,46.3708861415235,48.7421158634031,TRUE,"Target achieved; safe withdrawal identified"
"PPT_00524","Push-Pull","Kenya","Admin2","Vihiga","Other (specify)","Other (specify)",1,10000,30,48,0.47787610619469,0.0758500435919791,"Kenya / Vihiga","Transferred Uganda survey estimate","Country","Transferred",31,3.1,30.3868614825394,48,30.3868614653294,30.3868614653294,37.1087714052296,43.7531225130644,46.6645580402079,TRUE,"Target achieved; safe withdrawal identified"
"PPT_00525","Push-Pull","Kenya","Admin2","Vihiga","Other (specify)","Other (specify)",1,10000,30,60,0.47787610619469,0.0758500435919791,"Kenya / Vihiga","Transferred Uganda survey estimate","Country","Transferred",21,2.1,30.5503696230086,60,30.5503608118372,30.5503608118372,36.1121762198215,42.2501861560753,45.4168302699826,TRUE,"Target achieved; safe withdrawal identified"
"PPT_00526","Push-Pull","Kenya","Admin2","Vihiga","Other (specify)","Other (specify)",1,10000,40,12,0.47787610619469,0.0758500435919791,"Kenya / Vihiga","Transferred Uganda survey estimate","Country","Transferred",,,,,,,,,,FALSE,"Target not achieved with <= 500 ToTs"
"PPT_00527","Push-Pull","Kenya","Admin2","Vihiga","Other (specify)","Other (specify)",1,10000,40,24,0.47787610619469,0.0758500435919791,"Kenya / Vihiga","Transferred Uganda survey estimate","Country","Transferred",216,21.6,40.0231286212276,24,40.0231202236501,40.0231202236501,52.3713726297736,58.0955231380797,56.271609160948,TRUE,"Target achieved; safe withdrawal identified"
"PPT_00528","Push-Pull","Kenya","Admin2","Vihiga","Other (specify)","Other (specify)",1,10000,40,36,0.47787610619469,0.0758500435919791,"Kenya / Vihiga","Transferred Uganda survey estimate","Country","Transferred",87,8.7,40.178113366445,36,40.1780978122513,40.1780978122513,48.93793167593,53.8949837519139,53.4150038202452,TRUE,"Target achieved; safe withdrawal identified"
"PPT_00529","Push-Pull","Kenya","Admin2","Vihiga","Other (specify)","Other (specify)",1,10000,40,48,0.47787610619469,0.0758500435919791,"Kenya / Vihiga","Transferred Uganda survey estimate","Country","Transferred",50,5,40.088528985537,48,40.0885266410042,40.0885266410042,46.7189672763263,51.1484708935501,51.4482320618062,TRUE,"Target achieved; safe withdrawal identified"
"PPT_00530","Push-Pull","Kenya","Admin2","Vihiga","Other (specify)","Other (specify)",1,10000,40,60,0.47787610619469,0.0758500435919791,"Kenya / Vihiga","Transferred Uganda survey estimate","Country","Transferred",34,3.4,40.3992641459044,60,40.3992507423441,40.3992507423441,45.6949533563843,49.6404616877703,50.2860419607883,TRUE,"Target achieved; safe withdrawal identified"
"PPT_00531","Push-Pull","Kenya","Admin2","Vihiga","Other (specify)","Other (specify)",1,10000,50,12,0.47787610619469,0.0758500435919791,"Kenya / Vihiga","Transferred Uganda survey estimate","Country","Transferred",,,,,,,,,,FALSE,"Target not achieved with <= 500 ToTs"
"PPT_00532","Push-Pull","Kenya","Admin2","Vihiga","Other (specify)","Other (specify)",1,10000,50,24,0.47787610619469,0.0758500435919791,"Kenya / Vihiga","Transferred Uganda survey estimate","Country","Transferred",,,,,,,,,,FALSE,"Target not achieved with <= 500 ToTs"
"PPT_00533","Push-Pull","Kenya","Admin2","Vihiga","Other (specify)","Other (specify)",1,10000,50,36,0.47787610619469,0.0758500435919791,"Kenya / Vihiga","Transferred Uganda survey estimate","Country","Transferred",156,15.6,50.0727475102268,36,50.0727402207195,50.0727402207195,57.3428351172503,58.9167498801896,55.9710626016984,TRUE,"Target achieved; safe withdrawal identified"
"PPT_00534","Push-Pull","Kenya","Admin2","Vihiga","Other (specify)","Other (specify)",1,10000,50,48,0.47787610619469,0.0758500435919791,"Kenya / Vihiga","Transferred Uganda survey estimate","Country","Transferred",84,8.4,50.0529865072297,48,50.0529864050934,50.0529864050934,55.4013802787099,56.6087052281153,54.3914978979524,TRUE,"Target achieved; safe withdrawal identified"
"PPT_00535","Push-Pull","Kenya","Admin2","Vihiga","Other (specify)","Other (specify)",1,10000,50,60,0.47787610619469,0.0758500435919791,"Kenya / Vihiga","Transferred Uganda survey estimate","Country","Transferred",56,5.6,50.176796402918,60,50.1767925164683,50.1767925164683,54.1901391269169,55.0424337851868,53.2592838881027,TRUE,"Target achieved; safe withdrawal identified"
"PPT_00536","Push-Pull","Kenya","Admin2","Vihiga","Other (specify)","Other (specify)",1,10000,60,12,0.47787610619469,0.0758500435919791,"Kenya / Vihiga","Transferred Uganda survey estimate","Country","Transferred",,,,,,,,,,FALSE,"Target not achieved with <= 500 ToTs"
"PPT_00537","Push-Pull","Kenya","Admin2","Vihiga","Other (specify)","Other (specify)",1,10000,60,24,0.47787610619469,0.0758500435919791,"Kenya / Vihiga","Transferred Uganda survey estimate","Country","Transferred",,,,,,,,,,FALSE,"Target not achieved with <= 500 ToTs"
"PPT_00538","Push-Pull","Kenya","Admin2","Vihiga","Other (specify)","Other (specify)",1,10000,60,36,0.47787610619469,0.0758500435919791,"Kenya / Vihiga","Transferred Uganda survey estimate","Country","Transferred",,,,,,,,,,FALSE,"Target not achieved with <= 500 ToTs"
"PPT_00539","Push-Pull","Kenya","Admin2","Vihiga","Other (specify)","Other (specify)",1,10000,60,48,0.47787610619469,0.0758500435919791,"Kenya / Vihiga","Transferred Uganda survey estimate","Country","Transferred",180,18,60.0471187609518,,,,,,,FALSE,"Target achieved; continued support required within tested horizon"
"PPT_00540","Push-Pull","Kenya","Admin2","Vihiga","Other (specify)","Other (specify)",1,10000,60,60,0.47787610619469,0.0758500435919791,"Kenya / Vihiga","Transferred Uganda survey estimate","Country","Transferred",112,11.2,60.0537993297745,,,,,,,FALSE,"Target achieved; continued support required within tested horizon"
"PPT_00541","Push-Pull","Kenya","Admin2","Vihiga","Vihiga","Vihiga",7,10000,10,12,0.47787610619469,0.0758500435919791,"Kenya / Vihiga","Transferred Uganda survey estimate","Country","Transferred",96,9.6,10.0490292883672,12,10.0490293082459,10.0490293082459,21.961176871944,33.4636422953328,39.508399975507,TRUE,"Target achieved; safe withdrawal identified"
"PPT_00542","Push-Pull","Kenya","Admin2","Vihiga","Vihiga","Vihiga",7,10000,10,24,0.47787610619469,0.0758500435919791,"Kenya / Vihiga","Transferred Uganda survey estimate","Country","Transferred",26,2.6,10.1083943620186,24,10.108396314219,10.108396314219,16.3445632152806,24.1953647762198,30.3695722684705,TRUE,"Target achieved; safe withdrawal identified"
"PPT_00543","Push-Pull","Kenya","Admin2","Vihiga","Vihiga","Vihiga",7,10000,10,36,0.47787610619469,0.0758500435919791,"Kenya / Vihiga","Transferred Uganda survey estimate","Country","Transferred",13,1.3,10.3339200802267,36,10.333921244062,10.333921244062,14.7459686315866,21.2498215721226,27.1571797728113,TRUE,"Target achieved; safe withdrawal identified"
"PPT_00544","Push-Pull","Kenya","Admin2","Vihiga","Vihiga","Vihiga",7,10000,10,48,0.47787610619469,0.0758500435919791,"Kenya / Vihiga","Transferred Uganda survey estimate","Country","Transferred",8,0.8,10.5035293544686,48,10.5035326260074,10.5035326260074,14.0511871702348,19.8916185518976,25.6167489197545,TRUE,"Target achieved; safe withdrawal identified"
"PPT_00545","Push-Pull","Kenya","Admin2","Vihiga","Vihiga","Vihiga",7,10000,10,60,0.47787610619469,0.0758500435919791,"Kenya / Vihiga","Transferred Uganda survey estimate","Country","Transferred",6,0.6,11.576866307688,60,11.5768704465774,11.5768704465774,14.8525535656453,20.5793054576645,26.2955324628006,TRUE,"Target achieved; safe withdrawal identified"
"PPT_00546","Push-Pull","Kenya","Admin2","Vihiga","Vihiga","Vihiga",7,10000,20,12,0.47787610619469,0.0758500435919791,"Kenya / Vihiga","Transferred Uganda survey estimate","Country","Transferred",265,26.5,20.0361694710848,12,20.0361694833557,20.0361694833557,38.765806487338,51.5765011169562,53.3440049248905,TRUE,"Target achieved; safe withdrawal identified"
"PPT_00547","Push-Pull","Kenya","Admin2","Vihiga","Vihiga","Vihiga",7,10000,20,24,0.47787610619469,0.0758500435919791,"Kenya / Vihiga","Transferred Uganda survey estimate","Country","Transferred",61,6.1,20.0614429905059,24,20.0614413990056,20.0614413990056,30.4403470476539,40.2523086767534,44.6754584496302,TRUE,"Target achieved; safe withdrawal identified"
"PPT_00548","Push-Pull","Kenya","Admin2","Vihiga","Vihiga","Vihiga",7,10000,20,36,0.47787610619469,0.0758500435919791,"Kenya / Vihiga","Transferred Uganda survey estimate","Country","Transferred",29,2.9,20.1160688521395,36,20.1160688280579,20.1160688280579,27.3197623796393,35.5870019428907,40.6372424390919,TRUE,"Target achieved; safe withdrawal identified"
"PPT_00549","Push-Pull","Kenya","Admin2","Vihiga","Vihiga","Vihiga",7,10000,20,48,0.47787610619469,0.0758500435919791,"Kenya / Vihiga","Transferred Uganda survey estimate","Country","Transferred",18,1.8,20.6476013004429,48,20.6476012996786,20.6476012996786,26.3795573199068,33.8106433628689,38.9719332018837,TRUE,"Target achieved; safe withdrawal identified"
"PPT_00550","Push-Pull","Kenya","Admin2","Vihiga","Vihiga","Vihiga",7,10000,20,60,0.47787610619469,0.0758500435919791,"Kenya / Vihiga","Transferred Uganda survey estimate","Country","Transferred",12,1.2,20.5209377531436,60,20.5209380329727,20.5209380329727,25.3372537531354,32.2523148081747,37.5221692874751,TRUE,"Target achieved; safe withdrawal identified"
"PPT_00551","Push-Pull","Kenya","Admin2","Vihiga","Vihiga","Vihiga",7,10000,30,12,0.47787610619469,0.0758500435919791,"Kenya / Vihiga","Transferred Uganda survey estimate","Country","Transferred",,,,,,,,,,FALSE,"Target not achieved with <= 500 ToTs"
"PPT_00552","Push-Pull","Kenya","Admin2","Vihiga","Vihiga","Vihiga",7,10000,30,24,0.47787610619469,0.0758500435919791,"Kenya / Vihiga","Transferred Uganda survey estimate","Country","Transferred",115,11.5,30.1412220373413,24,30.1412090676994,30.1412090676994,42.6473167550568,51.252652610472,52.3731465754881,TRUE,"Target achieved; safe withdrawal identified"
"PPT_00553","Push-Pull","Kenya","Admin2","Vihiga","Vihiga","Vihiga",7,10000,30,36,0.47787610619469,0.0758500435919791,"Kenya / Vihiga","Transferred Uganda survey estimate","Country","Transferred",52,5.2,30.2618367804933,36,30.2618364378131,30.2618364378131,38.9658753187764,46.3708861415235,48.7421158634031,TRUE,"Target achieved; safe withdrawal identified"
"PPT_00554","Push-Pull","Kenya","Admin2","Vihiga","Vihiga","Vihiga",7,10000,30,48,0.47787610619469,0.0758500435919791,"Kenya / Vihiga","Transferred Uganda survey estimate","Country","Transferred",31,3.1,30.3868614825394,48,30.3868614653294,30.3868614653294,37.1087714052296,43.7531225130644,46.6645580402079,TRUE,"Target achieved; safe withdrawal identified"
"PPT_00555","Push-Pull","Kenya","Admin2","Vihiga","Vihiga","Vihiga",7,10000,30,60,0.47787610619469,0.0758500435919791,"Kenya / Vihiga","Transferred Uganda survey estimate","Country","Transferred",21,2.1,30.5503696230086,60,30.5503608118372,30.5503608118372,36.1121762198215,42.2501861560753,45.4168302699826,TRUE,"Target achieved; safe withdrawal identified"
"PPT_00556","Push-Pull","Kenya","Admin2","Vihiga","Vihiga","Vihiga",7,10000,40,12,0.47787610619469,0.0758500435919791,"Kenya / Vihiga","Transferred Uganda survey estimate","Country","Transferred",,,,,,,,,,FALSE,"Target not achieved with <= 500 ToTs"
"PPT_00557","Push-Pull","Kenya","Admin2","Vihiga","Vihiga","Vihiga",7,10000,40,24,0.47787610619469,0.0758500435919791,"Kenya / Vihiga","Transferred Uganda survey estimate","Country","Transferred",216,21.6,40.0231286212276,24,40.0231202236501,40.0231202236501,52.3713726297736,58.0955231380797,56.271609160948,TRUE,"Target achieved; safe withdrawal identified"
"PPT_00558","Push-Pull","Kenya","Admin2","Vihiga","Vihiga","Vihiga",7,10000,40,36,0.47787610619469,0.0758500435919791,"Kenya / Vihiga","Transferred Uganda survey estimate","Country","Transferred",87,8.7,40.178113366445,36,40.1780978122513,40.1780978122513,48.93793167593,53.8949837519139,53.4150038202452,TRUE,"Target achieved; safe withdrawal identified"
"PPT_00559","Push-Pull","Kenya","Admin2","Vihiga","Vihiga","Vihiga",7,10000,40,48,0.47787610619469,0.0758500435919791,"Kenya / Vihiga","Transferred Uganda survey estimate","Country","Transferred",50,5,40.088528985537,48,40.0885266410042,40.0885266410042,46.7189672763263,51.1484708935501,51.4482320618062,TRUE,"Target achieved; safe withdrawal identified"
"PPT_00560","Push-Pull","Kenya","Admin2","Vihiga","Vihiga","Vihiga",7,10000,40,60,0.47787610619469,0.0758500435919791,"Kenya / Vihiga","Transferred Uganda survey estimate","Country","Transferred",34,3.4,40.3992641459044,60,40.3992507423441,40.3992507423441,45.6949533563843,49.6404616877703,50.2860419607883,TRUE,"Target achieved; safe withdrawal identified"
"PPT_00561","Push-Pull","Kenya","Admin2","Vihiga","Vihiga","Vihiga",7,10000,50,12,0.47787610619469,0.0758500435919791,"Kenya / Vihiga","Transferred Uganda survey estimate","Country","Transferred",,,,,,,,,,FALSE,"Target not achieved with <= 500 ToTs"
"PPT_00562","Push-Pull","Kenya","Admin2","Vihiga","Vihiga","Vihiga",7,10000,50,24,0.47787610619469,0.0758500435919791,"Kenya / Vihiga","Transferred Uganda survey estimate","Country","Transferred",,,,,,,,,,FALSE,"Target not achieved with <= 500 ToTs"
"PPT_00563","Push-Pull","Kenya","Admin2","Vihiga","Vihiga","Vihiga",7,10000,50,36,0.47787610619469,0.0758500435919791,"Kenya / Vihiga","Transferred Uganda survey estimate","Country","Transferred",156,15.6,50.0727475102268,36,50.0727402207195,50.0727402207195,57.3428351172503,58.9167498801896,55.9710626016984,TRUE,"Target achieved; safe withdrawal identified"
"PPT_00564","Push-Pull","Kenya","Admin2","Vihiga","Vihiga","Vihiga",7,10000,50,48,0.47787610619469,0.0758500435919791,"Kenya / Vihiga","Transferred Uganda survey estimate","Country","Transferred",84,8.4,50.0529865072297,48,50.0529864050934,50.0529864050934,55.4013802787099,56.6087052281153,54.3914978979524,TRUE,"Target achieved; safe withdrawal identified"
"PPT_00565","Push-Pull","Kenya","Admin2","Vihiga","Vihiga","Vihiga",7,10000,50,60,0.47787610619469,0.0758500435919791,"Kenya / Vihiga","Transferred Uganda survey estimate","Country","Transferred",56,5.6,50.176796402918,60,50.1767925164683,50.1767925164683,54.1901391269169,55.0424337851868,53.2592838881027,TRUE,"Target achieved; safe withdrawal identified"
"PPT_00566","Push-Pull","Kenya","Admin2","Vihiga","Vihiga","Vihiga",7,10000,60,12,0.47787610619469,0.0758500435919791,"Kenya / Vihiga","Transferred Uganda survey estimate","Country","Transferred",,,,,,,,,,FALSE,"Target not achieved with <= 500 ToTs"
"PPT_00567","Push-Pull","Kenya","Admin2","Vihiga","Vihiga","Vihiga",7,10000,60,24,0.47787610619469,0.0758500435919791,"Kenya / Vihiga","Transferred Uganda survey estimate","Country","Transferred",,,,,,,,,,FALSE,"Target not achieved with <= 500 ToTs"
"PPT_00568","Push-Pull","Kenya","Admin2","Vihiga","Vihiga","Vihiga",7,10000,60,36,0.47787610619469,0.0758500435919791,"Kenya / Vihiga","Transferred Uganda survey estimate","Country","Transferred",,,,,,,,,,FALSE,"Target not achieved with <= 500 ToTs"
"PPT_00569","Push-Pull","Kenya","Admin2","Vihiga","Vihiga","Vihiga",7,10000,60,48,0.47787610619469,0.0758500435919791,"Kenya / Vihiga","Transferred Uganda survey estimate","Country","Transferred",180,18,60.0471187609518,,,,,,,FALSE,"Target achieved; continued support required within tested horizon"
"PPT_00570","Push-Pull","Kenya","Admin2","Vihiga","Vihiga","Vihiga",7,10000,60,60,0.47787610619469,0.0758500435919791,"Kenya / Vihiga","Transferred Uganda survey estimate","Country","Transferred",112,11.2,60.0537993297745,,,,,,,FALSE,"Target achieved; continued support required within tested horizon"
"PPT_00571","Push-Pull","Uganda","Admin1","Iganga",,"Iganga",39,10000,10,12,0.603174603174603,0.168224299065421,"Uganda / Iganga","Uganda / Iganga","Pooled","Pooled",79,7.9,10.1025324547355,12,10.1025325396054,10.1025325396054,20.658237324052,27.679782603406,29.577677848483,TRUE,"Target achieved; safe withdrawal identified"
"PPT_00572","Push-Pull","Uganda","Admin1","Iganga",,"Iganga",39,10000,10,24,0.603174603174603,0.168224299065421,"Uganda / Iganga","Uganda / Iganga","Pooled","Pooled",23,2.3,10.1323612016184,24,10.1323612020742,10.1323612020742,15.411050389822,20.2551834049931,23.0482988775662,TRUE,"Target achieved; safe withdrawal identified"
"PPT_00573","Push-Pull","Uganda","Admin1","Iganga",,"Iganga",39,10000,10,36,0.603174603174603,0.168224299065421,"Uganda / Iganga","Uganda / Iganga","Pooled","Pooled",12,1.2,10.264148953004,36,10.2641500489261,10.2641500489261,13.8602138057733,17.845285114717,20.6942267446182,TRUE,"Target achieved; safe withdrawal identified"
"PPT_00574","Push-Pull","Uganda","Admin1","Iganga",,"Iganga",39,10000,10,48,0.603174603174603,0.168224299065421,"Uganda / Iganga","Uganda / Iganga","Pooled","Pooled",8,0.8,10.7549504217354,48,10.7549516871922,10.7549516871922,13.6391275977905,17.2366009822819,20.0438363357876,TRUE,"Target achieved; safe withdrawal identified"
"PPT_00575","Push-Pull","Uganda","Admin1","Iganga",,"Iganga",39,10000,10,60,0.603174603174603,0.168224299065421,"Uganda / Iganga","Uganda / Iganga","Pooled","Pooled",6,0.6,11.4129026814427,60,11.4129033411765,11.4129033411765,13.9265533366762,17.3165953744369,20.0695610261505,TRUE,"Target achieved; safe withdrawal identified"
"PPT_00576","Push-Pull","Uganda","Admin1","Iganga",,"Iganga",39,10000,20,12,0.603174603174603,0.168224299065421,"Uganda / Iganga","Uganda / Iganga","Pooled","Pooled",202,20.2,20.035063662403,12,20.0350632609841,20.0350632609841,36.7970270313259,42.656910297372,39.4404307663867,TRUE,"Target achieved; safe withdrawal identified"
"PPT_00577","Push-Pull","Uganda","Admin1","Iganga",,"Iganga",39,10000,20,24,0.603174603174603,0.168224299065421,"Uganda / Iganga","Uganda / Iganga","Pooled","Pooled",53,5.3,20.0226273477677,24,20.0226269775022,20.0226269775022,28.5598615618138,33.2286928098758,33.2141565000862,TRUE,"Target achieved; safe withdrawal identified"
"PPT_00578","Push-Pull","Uganda","Admin1","Iganga",,"Iganga",39,10000,20,36,0.603174603174603,0.168224299065421,"Uganda / Iganga","Uganda / Iganga","Pooled","Pooled",27,2.7,20.0920085695133,36,20.092007565832,20.092007565832,25.7008109902534,29.5633894793705,30.4052349888888,TRUE,"Target achieved; safe withdrawal identified"
"PPT_00579","Push-Pull","Uganda","Admin1","Iganga",,"Iganga",39,10000,20,48,0.603174603174603,0.168224299065421,"Uganda / Iganga","Uganda / Iganga","Pooled","Pooled",18,1.8,20.8606775412906,48,20.8606727036263,20.8606727036263,25.107151981576,28.3822743802638,29.3749610548957,TRUE,"Target achieved; safe withdrawal identified"
"PPT_00580","Push-Pull","Uganda","Admin1","Iganga",,"Iganga",39,10000,20,60,0.603174603174603,0.168224299065421,"Uganda / Iganga","Uganda / Iganga","Pooled","Pooled",13,1.3,21.1767576000493,60,21.1767574539319,21.1767574539319,24.5990924958645,27.5191494134439,28.6165785293487,TRUE,"Target achieved; safe withdrawal identified"
"PPT_00581","Push-Pull","Uganda","Admin1","Iganga",,"Iganga",39,10000,30,12,0.603174603174603,0.168224299065421,"Uganda / Iganga","Uganda / Iganga","Pooled","Pooled",469,46.9,30.0073042706574,12,30.0073028624068,30.0073028624068,48.2250396331885,50.1376208949352,42.8618625395519,TRUE,"Target achieved; safe withdrawal identified"
"PPT_00582","Push-Pull","Uganda","Admin1","Iganga",,"Iganga",39,10000,30,24,0.603174603174603,0.168224299065421,"Uganda / Iganga","Uganda / Iganga","Pooled","Pooled",98,9.8,30.1442376994608,24,30.1442152749554,30.1442152749554,40.060498215286,41.9434677939884,38.2928047247153,TRUE,"Target achieved; safe withdrawal identified"
"PPT_00583","Push-Pull","Uganda","Admin1","Iganga",,"Iganga",39,10000,30,36,0.603174603174603,0.168224299065421,"Uganda / Iganga","Uganda / Iganga","Pooled","Pooled",49,4.9,30.365881548964,36,30.3658431043371,30.3658431043371,36.6036756056144,37.9972875658493,35.714858628102,TRUE,"Target achieved; safe withdrawal identified"
"PPT_00584","Push-Pull","Uganda","Admin1","Iganga",,"Iganga",39,10000,30,48,0.603174603174603,0.168224299065421,"Uganda / Iganga","Uganda / Iganga","Pooled","Pooled",31,3.1,30.2544087286004,48,30.2544002823467,30.2544002823467,34.6179270812225,35.6919124599988,34.0949905992604,TRUE,"Target achieved; safe withdrawal identified"
"PPT_00585","Push-Pull","Uganda","Admin1","Iganga",,"Iganga",39,10000,30,60,0.603174603174603,0.168224299065421,"Uganda / Iganga","Uganda / Iganga","Pooled","Pooled",22,2.2,30.0588949512662,60,30.0588785353614,30.0588785353614,33.3304436976742,34.1897110285104,32.989766440454,TRUE,"Target achieved; safe withdrawal identified"
"PPT_00586","Push-Pull","Uganda","Admin1","Iganga",,"Iganga",39,10000,40,12,0.603174603174603,0.168224299065421,"Uganda / Iganga","Uganda / Iganga","Pooled","Pooled",,,,,,,,,,FALSE,"Target not achieved with <= 500 ToTs"
"PPT_00587","Push-Pull","Uganda","Admin1","Iganga",,"Iganga",39,10000,40,24,0.603174603174603,0.168224299065421,"Uganda / Iganga","Uganda / Iganga","Pooled","Pooled",175,17.5,40.003005289936,24,40.0030052415048,40.0030052415048,49.1741319983805,47.1300522573497,40.5124535121197,TRUE,"Target achieved; safe withdrawal identified"
"PPT_00588","Push-Pull","Uganda","Admin1","Iganga",,"Iganga",39,10000,40,36,0.603174603174603,0.168224299065421,"Uganda / Iganga","Uganda / Iganga","Pooled","Pooled",82,8.2,40.0791942525909,,,,,,,FALSE,"Target achieved; continued support required within tested horizon"
"PPT_00589","Push-Pull","Uganda","Admin1","Iganga",,"Iganga",39,10000,40,48,0.603174603174603,0.168224299065421,"Uganda / Iganga","Uganda / Iganga","Pooled","Pooled",53,5.3,40.3005351897701,,,,,,,FALSE,"Target achieved; continued support required within tested horizon"
"PPT_00590","Push-Pull","Uganda","Admin1","Iganga",,"Iganga",39,10000,40,60,0.603174603174603,0.168224299065421,"Uganda / Iganga","Uganda / Iganga","Pooled","Pooled",39,3.9,40.2927572608423,,,,,,,FALSE,"Target achieved; continued support required within tested horizon"
"PPT_00591","Push-Pull","Uganda","Admin1","Iganga",,"Iganga",39,10000,50,12,0.603174603174603,0.168224299065421,"Uganda / Iganga","Uganda / Iganga","Pooled","Pooled",,,,,,,,,,FALSE,"Target not achieved with <= 500 ToTs"
"PPT_00592","Push-Pull","Uganda","Admin1","Iganga",,"Iganga",39,10000,50,24,0.603174603174603,0.168224299065421,"Uganda / Iganga","Uganda / Iganga","Pooled","Pooled",415,41.5,50.0014546868236,,,,,,,FALSE,"Target achieved; continued support required within tested horizon"
"PPT_00593","Push-Pull","Uganda","Admin1","Iganga",,"Iganga",39,10000,50,36,0.603174603174603,0.168224299065421,"Uganda / Iganga","Uganda / Iganga","Pooled","Pooled",154,15.4,50.064126268564,,,,,,,FALSE,"Target achieved; continued support required within tested horizon"
"PPT_00594","Push-Pull","Uganda","Admin1","Iganga",,"Iganga",39,10000,50,48,0.603174603174603,0.168224299065421,"Uganda / Iganga","Uganda / Iganga","Pooled","Pooled",99,9.9,50.1182389762043,,,,,,,FALSE,"Target achieved; continued support required within tested horizon"
"PPT_00595","Push-Pull","Uganda","Admin1","Iganga",,"Iganga",39,10000,50,60,0.603174603174603,0.168224299065421,"Uganda / Iganga","Uganda / Iganga","Pooled","Pooled",78,7.8,50.0592281864594,,,,,,,FALSE,"Target achieved; continued support required within tested horizon"
"PPT_00596","Push-Pull","Uganda","Admin1","Iganga",,"Iganga",39,10000,60,12,0.603174603174603,0.168224299065421,"Uganda / Iganga","Uganda / Iganga","Pooled","Pooled",,,,,,,,,,FALSE,"Target not achieved with <= 500 ToTs"
"PPT_00597","Push-Pull","Uganda","Admin1","Iganga",,"Iganga",39,10000,60,24,0.603174603174603,0.168224299065421,"Uganda / Iganga","Uganda / Iganga","Pooled","Pooled",,,,,,,,,,FALSE,"Target not achieved with <= 500 ToTs"
"PPT_00598","Push-Pull","Uganda","Admin1","Iganga",,"Iganga",39,10000,60,36,0.603174603174603,0.168224299065421,"Uganda / Iganga","Uganda / Iganga","Pooled","Pooled",,,,,,,,,,FALSE,"Target not achieved with <= 500 ToTs"
"PPT_00599","Push-Pull","Uganda","Admin1","Iganga",,"Iganga",39,10000,60,48,0.603174603174603,0.168224299065421,"Uganda / Iganga","Uganda / Iganga","Pooled","Pooled",,,,,,,,,,FALSE,"Target not achieved with <= 500 ToTs"
"PPT_00600","Push-Pull","Uganda","Admin1","Iganga",,"Iganga",39,10000,60,60,0.603174603174603,0.168224299065421,"Uganda / Iganga","Uganda / Iganga","Pooled","Pooled",,,,,,,,,,FALSE,"Target not achieved with <= 500 ToTs"
"PPT_00601","Push-Pull","Uganda","Admin1","Kamuli",,"Kamuli",123,10000,10,12,0.756923076923077,0.0411214953271028,"Uganda / Kamuli","Uganda / Kamuli","Pooled","Pooled",60,6,10.0832406368009,12,10.083240654625,10.083240654625,21.7378407447276,34.6651034706784,44.8532819653819,TRUE,"Target achieved; safe withdrawal identified"
"PPT_00602","Push-Pull","Uganda","Admin1","Kamuli",,"Kamuli",123,10000,10,24,0.756923076923077,0.0411214953271028,"Uganda / Kamuli","Uganda / Kamuli","Pooled","Pooled",18,1.8,10.5247679083675,24,10.5247679391059,10.5247679391059,17.0315031217056,26.9059015172748,36.922235343996,TRUE,"Target achieved; safe withdrawal identified"
"PPT_00603","Push-Pull","Uganda","Admin1","Kamuli",,"Kamuli",123,10000,10,36,0.756923076923077,0.0411214953271028,"Uganda / Kamuli","Uganda / Kamuli","Pooled","Pooled",9,0.9,10.6756489953463,36,10.6756542408917,10.6756542408917,15.5056272650896,24.2363090411573,33.9419887367666,TRUE,"Target achieved; safe withdrawal identified"
"PPT_00604","Push-Pull","Uganda","Admin1","Kamuli",,"Kamuli",123,10000,10,48,0.756923076923077,0.0411214953271028,"Uganda / Kamuli","Uganda / Kamuli","Pooled","Pooled",5,0.5,10.0118013747774,48,10.0118062047141,10.0118062047141,13.8410604151685,21.6702084295125,30.9801280190223,TRUE,"Target achieved; safe withdrawal identified"
"PPT_00605","Push-Pull","Uganda","Admin1","Kamuli",,"Kamuli",123,10000,10,60,0.756923076923077,0.0411214953271028,"Uganda / Kamuli","Uganda / Kamuli","Pooled","Pooled",4,0.4,12.0052381492707,60,12.0052431220686,12.0052431220686,15.9785063017188,24.3619077426118,34.0220025455349,TRUE,"Target achieved; safe withdrawal identified"
"PPT_00606","Push-Pull","Uganda","Admin1","Kamuli",,"Kamuli",123,10000,20,12,0.756923076923077,0.0411214953271028,"Uganda / Kamuli","Uganda / Kamuli","Pooled","Pooled",143,14.3,20.0426014963705,12,20.042601869245,20.042601869245,39.5887197137965,54.6192784381149,60.7813426151922,TRUE,"Target achieved; safe withdrawal identified"
"PPT_00607","Push-Pull","Uganda","Admin1","Kamuli",,"Kamuli",123,10000,20,24,0.756923076923077,0.0411214953271028,"Uganda / Kamuli","Uganda / Kamuli","Pooled","Pooled",39,3.9,20.3419895804611,24,20.3419895736854,20.3419895736854,31.1728482513334,43.7664631105187,52.5548432222968,TRUE,"Target achieved; safe withdrawal identified"
"PPT_00608","Push-Pull","Uganda","Admin1","Kamuli",,"Kamuli",123,10000,20,36,0.756923076923077,0.0411214953271028,"Uganda / Kamuli","Uganda / Kamuli","Pooled","Pooled",19,1.9,20.3561731426247,36,20.3561770048972,20.3561770048972,28.2417488624603,39.6474046525063,49.0265890756471,TRUE,"Target achieved; safe withdrawal identified"
"PPT_00609","Push-Pull","Uganda","Admin1","Kamuli",,"Kamuli",123,10000,20,48,0.756923076923077,0.0411214953271028,"Uganda / Kamuli","Uganda / Kamuli","Pooled","Pooled",12,1.2,21.3253382478384,48,21.3253403334276,21.3253403334276,28.0471233406953,38.9232489255902,48.3319095308211,TRUE,"Target achieved; safe withdrawal identified"
"PPT_00610","Push-Pull","Uganda","Admin1","Kamuli",,"Kamuli",123,10000,20,60,0.756923076923077,0.0411214953271028,"Uganda / Kamuli","Uganda / Kamuli","Pooled","Pooled",8,0.8,21.5900917685745,60,21.5901008280356,21.5901008280356,27.5882732652594,38.1266606328267,47.5934445462283,TRUE,"Target achieved; safe withdrawal identified"
"PPT_00611","Push-Pull","Uganda","Admin1","Kamuli",,"Kamuli",123,10000,30,12,0.756923076923077,0.0411214953271028,"Uganda / Kamuli","Uganda / Kamuli","Pooled","Pooled",276,27.6,30.0108604288049,12,30.0108562146106,30.0108562146106,53.7704505098843,66.5248144472482,67.9285118375667,TRUE,"Target achieved; safe withdrawal identified"
"PPT_00612","Push-Pull","Uganda","Admin1","Kamuli",,"Kamuli",123,10000,30,24,0.756923076923077,0.0411214953271028,"Uganda / Kamuli","Uganda / Kamuli","Pooled","Pooled",66,6.6,30.0728886190195,24,30.0728845905628,30.0728845905628,43.6051953912157,55.5445486022452,61.0436851122328,TRUE,"Target achieved; safe withdrawal identified"
"PPT_00613","Push-Pull","Uganda","Admin1","Kamuli",,"Kamuli",123,10000,30,36,0.756923076923077,0.0411214953271028,"Uganda / Kamuli","Uganda / Kamuli","Pooled","Pooled",32,3.2,30.3548373390309,36,30.3548325681312,30.3548325681312,40.1560299711786,51.2894679316119,57.998325031715,TRUE,"Target achieved; safe withdrawal identified"
"PPT_00614","Push-Pull","Uganda","Admin1","Kamuli",,"Kamuli",123,10000,30,48,0.756923076923077,0.0411214953271028,"Uganda / Kamuli","Uganda / Kamuli","Pooled","Pooled",19,1.9,30.2873301228368,48,30.2873266278049,30.2873266278049,38.2928911310871,48.9677211979435,56.2452405352256,TRUE,"Target achieved; safe withdrawal identified"
"PPT_00615","Push-Pull","Uganda","Admin1","Kamuli",,"Kamuli",123,10000,30,60,0.756923076923077,0.0411214953271028,"Uganda / Kamuli","Uganda / Kamuli","Pooled","Pooled",13,1.3,31.1026930025055,60,31.1026918060096,31.1026918060096,38.1756630060086,48.4648222323071,55.8061810644507,TRUE,"Target achieved; safe withdrawal identified"
"PPT_00616","Push-Pull","Uganda","Admin1","Kamuli",,"Kamuli",123,10000,40,12,0.756923076923077,0.0411214953271028,"Uganda / Kamuli","Uganda / Kamuli","Pooled","Pooled",,,,,,,,,,FALSE,"Target not achieved with <= 500 ToTs"
"PPT_00617","Push-Pull","Uganda","Admin1","Kamuli",,"Kamuli",123,10000,40,24,0.756923076923077,0.0411214953271028,"Uganda / Kamuli","Uganda / Kamuli","Pooled","Pooled",105,10.5,40.1225881655051,24,40.1225819877702,40.1225819877702,54.8085338033867,64.1566256058556,66.1614940114103,TRUE,"Target achieved; safe withdrawal identified"
"PPT_00618","Push-Pull","Uganda","Admin1","Kamuli",,"Kamuli",123,10000,40,36,0.756923076923077,0.0411214953271028,"Uganda / Kamuli","Uganda / Kamuli","Pooled","Pooled",49,4.9,40.2225324332113,36,40.222520693684,40.222520693684,50.7277709951441,59.7868106326845,63.4214960911034,TRUE,"Target achieved; safe withdrawal identified"
"PPT_00619","Push-Pull","Uganda","Admin1","Kamuli",,"Kamuli",123,10000,40,48,0.756923076923077,0.0411214953271028,"Uganda / Kamuli","Uganda / Kamuli","Pooled","Pooled",29,2.9,40.1507405684922,48,40.1507303876737,40.1507303876737,48.5925395913446,57.416409907593,61.8410607934128,TRUE,"Target achieved; safe withdrawal identified"
"PPT_00620","Push-Pull","Uganda","Admin1","Kamuli",,"Kamuli",123,10000,40,60,0.756923076923077,0.0411214953271028,"Uganda / Kamuli","Uganda / Kamuli","Pooled","Pooled",20,2,41.1494873158725,60,41.1494601434421,41.1494601434421,48.3996825505339,56.7890656471389,61.3452028728412,TRUE,"Target achieved; safe withdrawal identified"
"PPT_00621","Push-Pull","Uganda","Admin1","Kamuli",,"Kamuli",123,10000,50,12,0.756923076923077,0.0411214953271028,"Uganda / Kamuli","Uganda / Kamuli","Pooled","Pooled",,,,,,,,,,FALSE,"Target not achieved with <= 500 ToTs"
"PPT_00622","Push-Pull","Uganda","Admin1","Kamuli",,"Kamuli",123,10000,50,24,0.756923076923077,0.0411214953271028,"Uganda / Kamuli","Uganda / Kamuli","Pooled","Pooled",167,16.7,50.1101246028563,24,50.1101245437096,50.1101245437096,64.2180309991839,70.0256994041581,69.1147413687432,TRUE,"Target achieved; safe withdrawal identified"
"PPT_00623","Push-Pull","Uganda","Admin1","Kamuli",,"Kamuli",123,10000,50,36,0.756923076923077,0.0411214953271028,"Uganda / Kamuli","Uganda / Kamuli","Pooled","Pooled",74,7.4,50.3162233535274,36,50.3161914144795,50.3161914144795,60.328283947858,66.1914999507039,66.903418418794,TRUE,"Target achieved; safe withdrawal identified"
"PPT_00624","Push-Pull","Uganda","Admin1","Kamuli",,"Kamuli",123,10000,50,48,0.756923076923077,0.0411214953271028,"Uganda / Kamuli","Uganda / Kamuli","Pooled","Pooled",44,4.4,50.5667738034108,48,50.5667488622608,50.5667488622608,58.3829210274999,64.1079639188676,65.6124334256081,TRUE,"Target achieved; safe withdrawal identified"
"PPT_00625","Push-Pull","Uganda","Admin1","Kamuli",,"Kamuli",123,10000,50,60,0.756923076923077,0.0411214953271028,"Uganda / Kamuli","Uganda / Kamuli","Pooled","Pooled",29,2.9,50.3281431159673,60,50.3281293065465,50.3281293065465,56.9052342901711,62.626120571484,64.6774051815504,TRUE,"Target achieved; safe withdrawal identified"
"PPT_00626","Push-Pull","Uganda","Admin1","Kamuli",,"Kamuli",123,10000,60,12,0.756923076923077,0.0411214953271028,"Uganda / Kamuli","Uganda / Kamuli","Pooled","Pooled",,,,,,,,,,FALSE,"Target not achieved with <= 500 ToTs"
"PPT_00627","Push-Pull","Uganda","Admin1","Kamuli",,"Kamuli",123,10000,60,24,0.756923076923077,0.0411214953271028,"Uganda / Kamuli","Uganda / Kamuli","Pooled","Pooled",299,29.9,60.0145219886474,24,60.0145095441793,60.0145095441793,71.6113405215608,73.5904007578343,70.6066177636598,TRUE,"Target achieved; safe withdrawal identified"
"PPT_00628","Push-Pull","Uganda","Admin1","Kamuli",,"Kamuli",123,10000,60,36,0.756923076923077,0.0411214953271028,"Uganda / Kamuli","Uganda / Kamuli","Pooled","Pooled",114,11.4,60.0696063864841,36,60.0695494873503,60.0695494873503,68.3750467807414,70.6086410420437,68.9576411401355,TRUE,"Target achieved; safe withdrawal identified"
"PPT_00629","Push-Pull","Uganda","Admin1","Kamuli",,"Kamuli",123,10000,60,48,0.756923076923077,0.0411214953271028,"Uganda / Kamuli","Uganda / Kamuli","Pooled","Pooled",66,6.6,60.1579763195044,48,60.1579540540581,60.1579540540581,66.3874815381199,68.6576601295858,67.8084140623307,TRUE,"Target achieved; safe withdrawal identified"
"PPT_00630","Push-Pull","Uganda","Admin1","Kamuli",,"Kamuli",123,10000,60,60,0.756923076923077,0.0411214953271028,"Uganda / Kamuli","Uganda / Kamuli","Pooled","Pooled",44,4.4,60.0833487176818,60,60.0833250337152,60.0833250337152,65.0613868790129,67.3475856128619,67.0062650893387,TRUE,"Target achieved; safe withdrawal identified"
"PPT_00631","Push-Pull","Uganda","Admin1","Namutumba",,"Namutumba",116,10000,10,12,0.836363636363636,0.0930693069306931,"Uganda / Namutumba","Uganda / Namutumba","Pooled","Pooled",56,5.6,10.0815357171233,12,10.0815383481542,10.0815383481542,20.842073243311,30.8545326709235,37.6661644595144,TRUE,"Target achieved; safe withdrawal identified"
"PPT_00632","Push-Pull","Uganda","Admin1","Namutumba",,"Namutumba",116,10000,10,24,0.836363636363636,0.0930693069306931,"Uganda / Namutumba","Uganda / Namutumba","Pooled","Pooled",17,1.7,10.2874695464749,24,10.287469690681,10.287469690681,16.0645174222486,23.7072754994842,30.7660015645149,TRUE,"Target achieved; safe withdrawal identified"
"PPT_00633","Push-Pull","Uganda","Admin1","Namutumba",,"Namutumba",116,10000,10,36,0.836363636363636,0.0930693069306931,"Uganda / Namutumba","Uganda / Namutumba","Pooled","Pooled",9,0.9,10.7005199204198,36,10.7005201071574,10.7005201071574,15.0191215989718,21.8845068117939,28.8272552314197,TRUE,"Target achieved; safe withdrawal identified"
"PPT_00634","Push-Pull","Uganda","Admin1","Namutumba",,"Namutumba",116,10000,10,48,0.836363636363636,0.0930693069306931,"Uganda / Namutumba","Uganda / Namutumba","Pooled","Pooled",6,0.6,11.5442664729096,48,11.5442664732587,11.5442664732587,15.3373711459852,22.0050131896521,28.911995126292,TRUE,"Target achieved; safe withdrawal identified"
"PPT_00635","Push-Pull","Uganda","Admin1","Namutumba",,"Namutumba",116,10000,10,60,0.836363636363636,0.0930693069306931,"Uganda / Namutumba","Uganda / Namutumba","Pooled","Pooled",4,0.4,11.4766495914466,60,11.4766576609445,11.4766576609445,14.8199872512292,21.2064532820268,28.0483617993955,TRUE,"Target achieved; safe withdrawal identified"
"PPT_00636","Push-Pull","Uganda","Admin1","Namutumba",,"Namutumba",116,10000,20,12,0.836363636363636,0.0930693069306931,"Uganda / Namutumba","Uganda / Namutumba","Pooled","Pooled",132,13.2,20.0448218169468,12,20.0448218629711,20.0448218629711,38.0239108080562,48.4680389626586,50.7167055920702,TRUE,"Target achieved; safe withdrawal identified"
"PPT_00637","Push-Pull","Uganda","Admin1","Namutumba",,"Namutumba",116,10000,20,24,0.836363636363636,0.0930693069306931,"Uganda / Namutumba","Uganda / Namutumba","Pooled","Pooled",37,3.7,20.0052053200963,24,20.0052053439022,20.0052053439022,29.5451014733193,38.5881822619727,43.7368647228127,TRUE,"Target achieved; safe withdrawal identified"
"PPT_00638","Push-Pull","Uganda","Admin1","Namutumba",,"Namutumba",116,10000,20,36,0.836363636363636,0.0930693069306931,"Uganda / Namutumba","Uganda / Namutumba","Pooled","Pooled",19,1.9,20.3194875408246,36,20.3194875789213,20.3194875789213,27.1717627800999,35.3954544624109,41.1405589584212,TRUE,"Target achieved; safe withdrawal identified"
"PPT_00639","Push-Pull","Uganda","Admin1","Namutumba",,"Namutumba",116,10000,20,48,0.836363636363636,0.0930693069306931,"Uganda / Namutumba","Uganda / Namutumba","Pooled","Pooled",12,1.2,20.7642517530438,48,20.7642522729182,20.7642522729182,26.3988753777323,34.1682039117866,40.0676955393877,TRUE,"Target achieved; safe withdrawal identified"
"PPT_00640","Push-Pull","Uganda","Admin1","Namutumba",,"Namutumba",116,10000,20,60,0.836363636363636,0.0930693069306931,"Uganda / Namutumba","Uganda / Namutumba","Pooled","Pooled",8,0.8,20.5389473678153,60,20.5389475266609,20.5389475266609,25.4253438512638,32.9243834951254,38.9912920814214,TRUE,"Target achieved; safe withdrawal identified"
"PPT_00641","Push-Pull","Uganda","Admin1","Namutumba",,"Namutumba",116,10000,30,12,0.836363636363636,0.0930693069306931,"Uganda / Namutumba","Uganda / Namutumba","Pooled","Pooled",250,25,30.0612399241051,12,30.0612400744266,30.0612400744266,51.8499340238924,58.9386025504432,56.3226875529216,TRUE,"Target achieved; safe withdrawal identified"
"PPT_00642","Push-Pull","Uganda","Admin1","Namutumba",,"Namutumba",116,10000,30,24,0.836363636363636,0.0930693069306931,"Uganda / Namutumba","Uganda / Namutumba","Pooled","Pooled",64,6.4,30.0852511312861,24,30.0852434367721,30.0852434367721,41.8714340687356,49.19531314456,50.7303449488692,TRUE,"Target achieved; safe withdrawal identified"
"PPT_00643","Push-Pull","Uganda","Admin1","Namutumba",,"Namutumba",116,10000,30,36,0.836363636363636,0.0930693069306931,"Uganda / Namutumba","Uganda / Namutumba","Pooled","Pooled",32,3.2,30.1550052084273,36,30.1549945173157,30.1549945173157,38.353642987224,45.2847109966331,48.1088592309705,TRUE,"Target achieved; safe withdrawal identified"
"PPT_00644","Push-Pull","Uganda","Admin1","Namutumba",,"Namutumba",116,10000,30,48,0.836363636363636,0.0930693069306931,"Uganda / Namutumba","Uganda / Namutumba","Pooled","Pooled",20,2,30.4176243344429,48,30.4176172656873,30.4176172656873,36.9181480242474,43.4976144715227,46.8026927822365,TRUE,"Target achieved; safe withdrawal identified"
"PPT_00645","Push-Pull","Uganda","Admin1","Namutumba",,"Namutumba",116,10000,30,60,0.836363636363636,0.0930693069306931,"Uganda / Namutumba","Uganda / Namutumba","Pooled","Pooled",14,1.4,30.9472826355954,60,30.9472618660257,30.9472618660257,36.4857708666814,42.74503490862,46.1918843888297,TRUE,"Target achieved; safe withdrawal identified"
"PPT_00646","Push-Pull","Uganda","Admin1","Namutumba",,"Namutumba",116,10000,40,12,0.836363636363636,0.0930693069306931,"Uganda / Namutumba","Uganda / Namutumba","Pooled","Pooled",485,48.5,40.0001817669286,12,40.0001739884937,40.0001739884937,61.746427179717,64.4684840177161,58.573197619661,TRUE,"Target achieved; safe withdrawal identified"
"PPT_00647","Push-Pull","Uganda","Admin1","Namutumba",,"Namutumba",116,10000,40,24,0.836363636363636,0.0930693069306931,"Uganda / Namutumba","Uganda / Namutumba","Pooled","Pooled",102,10.2,40.153678503802,24,40.1536598468695,40.1536598468695,52.5159239940916,56.4395228575597,54.5029026330251,TRUE,"Target achieved; safe withdrawal identified"
"PPT_00648","Push-Pull","Uganda","Admin1","Namutumba",,"Namutumba",116,10000,40,36,0.836363636363636,0.0930693069306931,"Uganda / Namutumba","Uganda / Namutumba","Pooled","Pooled",50,5,40.2151885380636,36,40.2151463233894,40.2151463233894,48.5286154716803,52.5165655823584,52.1886325730266,TRUE,"Target achieved; safe withdrawal identified"
"PPT_00649","Push-Pull","Uganda","Admin1","Namutumba",,"Namutumba",116,10000,40,48,0.836363636363636,0.0930693069306931,"Uganda / Namutumba","Uganda / Namutumba","Pooled","Pooled",31,3.1,40.211516639775,48,40.211487781465,40.211487781465,46.5179257984332,50.3990933298534,50.82548682509,TRUE,"Target achieved; safe withdrawal identified"
"PPT_00650","Push-Pull","Uganda","Admin1","Namutumba",,"Namutumba",116,10000,40,60,0.836363636363636,0.0930693069306931,"Uganda / Namutumba","Uganda / Namutumba","Pooled","Pooled",22,2.2,40.8086560034342,60,40.8086449956591,40.8086449956591,45.8993734463997,49.459774816368,50.1290730873192,TRUE,"Target achieved; safe withdrawal identified"
"PPT_00651","Push-Pull","Uganda","Admin1","Namutumba",,"Namutumba",116,10000,50,12,0.836363636363636,0.0930693069306931,"Uganda / Namutumba","Uganda / Namutumba","Pooled","Pooled",,,,,,,,,,FALSE,"Target not achieved with <= 500 ToTs"
"PPT_00652","Push-Pull","Uganda","Admin1","Namutumba",,"Namutumba",116,10000,50,24,0.836363636363636,0.0930693069306931,"Uganda / Namutumba","Uganda / Namutumba","Pooled","Pooled",162,16.2,50.0469922907666,24,50.0469773601831,50.0469773601831,61.2579778729924,61.1152229452913,56.4299873834922,TRUE,"Target achieved; safe withdrawal identified"
"PPT_00653","Push-Pull","Uganda","Admin1","Namutumba",,"Namutumba",116,10000,50,36,0.836363636363636,0.0930693069306931,"Uganda / Namutumba","Uganda / Namutumba","Pooled","Pooled",77,7.7,50.2872765430365,36,50.2872759795892,50.2872759795892,57.4151060198186,57.5673750662229,54.4691715013033,TRUE,"Target achieved; safe withdrawal identified"
"PPT_00654","Push-Pull","Uganda","Admin1","Namutumba",,"Namutumba",116,10000,50,48,0.836363636363636,0.0930693069306931,"Uganda / Namutumba","Uganda / Namutumba","Pooled","Pooled",48,4.8,50.2927388837505,48,50.292738486025,50.292738486025,55.2628346027017,55.4536324654802,53.1895299205972,TRUE,"Target achieved; safe withdrawal identified"
"PPT_00655","Push-Pull","Uganda","Admin1","Namutumba",,"Namutumba",116,10000,50,60,0.836363636363636,0.0930693069306931,"Uganda / Namutumba","Uganda / Namutumba","Pooled","Pooled",34,3.4,50.3882967013476,60,50.3882967004807,50.3882967004807,54.0436385018762,54.1356000362111,52.3234038787837,TRUE,"Target achieved; safe withdrawal identified"
"PPT_00656","Push-Pull","Uganda","Admin1","Namutumba",,"Namutumba",116,10000,60,12,0.836363636363636,0.0930693069306931,"Uganda / Namutumba","Uganda / Namutumba","Pooled","Pooled",,,,,,,,,,FALSE,"Target not achieved with <= 500 ToTs"
"PPT_00657","Push-Pull","Uganda","Admin1","Namutumba",,"Namutumba",116,10000,60,24,0.836363636363636,0.0930693069306931,"Uganda / Namutumba","Uganda / Namutumba","Pooled","Pooled",296,29.6,60.0263178205236,,,,,,,FALSE,"Target achieved; continued support required within tested horizon"
"PPT_00658","Push-Pull","Uganda","Admin1","Namutumba",,"Namutumba",116,10000,60,36,0.836363636363636,0.0930693069306931,"Uganda / Namutumba","Uganda / Namutumba","Pooled","Pooled",124,12.4,60.0055401694085,,,,,,,FALSE,"Target achieved; continued support required within tested horizon"
"PPT_00659","Push-Pull","Uganda","Admin1","Namutumba",,"Namutumba",116,10000,60,48,0.836363636363636,0.0930693069306931,"Uganda / Namutumba","Uganda / Namutumba","Pooled","Pooled",78,7.8,60.079347279216,,,,,,,FALSE,"Target achieved; continued support required within tested horizon"
"PPT_00660","Push-Pull","Uganda","Admin1","Namutumba",,"Namutumba",116,10000,60,60,0.836363636363636,0.0930693069306931,"Uganda / Namutumba","Uganda / Namutumba","Pooled","Pooled",57,5.7,60.0051151048875,,,,,,,FALSE,"Target achieved; continued support required within tested horizon"
"PPT_00661","Push-Pull","Uganda","Admin2","Iganga","Bulamagi","Bulamagi",5,10000,10,12,0.603174603174603,0.168224299065421,"Uganda / Iganga","Uganda / Iganga","Pooled","Pooled",79,7.9,10.1025324547355,12,10.1025325396054,10.1025325396054,20.658237324052,27.679782603406,29.577677848483,TRUE,"Target achieved; safe withdrawal identified"
"PPT_00662","Push-Pull","Uganda","Admin2","Iganga","Bulamagi","Bulamagi",5,10000,10,24,0.603174603174603,0.168224299065421,"Uganda / Iganga","Uganda / Iganga","Pooled","Pooled",23,2.3,10.1323612016184,24,10.1323612020742,10.1323612020742,15.411050389822,20.2551834049931,23.0482988775662,TRUE,"Target achieved; safe withdrawal identified"
"PPT_00663","Push-Pull","Uganda","Admin2","Iganga","Bulamagi","Bulamagi",5,10000,10,36,0.603174603174603,0.168224299065421,"Uganda / Iganga","Uganda / Iganga","Pooled","Pooled",12,1.2,10.264148953004,36,10.2641500489261,10.2641500489261,13.8602138057733,17.845285114717,20.6942267446182,TRUE,"Target achieved; safe withdrawal identified"
"PPT_00664","Push-Pull","Uganda","Admin2","Iganga","Bulamagi","Bulamagi",5,10000,10,48,0.603174603174603,0.168224299065421,"Uganda / Iganga","Uganda / Iganga","Pooled","Pooled",8,0.8,10.7549504217354,48,10.7549516871922,10.7549516871922,13.6391275977905,17.2366009822819,20.0438363357876,TRUE,"Target achieved; safe withdrawal identified"
"PPT_00665","Push-Pull","Uganda","Admin2","Iganga","Bulamagi","Bulamagi",5,10000,10,60,0.603174603174603,0.168224299065421,"Uganda / Iganga","Uganda / Iganga","Pooled","Pooled",6,0.6,11.4129026814427,60,11.4129033411765,11.4129033411765,13.9265533366762,17.3165953744369,20.0695610261505,TRUE,"Target achieved; safe withdrawal identified"
"PPT_00666","Push-Pull","Uganda","Admin2","Iganga","Bulamagi","Bulamagi",5,10000,20,12,0.603174603174603,0.168224299065421,"Uganda / Iganga","Uganda / Iganga","Pooled","Pooled",202,20.2,20.035063662403,12,20.0350632609841,20.0350632609841,36.7970270313259,42.656910297372,39.4404307663867,TRUE,"Target achieved; safe withdrawal identified"
"PPT_00667","Push-Pull","Uganda","Admin2","Iganga","Bulamagi","Bulamagi",5,10000,20,24,0.603174603174603,0.168224299065421,"Uganda / Iganga","Uganda / Iganga","Pooled","Pooled",53,5.3,20.0226273477677,24,20.0226269775022,20.0226269775022,28.5598615618138,33.2286928098758,33.2141565000862,TRUE,"Target achieved; safe withdrawal identified"
"PPT_00668","Push-Pull","Uganda","Admin2","Iganga","Bulamagi","Bulamagi",5,10000,20,36,0.603174603174603,0.168224299065421,"Uganda / Iganga","Uganda / Iganga","Pooled","Pooled",27,2.7,20.0920085695133,36,20.092007565832,20.092007565832,25.7008109902534,29.5633894793705,30.4052349888888,TRUE,"Target achieved; safe withdrawal identified"
"PPT_00669","Push-Pull","Uganda","Admin2","Iganga","Bulamagi","Bulamagi",5,10000,20,48,0.603174603174603,0.168224299065421,"Uganda / Iganga","Uganda / Iganga","Pooled","Pooled",18,1.8,20.8606775412906,48,20.8606727036263,20.8606727036263,25.107151981576,28.3822743802638,29.3749610548957,TRUE,"Target achieved; safe withdrawal identified"
"PPT_00670","Push-Pull","Uganda","Admin2","Iganga","Bulamagi","Bulamagi",5,10000,20,60,0.603174603174603,0.168224299065421,"Uganda / Iganga","Uganda / Iganga","Pooled","Pooled",13,1.3,21.1767576000493,60,21.1767574539319,21.1767574539319,24.5990924958645,27.5191494134439,28.6165785293487,TRUE,"Target achieved; safe withdrawal identified"
"PPT_00671","Push-Pull","Uganda","Admin2","Iganga","Bulamagi","Bulamagi",5,10000,30,12,0.603174603174603,0.168224299065421,"Uganda / Iganga","Uganda / Iganga","Pooled","Pooled",469,46.9,30.0073042706574,12,30.0073028624068,30.0073028624068,48.2250396331885,50.1376208949352,42.8618625395519,TRUE,"Target achieved; safe withdrawal identified"
"PPT_00672","Push-Pull","Uganda","Admin2","Iganga","Bulamagi","Bulamagi",5,10000,30,24,0.603174603174603,0.168224299065421,"Uganda / Iganga","Uganda / Iganga","Pooled","Pooled",98,9.8,30.1442376994608,24,30.1442152749554,30.1442152749554,40.060498215286,41.9434677939884,38.2928047247153,TRUE,"Target achieved; safe withdrawal identified"
"PPT_00673","Push-Pull","Uganda","Admin2","Iganga","Bulamagi","Bulamagi",5,10000,30,36,0.603174603174603,0.168224299065421,"Uganda / Iganga","Uganda / Iganga","Pooled","Pooled",49,4.9,30.365881548964,36,30.3658431043371,30.3658431043371,36.6036756056144,37.9972875658493,35.714858628102,TRUE,"Target achieved; safe withdrawal identified"
"PPT_00674","Push-Pull","Uganda","Admin2","Iganga","Bulamagi","Bulamagi",5,10000,30,48,0.603174603174603,0.168224299065421,"Uganda / Iganga","Uganda / Iganga","Pooled","Pooled",31,3.1,30.2544087286004,48,30.2544002823467,30.2544002823467,34.6179270812225,35.6919124599988,34.0949905992604,TRUE,"Target achieved; safe withdrawal identified"
"PPT_00675","Push-Pull","Uganda","Admin2","Iganga","Bulamagi","Bulamagi",5,10000,30,60,0.603174603174603,0.168224299065421,"Uganda / Iganga","Uganda / Iganga","Pooled","Pooled",22,2.2,30.0588949512662,60,30.0588785353614,30.0588785353614,33.3304436976742,34.1897110285104,32.989766440454,TRUE,"Target achieved; safe withdrawal identified"
"PPT_00676","Push-Pull","Uganda","Admin2","Iganga","Bulamagi","Bulamagi",5,10000,40,12,0.603174603174603,0.168224299065421,"Uganda / Iganga","Uganda / Iganga","Pooled","Pooled",,,,,,,,,,FALSE,"Target not achieved with <= 500 ToTs"
"PPT_00677","Push-Pull","Uganda","Admin2","Iganga","Bulamagi","Bulamagi",5,10000,40,24,0.603174603174603,0.168224299065421,"Uganda / Iganga","Uganda / Iganga","Pooled","Pooled",175,17.5,40.003005289936,24,40.0030052415048,40.0030052415048,49.1741319983805,47.1300522573497,40.5124535121197,TRUE,"Target achieved; safe withdrawal identified"
"PPT_00678","Push-Pull","Uganda","Admin2","Iganga","Bulamagi","Bulamagi",5,10000,40,36,0.603174603174603,0.168224299065421,"Uganda / Iganga","Uganda / Iganga","Pooled","Pooled",82,8.2,40.0791942525909,,,,,,,FALSE,"Target achieved; continued support required within tested horizon"
"PPT_00679","Push-Pull","Uganda","Admin2","Iganga","Bulamagi","Bulamagi",5,10000,40,48,0.603174603174603,0.168224299065421,"Uganda / Iganga","Uganda / Iganga","Pooled","Pooled",53,5.3,40.3005351897701,,,,,,,FALSE,"Target achieved; continued support required within tested horizon"
"PPT_00680","Push-Pull","Uganda","Admin2","Iganga","Bulamagi","Bulamagi",5,10000,40,60,0.603174603174603,0.168224299065421,"Uganda / Iganga","Uganda / Iganga","Pooled","Pooled",39,3.9,40.2927572608423,,,,,,,FALSE,"Target achieved; continued support required within tested horizon"
"PPT_00681","Push-Pull","Uganda","Admin2","Iganga","Bulamagi","Bulamagi",5,10000,50,12,0.603174603174603,0.168224299065421,"Uganda / Iganga","Uganda / Iganga","Pooled","Pooled",,,,,,,,,,FALSE,"Target not achieved with <= 500 ToTs"
"PPT_00682","Push-Pull","Uganda","Admin2","Iganga","Bulamagi","Bulamagi",5,10000,50,24,0.603174603174603,0.168224299065421,"Uganda / Iganga","Uganda / Iganga","Pooled","Pooled",415,41.5,50.0014546868236,,,,,,,FALSE,"Target achieved; continued support required within tested horizon"
"PPT_00683","Push-Pull","Uganda","Admin2","Iganga","Bulamagi","Bulamagi",5,10000,50,36,0.603174603174603,0.168224299065421,"Uganda / Iganga","Uganda / Iganga","Pooled","Pooled",154,15.4,50.064126268564,,,,,,,FALSE,"Target achieved; continued support required within tested horizon"
"PPT_00684","Push-Pull","Uganda","Admin2","Iganga","Bulamagi","Bulamagi",5,10000,50,48,0.603174603174603,0.168224299065421,"Uganda / Iganga","Uganda / Iganga","Pooled","Pooled",99,9.9,50.1182389762043,,,,,,,FALSE,"Target achieved; continued support required within tested horizon"
"PPT_00685","Push-Pull","Uganda","Admin2","Iganga","Bulamagi","Bulamagi",5,10000,50,60,0.603174603174603,0.168224299065421,"Uganda / Iganga","Uganda / Iganga","Pooled","Pooled",78,7.8,50.0592281864594,,,,,,,FALSE,"Target achieved; continued support required within tested horizon"
"PPT_00686","Push-Pull","Uganda","Admin2","Iganga","Bulamagi","Bulamagi",5,10000,60,12,0.603174603174603,0.168224299065421,"Uganda / Iganga","Uganda / Iganga","Pooled","Pooled",,,,,,,,,,FALSE,"Target not achieved with <= 500 ToTs"
"PPT_00687","Push-Pull","Uganda","Admin2","Iganga","Bulamagi","Bulamagi",5,10000,60,24,0.603174603174603,0.168224299065421,"Uganda / Iganga","Uganda / Iganga","Pooled","Pooled",,,,,,,,,,FALSE,"Target not achieved with <= 500 ToTs"
"PPT_00688","Push-Pull","Uganda","Admin2","Iganga","Bulamagi","Bulamagi",5,10000,60,36,0.603174603174603,0.168224299065421,"Uganda / Iganga","Uganda / Iganga","Pooled","Pooled",,,,,,,,,,FALSE,"Target not achieved with <= 500 ToTs"
"PPT_00689","Push-Pull","Uganda","Admin2","Iganga","Bulamagi","Bulamagi",5,10000,60,48,0.603174603174603,0.168224299065421,"Uganda / Iganga","Uganda / Iganga","Pooled","Pooled",,,,,,,,,,FALSE,"Target not achieved with <= 500 ToTs"
"PPT_00690","Push-Pull","Uganda","Admin2","Iganga","Bulamagi","Bulamagi",5,10000,60,60,0.603174603174603,0.168224299065421,"Uganda / Iganga","Uganda / Iganga","Pooled","Pooled",,,,,,,,,,FALSE,"Target not achieved with <= 500 ToTs"
"PPT_00691","Push-Pull","Uganda","Admin2","Iganga","Nambale","Nambale",5,10000,10,12,0.603174603174603,0.168224299065421,"Uganda / Iganga","Uganda / Iganga","Pooled","Pooled",79,7.9,10.1025324547355,12,10.1025325396054,10.1025325396054,20.658237324052,27.679782603406,29.577677848483,TRUE,"Target achieved; safe withdrawal identified"
"PPT_00692","Push-Pull","Uganda","Admin2","Iganga","Nambale","Nambale",5,10000,10,24,0.603174603174603,0.168224299065421,"Uganda / Iganga","Uganda / Iganga","Pooled","Pooled",23,2.3,10.1323612016184,24,10.1323612020742,10.1323612020742,15.411050389822,20.2551834049931,23.0482988775662,TRUE,"Target achieved; safe withdrawal identified"
"PPT_00693","Push-Pull","Uganda","Admin2","Iganga","Nambale","Nambale",5,10000,10,36,0.603174603174603,0.168224299065421,"Uganda / Iganga","Uganda / Iganga","Pooled","Pooled",12,1.2,10.264148953004,36,10.2641500489261,10.2641500489261,13.8602138057733,17.845285114717,20.6942267446182,TRUE,"Target achieved; safe withdrawal identified"
"PPT_00694","Push-Pull","Uganda","Admin2","Iganga","Nambale","Nambale",5,10000,10,48,0.603174603174603,0.168224299065421,"Uganda / Iganga","Uganda / Iganga","Pooled","Pooled",8,0.8,10.7549504217354,48,10.7549516871922,10.7549516871922,13.6391275977905,17.2366009822819,20.0438363357876,TRUE,"Target achieved; safe withdrawal identified"
"PPT_00695","Push-Pull","Uganda","Admin2","Iganga","Nambale","Nambale",5,10000,10,60,0.603174603174603,0.168224299065421,"Uganda / Iganga","Uganda / Iganga","Pooled","Pooled",6,0.6,11.4129026814427,60,11.4129033411765,11.4129033411765,13.9265533366762,17.3165953744369,20.0695610261505,TRUE,"Target achieved; safe withdrawal identified"
"PPT_00696","Push-Pull","Uganda","Admin2","Iganga","Nambale","Nambale",5,10000,20,12,0.603174603174603,0.168224299065421,"Uganda / Iganga","Uganda / Iganga","Pooled","Pooled",202,20.2,20.035063662403,12,20.0350632609841,20.0350632609841,36.7970270313259,42.656910297372,39.4404307663867,TRUE,"Target achieved; safe withdrawal identified"
"PPT_00697","Push-Pull","Uganda","Admin2","Iganga","Nambale","Nambale",5,10000,20,24,0.603174603174603,0.168224299065421,"Uganda / Iganga","Uganda / Iganga","Pooled","Pooled",53,5.3,20.0226273477677,24,20.0226269775022,20.0226269775022,28.5598615618138,33.2286928098758,33.2141565000862,TRUE,"Target achieved; safe withdrawal identified"
"PPT_00698","Push-Pull","Uganda","Admin2","Iganga","Nambale","Nambale",5,10000,20,36,0.603174603174603,0.168224299065421,"Uganda / Iganga","Uganda / Iganga","Pooled","Pooled",27,2.7,20.0920085695133,36,20.092007565832,20.092007565832,25.7008109902534,29.5633894793705,30.4052349888888,TRUE,"Target achieved; safe withdrawal identified"
"PPT_00699","Push-Pull","Uganda","Admin2","Iganga","Nambale","Nambale",5,10000,20,48,0.603174603174603,0.168224299065421,"Uganda / Iganga","Uganda / Iganga","Pooled","Pooled",18,1.8,20.8606775412906,48,20.8606727036263,20.8606727036263,25.107151981576,28.3822743802638,29.3749610548957,TRUE,"Target achieved; safe withdrawal identified"
"PPT_00700","Push-Pull","Uganda","Admin2","Iganga","Nambale","Nambale",5,10000,20,60,0.603174603174603,0.168224299065421,"Uganda / Iganga","Uganda / Iganga","Pooled","Pooled",13,1.3,21.1767576000493,60,21.1767574539319,21.1767574539319,24.5990924958645,27.5191494134439,28.6165785293487,TRUE,"Target achieved; safe withdrawal identified"
"PPT_00701","Push-Pull","Uganda","Admin2","Iganga","Nambale","Nambale",5,10000,30,12,0.603174603174603,0.168224299065421,"Uganda / Iganga","Uganda / Iganga","Pooled","Pooled",469,46.9,30.0073042706574,12,30.0073028624068,30.0073028624068,48.2250396331885,50.1376208949352,42.8618625395519,TRUE,"Target achieved; safe withdrawal identified"
"PPT_00702","Push-Pull","Uganda","Admin2","Iganga","Nambale","Nambale",5,10000,30,24,0.603174603174603,0.168224299065421,"Uganda / Iganga","Uganda / Iganga","Pooled","Pooled",98,9.8,30.1442376994608,24,30.1442152749554,30.1442152749554,40.060498215286,41.9434677939884,38.2928047247153,TRUE,"Target achieved; safe withdrawal identified"
"PPT_00703","Push-Pull","Uganda","Admin2","Iganga","Nambale","Nambale",5,10000,30,36,0.603174603174603,0.168224299065421,"Uganda / Iganga","Uganda / Iganga","Pooled","Pooled",49,4.9,30.365881548964,36,30.3658431043371,30.3658431043371,36.6036756056144,37.9972875658493,35.714858628102,TRUE,"Target achieved; safe withdrawal identified"
"PPT_00704","Push-Pull","Uganda","Admin2","Iganga","Nambale","Nambale",5,10000,30,48,0.603174603174603,0.168224299065421,"Uganda / Iganga","Uganda / Iganga","Pooled","Pooled",31,3.1,30.2544087286004,48,30.2544002823467,30.2544002823467,34.6179270812225,35.6919124599988,34.0949905992604,TRUE,"Target achieved; safe withdrawal identified"
"PPT_00705","Push-Pull","Uganda","Admin2","Iganga","Nambale","Nambale",5,10000,30,60,0.603174603174603,0.168224299065421,"Uganda / Iganga","Uganda / Iganga","Pooled","Pooled",22,2.2,30.0588949512662,60,30.0588785353614,30.0588785353614,33.3304436976742,34.1897110285104,32.989766440454,TRUE,"Target achieved; safe withdrawal identified"
"PPT_00706","Push-Pull","Uganda","Admin2","Iganga","Nambale","Nambale",5,10000,40,12,0.603174603174603,0.168224299065421,"Uganda / Iganga","Uganda / Iganga","Pooled","Pooled",,,,,,,,,,FALSE,"Target not achieved with <= 500 ToTs"
"PPT_00707","Push-Pull","Uganda","Admin2","Iganga","Nambale","Nambale",5,10000,40,24,0.603174603174603,0.168224299065421,"Uganda / Iganga","Uganda / Iganga","Pooled","Pooled",175,17.5,40.003005289936,24,40.0030052415048,40.0030052415048,49.1741319983805,47.1300522573497,40.5124535121197,TRUE,"Target achieved; safe withdrawal identified"
"PPT_00708","Push-Pull","Uganda","Admin2","Iganga","Nambale","Nambale",5,10000,40,36,0.603174603174603,0.168224299065421,"Uganda / Iganga","Uganda / Iganga","Pooled","Pooled",82,8.2,40.0791942525909,,,,,,,FALSE,"Target achieved; continued support required within tested horizon"
"PPT_00709","Push-Pull","Uganda","Admin2","Iganga","Nambale","Nambale",5,10000,40,48,0.603174603174603,0.168224299065421,"Uganda / Iganga","Uganda / Iganga","Pooled","Pooled",53,5.3,40.3005351897701,,,,,,,FALSE,"Target achieved; continued support required within tested horizon"
"PPT_00710","Push-Pull","Uganda","Admin2","Iganga","Nambale","Nambale",5,10000,40,60,0.603174603174603,0.168224299065421,"Uganda / Iganga","Uganda / Iganga","Pooled","Pooled",39,3.9,40.2927572608423,,,,,,,FALSE,"Target achieved; continued support required within tested horizon"
"PPT_00711","Push-Pull","Uganda","Admin2","Iganga","Nambale","Nambale",5,10000,50,12,0.603174603174603,0.168224299065421,"Uganda / Iganga","Uganda / Iganga","Pooled","Pooled",,,,,,,,,,FALSE,"Target not achieved with <= 500 ToTs"
"PPT_00712","Push-Pull","Uganda","Admin2","Iganga","Nambale","Nambale",5,10000,50,24,0.603174603174603,0.168224299065421,"Uganda / Iganga","Uganda / Iganga","Pooled","Pooled",415,41.5,50.0014546868236,,,,,,,FALSE,"Target achieved; continued support required within tested horizon"
"PPT_00713","Push-Pull","Uganda","Admin2","Iganga","Nambale","Nambale",5,10000,50,36,0.603174603174603,0.168224299065421,"Uganda / Iganga","Uganda / Iganga","Pooled","Pooled",154,15.4,50.064126268564,,,,,,,FALSE,"Target achieved; continued support required within tested horizon"
"PPT_00714","Push-Pull","Uganda","Admin2","Iganga","Nambale","Nambale",5,10000,50,48,0.603174603174603,0.168224299065421,"Uganda / Iganga","Uganda / Iganga","Pooled","Pooled",99,9.9,50.1182389762043,,,,,,,FALSE,"Target achieved; continued support required within tested horizon"
"PPT_00715","Push-Pull","Uganda","Admin2","Iganga","Nambale","Nambale",5,10000,50,60,0.603174603174603,0.168224299065421,"Uganda / Iganga","Uganda / Iganga","Pooled","Pooled",78,7.8,50.0592281864594,,,,,,,FALSE,"Target achieved; continued support required within tested horizon"
"PPT_00716","Push-Pull","Uganda","Admin2","Iganga","Nambale","Nambale",5,10000,60,12,0.603174603174603,0.168224299065421,"Uganda / Iganga","Uganda / Iganga","Pooled","Pooled",,,,,,,,,,FALSE,"Target not achieved with <= 500 ToTs"
"PPT_00717","Push-Pull","Uganda","Admin2","Iganga","Nambale","Nambale",5,10000,60,24,0.603174603174603,0.168224299065421,"Uganda / Iganga","Uganda / Iganga","Pooled","Pooled",,,,,,,,,,FALSE,"Target not achieved with <= 500 ToTs"
"PPT_00718","Push-Pull","Uganda","Admin2","Iganga","Nambale","Nambale",5,10000,60,36,0.603174603174603,0.168224299065421,"Uganda / Iganga","Uganda / Iganga","Pooled","Pooled",,,,,,,,,,FALSE,"Target not achieved with <= 500 ToTs"
"PPT_00719","Push-Pull","Uganda","Admin2","Iganga","Nambale","Nambale",5,10000,60,48,0.603174603174603,0.168224299065421,"Uganda / Iganga","Uganda / Iganga","Pooled","Pooled",,,,,,,,,,FALSE,"Target not achieved with <= 500 ToTs"
"PPT_00720","Push-Pull","Uganda","Admin2","Iganga","Nambale","Nambale",5,10000,60,60,0.603174603174603,0.168224299065421,"Uganda / Iganga","Uganda / Iganga","Pooled","Pooled",,,,,,,,,,FALSE,"Target not achieved with <= 500 ToTs"
"PPT_00721","Push-Pull","Uganda","Admin2","Iganga","Namungalwe","Namungalwe",1,10000,10,12,0.603174603174603,0.168224299065421,"Uganda / Iganga","Uganda / Iganga","Pooled","Pooled",79,7.9,10.1025324547355,12,10.1025325396054,10.1025325396054,20.658237324052,27.679782603406,29.577677848483,TRUE,"Target achieved; safe withdrawal identified"
"PPT_00722","Push-Pull","Uganda","Admin2","Iganga","Namungalwe","Namungalwe",1,10000,10,24,0.603174603174603,0.168224299065421,"Uganda / Iganga","Uganda / Iganga","Pooled","Pooled",23,2.3,10.1323612016184,24,10.1323612020742,10.1323612020742,15.411050389822,20.2551834049931,23.0482988775662,TRUE,"Target achieved; safe withdrawal identified"
"PPT_00723","Push-Pull","Uganda","Admin2","Iganga","Namungalwe","Namungalwe",1,10000,10,36,0.603174603174603,0.168224299065421,"Uganda / Iganga","Uganda / Iganga","Pooled","Pooled",12,1.2,10.264148953004,36,10.2641500489261,10.2641500489261,13.8602138057733,17.845285114717,20.6942267446182,TRUE,"Target achieved; safe withdrawal identified"
"PPT_00724","Push-Pull","Uganda","Admin2","Iganga","Namungalwe","Namungalwe",1,10000,10,48,0.603174603174603,0.168224299065421,"Uganda / Iganga","Uganda / Iganga","Pooled","Pooled",8,0.8,10.7549504217354,48,10.7549516871922,10.7549516871922,13.6391275977905,17.2366009822819,20.0438363357876,TRUE,"Target achieved; safe withdrawal identified"
"PPT_00725","Push-Pull","Uganda","Admin2","Iganga","Namungalwe","Namungalwe",1,10000,10,60,0.603174603174603,0.168224299065421,"Uganda / Iganga","Uganda / Iganga","Pooled","Pooled",6,0.6,11.4129026814427,60,11.4129033411765,11.4129033411765,13.9265533366762,17.3165953744369,20.0695610261505,TRUE,"Target achieved; safe withdrawal identified"
"PPT_00726","Push-Pull","Uganda","Admin2","Iganga","Namungalwe","Namungalwe",1,10000,20,12,0.603174603174603,0.168224299065421,"Uganda / Iganga","Uganda / Iganga","Pooled","Pooled",202,20.2,20.035063662403,12,20.0350632609841,20.0350632609841,36.7970270313259,42.656910297372,39.4404307663867,TRUE,"Target achieved; safe withdrawal identified"
"PPT_00727","Push-Pull","Uganda","Admin2","Iganga","Namungalwe","Namungalwe",1,10000,20,24,0.603174603174603,0.168224299065421,"Uganda / Iganga","Uganda / Iganga","Pooled","Pooled",53,5.3,20.0226273477677,24,20.0226269775022,20.0226269775022,28.5598615618138,33.2286928098758,33.2141565000862,TRUE,"Target achieved; safe withdrawal identified"
"PPT_00728","Push-Pull","Uganda","Admin2","Iganga","Namungalwe","Namungalwe",1,10000,20,36,0.603174603174603,0.168224299065421,"Uganda / Iganga","Uganda / Iganga","Pooled","Pooled",27,2.7,20.0920085695133,36,20.092007565832,20.092007565832,25.7008109902534,29.5633894793705,30.4052349888888,TRUE,"Target achieved; safe withdrawal identified"
"PPT_00729","Push-Pull","Uganda","Admin2","Iganga","Namungalwe","Namungalwe",1,10000,20,48,0.603174603174603,0.168224299065421,"Uganda / Iganga","Uganda / Iganga","Pooled","Pooled",18,1.8,20.8606775412906,48,20.8606727036263,20.8606727036263,25.107151981576,28.3822743802638,29.3749610548957,TRUE,"Target achieved; safe withdrawal identified"
"PPT_00730","Push-Pull","Uganda","Admin2","Iganga","Namungalwe","Namungalwe",1,10000,20,60,0.603174603174603,0.168224299065421,"Uganda / Iganga","Uganda / Iganga","Pooled","Pooled",13,1.3,21.1767576000493,60,21.1767574539319,21.1767574539319,24.5990924958645,27.5191494134439,28.6165785293487,TRUE,"Target achieved; safe withdrawal identified"
"PPT_00731","Push-Pull","Uganda","Admin2","Iganga","Namungalwe","Namungalwe",1,10000,30,12,0.603174603174603,0.168224299065421,"Uganda / Iganga","Uganda / Iganga","Pooled","Pooled",469,46.9,30.0073042706574,12,30.0073028624068,30.0073028624068,48.2250396331885,50.1376208949352,42.8618625395519,TRUE,"Target achieved; safe withdrawal identified"
"PPT_00732","Push-Pull","Uganda","Admin2","Iganga","Namungalwe","Namungalwe",1,10000,30,24,0.603174603174603,0.168224299065421,"Uganda / Iganga","Uganda / Iganga","Pooled","Pooled",98,9.8,30.1442376994608,24,30.1442152749554,30.1442152749554,40.060498215286,41.9434677939884,38.2928047247153,TRUE,"Target achieved; safe withdrawal identified"
"PPT_00733","Push-Pull","Uganda","Admin2","Iganga","Namungalwe","Namungalwe",1,10000,30,36,0.603174603174603,0.168224299065421,"Uganda / Iganga","Uganda / Iganga","Pooled","Pooled",49,4.9,30.365881548964,36,30.3658431043371,30.3658431043371,36.6036756056144,37.9972875658493,35.714858628102,TRUE,"Target achieved; safe withdrawal identified"
"PPT_00734","Push-Pull","Uganda","Admin2","Iganga","Namungalwe","Namungalwe",1,10000,30,48,0.603174603174603,0.168224299065421,"Uganda / Iganga","Uganda / Iganga","Pooled","Pooled",31,3.1,30.2544087286004,48,30.2544002823467,30.2544002823467,34.6179270812225,35.6919124599988,34.0949905992604,TRUE,"Target achieved; safe withdrawal identified"
"PPT_00735","Push-Pull","Uganda","Admin2","Iganga","Namungalwe","Namungalwe",1,10000,30,60,0.603174603174603,0.168224299065421,"Uganda / Iganga","Uganda / Iganga","Pooled","Pooled",22,2.2,30.0588949512662,60,30.0588785353614,30.0588785353614,33.3304436976742,34.1897110285104,32.989766440454,TRUE,"Target achieved; safe withdrawal identified"
"PPT_00736","Push-Pull","Uganda","Admin2","Iganga","Namungalwe","Namungalwe",1,10000,40,12,0.603174603174603,0.168224299065421,"Uganda / Iganga","Uganda / Iganga","Pooled","Pooled",,,,,,,,,,FALSE,"Target not achieved with <= 500 ToTs"
"PPT_00737","Push-Pull","Uganda","Admin2","Iganga","Namungalwe","Namungalwe",1,10000,40,24,0.603174603174603,0.168224299065421,"Uganda / Iganga","Uganda / Iganga","Pooled","Pooled",175,17.5,40.003005289936,24,40.0030052415048,40.0030052415048,49.1741319983805,47.1300522573497,40.5124535121197,TRUE,"Target achieved; safe withdrawal identified"
"PPT_00738","Push-Pull","Uganda","Admin2","Iganga","Namungalwe","Namungalwe",1,10000,40,36,0.603174603174603,0.168224299065421,"Uganda / Iganga","Uganda / Iganga","Pooled","Pooled",82,8.2,40.0791942525909,,,,,,,FALSE,"Target achieved; continued support required within tested horizon"
"PPT_00739","Push-Pull","Uganda","Admin2","Iganga","Namungalwe","Namungalwe",1,10000,40,48,0.603174603174603,0.168224299065421,"Uganda / Iganga","Uganda / Iganga","Pooled","Pooled",53,5.3,40.3005351897701,,,,,,,FALSE,"Target achieved; continued support required within tested horizon"
"PPT_00740","Push-Pull","Uganda","Admin2","Iganga","Namungalwe","Namungalwe",1,10000,40,60,0.603174603174603,0.168224299065421,"Uganda / Iganga","Uganda / Iganga","Pooled","Pooled",39,3.9,40.2927572608423,,,,,,,FALSE,"Target achieved; continued support required within tested horizon"
"PPT_00741","Push-Pull","Uganda","Admin2","Iganga","Namungalwe","Namungalwe",1,10000,50,12,0.603174603174603,0.168224299065421,"Uganda / Iganga","Uganda / Iganga","Pooled","Pooled",,,,,,,,,,FALSE,"Target not achieved with <= 500 ToTs"
"PPT_00742","Push-Pull","Uganda","Admin2","Iganga","Namungalwe","Namungalwe",1,10000,50,24,0.603174603174603,0.168224299065421,"Uganda / Iganga","Uganda / Iganga","Pooled","Pooled",415,41.5,50.0014546868236,,,,,,,FALSE,"Target achieved; continued support required within tested horizon"
"PPT_00743","Push-Pull","Uganda","Admin2","Iganga","Namungalwe","Namungalwe",1,10000,50,36,0.603174603174603,0.168224299065421,"Uganda / Iganga","Uganda / Iganga","Pooled","Pooled",154,15.4,50.064126268564,,,,,,,FALSE,"Target achieved; continued support required within tested horizon"
"PPT_00744","Push-Pull","Uganda","Admin2","Iganga","Namungalwe","Namungalwe",1,10000,50,48,0.603174603174603,0.168224299065421,"Uganda / Iganga","Uganda / Iganga","Pooled","Pooled",99,9.9,50.1182389762043,,,,,,,FALSE,"Target achieved; continued support required within tested horizon"
"PPT_00745","Push-Pull","Uganda","Admin2","Iganga","Namungalwe","Namungalwe",1,10000,50,60,0.603174603174603,0.168224299065421,"Uganda / Iganga","Uganda / Iganga","Pooled","Pooled",78,7.8,50.0592281864594,,,,,,,FALSE,"Target achieved; continued support required within tested horizon"
"PPT_00746","Push-Pull","Uganda","Admin2","Iganga","Namungalwe","Namungalwe",1,10000,60,12,0.603174603174603,0.168224299065421,"Uganda / Iganga","Uganda / Iganga","Pooled","Pooled",,,,,,,,,,FALSE,"Target not achieved with <= 500 ToTs"
"PPT_00747","Push-Pull","Uganda","Admin2","Iganga","Namungalwe","Namungalwe",1,10000,60,24,0.603174603174603,0.168224299065421,"Uganda / Iganga","Uganda / Iganga","Pooled","Pooled",,,,,,,,,,FALSE,"Target not achieved with <= 500 ToTs"
"PPT_00748","Push-Pull","Uganda","Admin2","Iganga","Namungalwe","Namungalwe",1,10000,60,36,0.603174603174603,0.168224299065421,"Uganda / Iganga","Uganda / Iganga","Pooled","Pooled",,,,,,,,,,FALSE,"Target not achieved with <= 500 ToTs"
"PPT_00749","Push-Pull","Uganda","Admin2","Iganga","Namungalwe","Namungalwe",1,10000,60,48,0.603174603174603,0.168224299065421,"Uganda / Iganga","Uganda / Iganga","Pooled","Pooled",,,,,,,,,,FALSE,"Target not achieved with <= 500 ToTs"
"PPT_00750","Push-Pull","Uganda","Admin2","Iganga","Namungalwe","Namungalwe",1,10000,60,60,0.603174603174603,0.168224299065421,"Uganda / Iganga","Uganda / Iganga","Pooled","Pooled",,,,,,,,,,FALSE,"Target not achieved with <= 500 ToTs"
"PPT_00751","Push-Pull","Uganda","Admin2","Iganga","Nawanyingi","Nawanyingi",6,10000,10,12,0.603174603174603,0.168224299065421,"Uganda / Iganga","Uganda / Iganga","Pooled","Pooled",79,7.9,10.1025324547355,12,10.1025325396054,10.1025325396054,20.658237324052,27.679782603406,29.577677848483,TRUE,"Target achieved; safe withdrawal identified"
"PPT_00752","Push-Pull","Uganda","Admin2","Iganga","Nawanyingi","Nawanyingi",6,10000,10,24,0.603174603174603,0.168224299065421,"Uganda / Iganga","Uganda / Iganga","Pooled","Pooled",23,2.3,10.1323612016184,24,10.1323612020742,10.1323612020742,15.411050389822,20.2551834049931,23.0482988775662,TRUE,"Target achieved; safe withdrawal identified"
"PPT_00753","Push-Pull","Uganda","Admin2","Iganga","Nawanyingi","Nawanyingi",6,10000,10,36,0.603174603174603,0.168224299065421,"Uganda / Iganga","Uganda / Iganga","Pooled","Pooled",12,1.2,10.264148953004,36,10.2641500489261,10.2641500489261,13.8602138057733,17.845285114717,20.6942267446182,TRUE,"Target achieved; safe withdrawal identified"
"PPT_00754","Push-Pull","Uganda","Admin2","Iganga","Nawanyingi","Nawanyingi",6,10000,10,48,0.603174603174603,0.168224299065421,"Uganda / Iganga","Uganda / Iganga","Pooled","Pooled",8,0.8,10.7549504217354,48,10.7549516871922,10.7549516871922,13.6391275977905,17.2366009822819,20.0438363357876,TRUE,"Target achieved; safe withdrawal identified"
"PPT_00755","Push-Pull","Uganda","Admin2","Iganga","Nawanyingi","Nawanyingi",6,10000,10,60,0.603174603174603,0.168224299065421,"Uganda / Iganga","Uganda / Iganga","Pooled","Pooled",6,0.6,11.4129026814427,60,11.4129033411765,11.4129033411765,13.9265533366762,17.3165953744369,20.0695610261505,TRUE,"Target achieved; safe withdrawal identified"
"PPT_00756","Push-Pull","Uganda","Admin2","Iganga","Nawanyingi","Nawanyingi",6,10000,20,12,0.603174603174603,0.168224299065421,"Uganda / Iganga","Uganda / Iganga","Pooled","Pooled",202,20.2,20.035063662403,12,20.0350632609841,20.0350632609841,36.7970270313259,42.656910297372,39.4404307663867,TRUE,"Target achieved; safe withdrawal identified"
"PPT_00757","Push-Pull","Uganda","Admin2","Iganga","Nawanyingi","Nawanyingi",6,10000,20,24,0.603174603174603,0.168224299065421,"Uganda / Iganga","Uganda / Iganga","Pooled","Pooled",53,5.3,20.0226273477677,24,20.0226269775022,20.0226269775022,28.5598615618138,33.2286928098758,33.2141565000862,TRUE,"Target achieved; safe withdrawal identified"
"PPT_00758","Push-Pull","Uganda","Admin2","Iganga","Nawanyingi","Nawanyingi",6,10000,20,36,0.603174603174603,0.168224299065421,"Uganda / Iganga","Uganda / Iganga","Pooled","Pooled",27,2.7,20.0920085695133,36,20.092007565832,20.092007565832,25.7008109902534,29.5633894793705,30.4052349888888,TRUE,"Target achieved; safe withdrawal identified"
"PPT_00759","Push-Pull","Uganda","Admin2","Iganga","Nawanyingi","Nawanyingi",6,10000,20,48,0.603174603174603,0.168224299065421,"Uganda / Iganga","Uganda / Iganga","Pooled","Pooled",18,1.8,20.8606775412906,48,20.8606727036263,20.8606727036263,25.107151981576,28.3822743802638,29.3749610548957,TRUE,"Target achieved; safe withdrawal identified"
"PPT_00760","Push-Pull","Uganda","Admin2","Iganga","Nawanyingi","Nawanyingi",6,10000,20,60,0.603174603174603,0.168224299065421,"Uganda / Iganga","Uganda / Iganga","Pooled","Pooled",13,1.3,21.1767576000493,60,21.1767574539319,21.1767574539319,24.5990924958645,27.5191494134439,28.6165785293487,TRUE,"Target achieved; safe withdrawal identified"
"PPT_00761","Push-Pull","Uganda","Admin2","Iganga","Nawanyingi","Nawanyingi",6,10000,30,12,0.603174603174603,0.168224299065421,"Uganda / Iganga","Uganda / Iganga","Pooled","Pooled",469,46.9,30.0073042706574,12,30.0073028624068,30.0073028624068,48.2250396331885,50.1376208949352,42.8618625395519,TRUE,"Target achieved; safe withdrawal identified"
"PPT_00762","Push-Pull","Uganda","Admin2","Iganga","Nawanyingi","Nawanyingi",6,10000,30,24,0.603174603174603,0.168224299065421,"Uganda / Iganga","Uganda / Iganga","Pooled","Pooled",98,9.8,30.1442376994608,24,30.1442152749554,30.1442152749554,40.060498215286,41.9434677939884,38.2928047247153,TRUE,"Target achieved; safe withdrawal identified"
"PPT_00763","Push-Pull","Uganda","Admin2","Iganga","Nawanyingi","Nawanyingi",6,10000,30,36,0.603174603174603,0.168224299065421,"Uganda / Iganga","Uganda / Iganga","Pooled","Pooled",49,4.9,30.365881548964,36,30.3658431043371,30.3658431043371,36.6036756056144,37.9972875658493,35.714858628102,TRUE,"Target achieved; safe withdrawal identified"
"PPT_00764","Push-Pull","Uganda","Admin2","Iganga","Nawanyingi","Nawanyingi",6,10000,30,48,0.603174603174603,0.168224299065421,"Uganda / Iganga","Uganda / Iganga","Pooled","Pooled",31,3.1,30.2544087286004,48,30.2544002823467,30.2544002823467,34.6179270812225,35.6919124599988,34.0949905992604,TRUE,"Target achieved; safe withdrawal identified"
"PPT_00765","Push-Pull","Uganda","Admin2","Iganga","Nawanyingi","Nawanyingi",6,10000,30,60,0.603174603174603,0.168224299065421,"Uganda / Iganga","Uganda / Iganga","Pooled","Pooled",22,2.2,30.0588949512662,60,30.0588785353614,30.0588785353614,33.3304436976742,34.1897110285104,32.989766440454,TRUE,"Target achieved; safe withdrawal identified"
"PPT_00766","Push-Pull","Uganda","Admin2","Iganga","Nawanyingi","Nawanyingi",6,10000,40,12,0.603174603174603,0.168224299065421,"Uganda / Iganga","Uganda / Iganga","Pooled","Pooled",,,,,,,,,,FALSE,"Target not achieved with <= 500 ToTs"
"PPT_00767","Push-Pull","Uganda","Admin2","Iganga","Nawanyingi","Nawanyingi",6,10000,40,24,0.603174603174603,0.168224299065421,"Uganda / Iganga","Uganda / Iganga","Pooled","Pooled",175,17.5,40.003005289936,24,40.0030052415048,40.0030052415048,49.1741319983805,47.1300522573497,40.5124535121197,TRUE,"Target achieved; safe withdrawal identified"
"PPT_00768","Push-Pull","Uganda","Admin2","Iganga","Nawanyingi","Nawanyingi",6,10000,40,36,0.603174603174603,0.168224299065421,"Uganda / Iganga","Uganda / Iganga","Pooled","Pooled",82,8.2,40.0791942525909,,,,,,,FALSE,"Target achieved; continued support required within tested horizon"
"PPT_00769","Push-Pull","Uganda","Admin2","Iganga","Nawanyingi","Nawanyingi",6,10000,40,48,0.603174603174603,0.168224299065421,"Uganda / Iganga","Uganda / Iganga","Pooled","Pooled",53,5.3,40.3005351897701,,,,,,,FALSE,"Target achieved; continued support required within tested horizon"
"PPT_00770","Push-Pull","Uganda","Admin2","Iganga","Nawanyingi","Nawanyingi",6,10000,40,60,0.603174603174603,0.168224299065421,"Uganda / Iganga","Uganda / Iganga","Pooled","Pooled",39,3.9,40.2927572608423,,,,,,,FALSE,"Target achieved; continued support required within tested horizon"
"PPT_00771","Push-Pull","Uganda","Admin2","Iganga","Nawanyingi","Nawanyingi",6,10000,50,12,0.603174603174603,0.168224299065421,"Uganda / Iganga","Uganda / Iganga","Pooled","Pooled",,,,,,,,,,FALSE,"Target not achieved with <= 500 ToTs"
"PPT_00772","Push-Pull","Uganda","Admin2","Iganga","Nawanyingi","Nawanyingi",6,10000,50,24,0.603174603174603,0.168224299065421,"Uganda / Iganga","Uganda / Iganga","Pooled","Pooled",415,41.5,50.0014546868236,,,,,,,FALSE,"Target achieved; continued support required within tested horizon"
"PPT_00773","Push-Pull","Uganda","Admin2","Iganga","Nawanyingi","Nawanyingi",6,10000,50,36,0.603174603174603,0.168224299065421,"Uganda / Iganga","Uganda / Iganga","Pooled","Pooled",154,15.4,50.064126268564,,,,,,,FALSE,"Target achieved; continued support required within tested horizon"
"PPT_00774","Push-Pull","Uganda","Admin2","Iganga","Nawanyingi","Nawanyingi",6,10000,50,48,0.603174603174603,0.168224299065421,"Uganda / Iganga","Uganda / Iganga","Pooled","Pooled",99,9.9,50.1182389762043,,,,,,,FALSE,"Target achieved; continued support required within tested horizon"
"PPT_00775","Push-Pull","Uganda","Admin2","Iganga","Nawanyingi","Nawanyingi",6,10000,50,60,0.603174603174603,0.168224299065421,"Uganda / Iganga","Uganda / Iganga","Pooled","Pooled",78,7.8,50.0592281864594,,,,,,,FALSE,"Target achieved; continued support required within tested horizon"
"PPT_00776","Push-Pull","Uganda","Admin2","Iganga","Nawanyingi","Nawanyingi",6,10000,60,12,0.603174603174603,0.168224299065421,"Uganda / Iganga","Uganda / Iganga","Pooled","Pooled",,,,,,,,,,FALSE,"Target not achieved with <= 500 ToTs"
"PPT_00777","Push-Pull","Uganda","Admin2","Iganga","Nawanyingi","Nawanyingi",6,10000,60,24,0.603174603174603,0.168224299065421,"Uganda / Iganga","Uganda / Iganga","Pooled","Pooled",,,,,,,,,,FALSE,"Target not achieved with <= 500 ToTs"
"PPT_00778","Push-Pull","Uganda","Admin2","Iganga","Nawanyingi","Nawanyingi",6,10000,60,36,0.603174603174603,0.168224299065421,"Uganda / Iganga","Uganda / Iganga","Pooled","Pooled",,,,,,,,,,FALSE,"Target not achieved with <= 500 ToTs"
"PPT_00779","Push-Pull","Uganda","Admin2","Iganga","Nawanyingi","Nawanyingi",6,10000,60,48,0.603174603174603,0.168224299065421,"Uganda / Iganga","Uganda / Iganga","Pooled","Pooled",,,,,,,,,,FALSE,"Target not achieved with <= 500 ToTs"
"PPT_00780","Push-Pull","Uganda","Admin2","Iganga","Nawanyingi","Nawanyingi",6,10000,60,60,0.603174603174603,0.168224299065421,"Uganda / Iganga","Uganda / Iganga","Pooled","Pooled",,,,,,,,,,FALSE,"Target not achieved with <= 500 ToTs"
"PPT_00781","Push-Pull","Uganda","Admin2","Iganga","Other (specify)","Other (specify)",22,10000,10,12,0.448979591836735,0.340425531914894,"Uganda / Iganga / Other (specify)","Uganda / Iganga / Other (specify)","Pooled","Pooled",116,11.6,10.0408869490418,12,10.0408869573238,10.0408869573238,19.060941829153,21.0430275516898,17.9741869588466,TRUE,"Target achieved; safe withdrawal identified"
"PPT_00782","Push-Pull","Uganda","Admin2","Iganga","Other (specify)","Other (specify)",22,10000,10,24,0.448979591836735,0.340425531914894,"Uganda / Iganga / Other (specify)","Uganda / Iganga / Other (specify)","Pooled","Pooled",34,3.4,10.0553798631076,24,10.0553798628743,10.0553798628743,14.1640166936277,15.0673551106704,13.6001365796597,TRUE,"Target achieved; safe withdrawal identified"
"PPT_00783","Push-Pull","Uganda","Admin2","Iganga","Other (specify)","Other (specify)",22,10000,10,36,0.448979591836735,0.340425531914894,"Uganda / Iganga / Other (specify)","Uganda / Iganga / Other (specify)","Pooled","Pooled",19,1.9,10.3733760128273,36,10.3733713251148,10.3733713251148,12.8564314601341,13.2057355377451,12.0688168116748,TRUE,"Target achieved; safe withdrawal identified"
"PPT_00784","Push-Pull","Uganda","Admin2","Iganga","Other (specify)","Other (specify)",22,10000,10,48,0.448979591836735,0.340425531914894,"Uganda / Iganga / Other (specify)","Uganda / Iganga / Other (specify)","Pooled","Pooled",13,1.3,10.5205208998164,48,10.5205185558603,10.5205185558603,12.1862752646995,12.2307247262673,11.2340107332635,TRUE,"Target achieved; safe withdrawal identified"
"PPT_00785","Push-Pull","Uganda","Admin2","Iganga","Other (specify)","Other (specify)",22,10000,10,60,0.448979591836735,0.340425531914894,"Uganda / Iganga / Other (specify)","Uganda / Iganga / Other (specify)","Pooled","Pooled",10,1,10.705432640672,60,10.7054302683042,10.7054302683042,11.8960116590847,11.7329380986549,10.7861052888402,TRUE,"Target achieved; safe withdrawal identified"
"PPT_00786","Push-Pull","Uganda","Admin2","Iganga","Other (specify)","Other (specify)",22,10000,20,12,0.448979591836735,0.340425531914894,"Uganda / Iganga / Other (specify)","Uganda / Iganga / Other (specify)","Pooled","Pooled",364,36.4,20.0095640351908,12,20.0095640809115,20.0095640809115,32.4914639096126,30.943345347147,23.1250413029439,TRUE,"Target achieved; safe withdrawal identified"
"PPT_00787","Push-Pull","Uganda","Admin2","Iganga","Other (specify)","Other (specify)",22,10000,20,24,0.448979591836735,0.340425531914894,"Uganda / Iganga / Other (specify)","Uganda / Iganga / Other (specify)","Pooled","Pooled",87,8.7,20.0746895059225,,,,,,,FALSE,"Target achieved; continued support required within tested horizon"
"PPT_00788","Push-Pull","Uganda","Admin2","Iganga","Other (specify)","Other (specify)",22,10000,20,36,0.448979591836735,0.340425531914894,"Uganda / Iganga / Other (specify)","Uganda / Iganga / Other (specify)","Pooled","Pooled",46,4.6,20.1173943076004,,,,,,,FALSE,"Target achieved; continued support required within tested horizon"
"PPT_00789","Push-Pull","Uganda","Admin2","Iganga","Other (specify)","Other (specify)",22,10000,20,48,0.448979591836735,0.340425531914894,"Uganda / Iganga / Other (specify)","Uganda / Iganga / Other (specify)","Pooled","Pooled",32,3.2,20.3912450203541,,,,,,,FALSE,"Target achieved; continued support required within tested horizon"
"PPT_00790","Push-Pull","Uganda","Admin2","Iganga","Other (specify)","Other (specify)",22,10000,20,60,0.448979591836735,0.340425531914894,"Uganda / Iganga / Other (specify)","Uganda / Iganga / Other (specify)","Pooled","Pooled",25,2.5,20.4953682736735,,,,,,,FALSE,"Target achieved; continued support required within tested horizon"
"PPT_00791","Push-Pull","Uganda","Admin2","Iganga","Other (specify)","Other (specify)",22,10000,30,12,0.448979591836735,0.340425531914894,"Uganda / Iganga / Other (specify)","Uganda / Iganga / Other (specify)","Pooled","Pooled",,,,,,,,,,FALSE,"Target not achieved with <= 500 ToTs"
"PPT_00792","Push-Pull","Uganda","Admin2","Iganga","Other (specify)","Other (specify)",22,10000,30,24,0.448979591836735,0.340425531914894,"Uganda / Iganga / Other (specify)","Uganda / Iganga / Other (specify)","Pooled","Pooled",197,19.7,30.0092503402163,,,,,,,FALSE,"Target achieved; continued support required within tested horizon"
"PPT_00793","Push-Pull","Uganda","Admin2","Iganga","Other (specify)","Other (specify)",22,10000,30,36,0.448979591836735,0.340425531914894,"Uganda / Iganga / Other (specify)","Uganda / Iganga / Other (specify)","Pooled","Pooled",98,9.8,30.0785516497848,,,,,,,FALSE,"Target achieved; continued support required within tested horizon"
"PPT_00794","Push-Pull","Uganda","Admin2","Iganga","Other (specify)","Other (specify)",22,10000,30,48,0.448979591836735,0.340425531914894,"Uganda / Iganga / Other (specify)","Uganda / Iganga / Other (specify)","Pooled","Pooled",69,6.9,30.1316208020824,,,,,,,FALSE,"Target achieved; continued support required within tested horizon"
"PPT_00795","Push-Pull","Uganda","Admin2","Iganga","Other (specify)","Other (specify)",22,10000,30,60,0.448979591836735,0.340425531914894,"Uganda / Iganga / Other (specify)","Uganda / Iganga / Other (specify)","Pooled","Pooled",58,5.8,30.1611075765694,,,,,,,FALSE,"Target achieved; continued support required within tested horizon"
"PPT_00796","Push-Pull","Uganda","Admin2","Iganga","Other (specify)","Other (specify)",22,10000,40,12,0.448979591836735,0.340425531914894,"Uganda / Iganga / Other (specify)","Uganda / Iganga / Other (specify)","Pooled","Pooled",,,,,,,,,,FALSE,"Target not achieved with <= 500 ToTs"
"PPT_00797","Push-Pull","Uganda","Admin2","Iganga","Other (specify)","Other (specify)",22,10000,40,24,0.448979591836735,0.340425531914894,"Uganda / Iganga / Other (specify)","Uganda / Iganga / Other (specify)","Pooled","Pooled",,,,,,,,,,FALSE,"Target not achieved with <= 500 ToTs"
"PPT_00798","Push-Pull","Uganda","Admin2","Iganga","Other (specify)","Other (specify)",22,10000,40,36,0.448979591836735,0.340425531914894,"Uganda / Iganga / Other (specify)","Uganda / Iganga / Other (specify)","Pooled","Pooled",422,42.2,40.0001602820617,,,,,,,FALSE,"Target achieved; continued support required within tested horizon"
"PPT_00799","Push-Pull","Uganda","Admin2","Iganga","Other (specify)","Other (specify)",22,10000,40,48,0.448979591836735,0.340425531914894,"Uganda / Iganga / Other (specify)","Uganda / Iganga / Other (specify)","Pooled","Pooled",,,,,,,,,,FALSE,"Target not achieved with <= 500 ToTs"
"PPT_00800","Push-Pull","Uganda","Admin2","Iganga","Other (specify)","Other (specify)",22,10000,40,60,0.448979591836735,0.340425531914894,"Uganda / Iganga / Other (specify)","Uganda / Iganga / Other (specify)","Pooled","Pooled",,,,,,,,,,FALSE,"Target not achieved with <= 500 ToTs"
"PPT_00801","Push-Pull","Uganda","Admin2","Iganga","Other (specify)","Other (specify)",22,10000,50,12,0.448979591836735,0.340425531914894,"Uganda / Iganga / Other (specify)","Uganda / Iganga / Other (specify)","Pooled","Pooled",,,,,,,,,,FALSE,"Target not achieved with <= 500 ToTs"
"PPT_00802","Push-Pull","Uganda","Admin2","Iganga","Other (specify)","Other (specify)",22,10000,50,24,0.448979591836735,0.340425531914894,"Uganda / Iganga / Other (specify)","Uganda / Iganga / Other (specify)","Pooled","Pooled",,,,,,,,,,FALSE,"Target not achieved with <= 500 ToTs"
"PPT_00803","Push-Pull","Uganda","Admin2","Iganga","Other (specify)","Other (specify)",22,10000,50,36,0.448979591836735,0.340425531914894,"Uganda / Iganga / Other (specify)","Uganda / Iganga / Other (specify)","Pooled","Pooled",,,,,,,,,,FALSE,"Target not achieved with <= 500 ToTs"
"PPT_00804","Push-Pull","Uganda","Admin2","Iganga","Other (specify)","Other (specify)",22,10000,50,48,0.448979591836735,0.340425531914894,"Uganda / Iganga / Other (specify)","Uganda / Iganga / Other (specify)","Pooled","Pooled",,,,,,,,,,FALSE,"Target not achieved with <= 500 ToTs"
"PPT_00805","Push-Pull","Uganda","Admin2","Iganga","Other (specify)","Other (specify)",22,10000,50,60,0.448979591836735,0.340425531914894,"Uganda / Iganga / Other (specify)","Uganda / Iganga / Other (specify)","Pooled","Pooled",,,,,,,,,,FALSE,"Target not achieved with <= 500 ToTs"
"PPT_00806","Push-Pull","Uganda","Admin2","Iganga","Other (specify)","Other (specify)",22,10000,60,12,0.448979591836735,0.340425531914894,"Uganda / Iganga / Other (specify)","Uganda / Iganga / Other (specify)","Pooled","Pooled",,,,,,,,,,FALSE,"Target not achieved with <= 500 ToTs"
"PPT_00807","Push-Pull","Uganda","Admin2","Iganga","Other (specify)","Other (specify)",22,10000,60,24,0.448979591836735,0.340425531914894,"Uganda / Iganga / Other (specify)","Uganda / Iganga / Other (specify)","Pooled","Pooled",,,,,,,,,,FALSE,"Target not achieved with <= 500 ToTs"
"PPT_00808","Push-Pull","Uganda","Admin2","Iganga","Other (specify)","Other (specify)",22,10000,60,36,0.448979591836735,0.340425531914894,"Uganda / Iganga / Other (specify)","Uganda / Iganga / Other (specify)","Pooled","Pooled",,,,,,,,,,FALSE,"Target not achieved with <= 500 ToTs"
"PPT_00809","Push-Pull","Uganda","Admin2","Iganga","Other (specify)","Other (specify)",22,10000,60,48,0.448979591836735,0.340425531914894,"Uganda / Iganga / Other (specify)","Uganda / Iganga / Other (specify)","Pooled","Pooled",,,,,,,,,,FALSE,"Target not achieved with <= 500 ToTs"
"PPT_00810","Push-Pull","Uganda","Admin2","Iganga","Other (specify)","Other (specify)",22,10000,60,60,0.448979591836735,0.340425531914894,"Uganda / Iganga / Other (specify)","Uganda / Iganga / Other (specify)","Pooled","Pooled",,,,,,,,,,FALSE,"Target not achieved with <= 500 ToTs"
"PPT_00811","Push-Pull","Uganda","Admin2","Kamuli","Bugulumbya","Bugulumbya",3,10000,10,12,0.756923076923077,0.0411214953271028,"Uganda / Kamuli","Uganda / Kamuli","Pooled","Pooled",60,6,10.0832406368009,12,10.083240654625,10.083240654625,21.7378407447276,34.6651034706784,44.8532819653819,TRUE,"Target achieved; safe withdrawal identified"
"PPT_00812","Push-Pull","Uganda","Admin2","Kamuli","Bugulumbya","Bugulumbya",3,10000,10,24,0.756923076923077,0.0411214953271028,"Uganda / Kamuli","Uganda / Kamuli","Pooled","Pooled",18,1.8,10.5247679083675,24,10.5247679391059,10.5247679391059,17.0315031217056,26.9059015172748,36.922235343996,TRUE,"Target achieved; safe withdrawal identified"
"PPT_00813","Push-Pull","Uganda","Admin2","Kamuli","Bugulumbya","Bugulumbya",3,10000,10,36,0.756923076923077,0.0411214953271028,"Uganda / Kamuli","Uganda / Kamuli","Pooled","Pooled",9,0.9,10.6756489953463,36,10.6756542408917,10.6756542408917,15.5056272650896,24.2363090411573,33.9419887367666,TRUE,"Target achieved; safe withdrawal identified"
"PPT_00814","Push-Pull","Uganda","Admin2","Kamuli","Bugulumbya","Bugulumbya",3,10000,10,48,0.756923076923077,0.0411214953271028,"Uganda / Kamuli","Uganda / Kamuli","Pooled","Pooled",5,0.5,10.0118013747774,48,10.0118062047141,10.0118062047141,13.8410604151685,21.6702084295125,30.9801280190223,TRUE,"Target achieved; safe withdrawal identified"
"PPT_00815","Push-Pull","Uganda","Admin2","Kamuli","Bugulumbya","Bugulumbya",3,10000,10,60,0.756923076923077,0.0411214953271028,"Uganda / Kamuli","Uganda / Kamuli","Pooled","Pooled",4,0.4,12.0052381492707,60,12.0052431220686,12.0052431220686,15.9785063017188,24.3619077426118,34.0220025455349,TRUE,"Target achieved; safe withdrawal identified"
"PPT_00816","Push-Pull","Uganda","Admin2","Kamuli","Bugulumbya","Bugulumbya",3,10000,20,12,0.756923076923077,0.0411214953271028,"Uganda / Kamuli","Uganda / Kamuli","Pooled","Pooled",143,14.3,20.0426014963705,12,20.042601869245,20.042601869245,39.5887197137965,54.6192784381149,60.7813426151922,TRUE,"Target achieved; safe withdrawal identified"
"PPT_00817","Push-Pull","Uganda","Admin2","Kamuli","Bugulumbya","Bugulumbya",3,10000,20,24,0.756923076923077,0.0411214953271028,"Uganda / Kamuli","Uganda / Kamuli","Pooled","Pooled",39,3.9,20.3419895804611,24,20.3419895736854,20.3419895736854,31.1728482513334,43.7664631105187,52.5548432222968,TRUE,"Target achieved; safe withdrawal identified"
"PPT_00818","Push-Pull","Uganda","Admin2","Kamuli","Bugulumbya","Bugulumbya",3,10000,20,36,0.756923076923077,0.0411214953271028,"Uganda / Kamuli","Uganda / Kamuli","Pooled","Pooled",19,1.9,20.3561731426247,36,20.3561770048972,20.3561770048972,28.2417488624603,39.6474046525063,49.0265890756471,TRUE,"Target achieved; safe withdrawal identified"
"PPT_00819","Push-Pull","Uganda","Admin2","Kamuli","Bugulumbya","Bugulumbya",3,10000,20,48,0.756923076923077,0.0411214953271028,"Uganda / Kamuli","Uganda / Kamuli","Pooled","Pooled",12,1.2,21.3253382478384,48,21.3253403334276,21.3253403334276,28.0471233406953,38.9232489255902,48.3319095308211,TRUE,"Target achieved; safe withdrawal identified"
"PPT_00820","Push-Pull","Uganda","Admin2","Kamuli","Bugulumbya","Bugulumbya",3,10000,20,60,0.756923076923077,0.0411214953271028,"Uganda / Kamuli","Uganda / Kamuli","Pooled","Pooled",8,0.8,21.5900917685745,60,21.5901008280356,21.5901008280356,27.5882732652594,38.1266606328267,47.5934445462283,TRUE,"Target achieved; safe withdrawal identified"
"PPT_00821","Push-Pull","Uganda","Admin2","Kamuli","Bugulumbya","Bugulumbya",3,10000,30,12,0.756923076923077,0.0411214953271028,"Uganda / Kamuli","Uganda / Kamuli","Pooled","Pooled",276,27.6,30.0108604288049,12,30.0108562146106,30.0108562146106,53.7704505098843,66.5248144472482,67.9285118375667,TRUE,"Target achieved; safe withdrawal identified"
"PPT_00822","Push-Pull","Uganda","Admin2","Kamuli","Bugulumbya","Bugulumbya",3,10000,30,24,0.756923076923077,0.0411214953271028,"Uganda / Kamuli","Uganda / Kamuli","Pooled","Pooled",66,6.6,30.0728886190195,24,30.0728845905628,30.0728845905628,43.6051953912157,55.5445486022452,61.0436851122328,TRUE,"Target achieved; safe withdrawal identified"
"PPT_00823","Push-Pull","Uganda","Admin2","Kamuli","Bugulumbya","Bugulumbya",3,10000,30,36,0.756923076923077,0.0411214953271028,"Uganda / Kamuli","Uganda / Kamuli","Pooled","Pooled",32,3.2,30.3548373390309,36,30.3548325681312,30.3548325681312,40.1560299711786,51.2894679316119,57.998325031715,TRUE,"Target achieved; safe withdrawal identified"
"PPT_00824","Push-Pull","Uganda","Admin2","Kamuli","Bugulumbya","Bugulumbya",3,10000,30,48,0.756923076923077,0.0411214953271028,"Uganda / Kamuli","Uganda / Kamuli","Pooled","Pooled",19,1.9,30.2873301228368,48,30.2873266278049,30.2873266278049,38.2928911310871,48.9677211979435,56.2452405352256,TRUE,"Target achieved; safe withdrawal identified"
"PPT_00825","Push-Pull","Uganda","Admin2","Kamuli","Bugulumbya","Bugulumbya",3,10000,30,60,0.756923076923077,0.0411214953271028,"Uganda / Kamuli","Uganda / Kamuli","Pooled","Pooled",13,1.3,31.1026930025055,60,31.1026918060096,31.1026918060096,38.1756630060086,48.4648222323071,55.8061810644507,TRUE,"Target achieved; safe withdrawal identified"
"PPT_00826","Push-Pull","Uganda","Admin2","Kamuli","Bugulumbya","Bugulumbya",3,10000,40,12,0.756923076923077,0.0411214953271028,"Uganda / Kamuli","Uganda / Kamuli","Pooled","Pooled",,,,,,,,,,FALSE,"Target not achieved with <= 500 ToTs"
"PPT_00827","Push-Pull","Uganda","Admin2","Kamuli","Bugulumbya","Bugulumbya",3,10000,40,24,0.756923076923077,0.0411214953271028,"Uganda / Kamuli","Uganda / Kamuli","Pooled","Pooled",105,10.5,40.1225881655051,24,40.1225819877702,40.1225819877702,54.8085338033867,64.1566256058556,66.1614940114103,TRUE,"Target achieved; safe withdrawal identified"
"PPT_00828","Push-Pull","Uganda","Admin2","Kamuli","Bugulumbya","Bugulumbya",3,10000,40,36,0.756923076923077,0.0411214953271028,"Uganda / Kamuli","Uganda / Kamuli","Pooled","Pooled",49,4.9,40.2225324332113,36,40.222520693684,40.222520693684,50.7277709951441,59.7868106326845,63.4214960911034,TRUE,"Target achieved; safe withdrawal identified"
"PPT_00829","Push-Pull","Uganda","Admin2","Kamuli","Bugulumbya","Bugulumbya",3,10000,40,48,0.756923076923077,0.0411214953271028,"Uganda / Kamuli","Uganda / Kamuli","Pooled","Pooled",29,2.9,40.1507405684922,48,40.1507303876737,40.1507303876737,48.5925395913446,57.416409907593,61.8410607934128,TRUE,"Target achieved; safe withdrawal identified"
"PPT_00830","Push-Pull","Uganda","Admin2","Kamuli","Bugulumbya","Bugulumbya",3,10000,40,60,0.756923076923077,0.0411214953271028,"Uganda / Kamuli","Uganda / Kamuli","Pooled","Pooled",20,2,41.1494873158725,60,41.1494601434421,41.1494601434421,48.3996825505339,56.7890656471389,61.3452028728412,TRUE,"Target achieved; safe withdrawal identified"
"PPT_00831","Push-Pull","Uganda","Admin2","Kamuli","Bugulumbya","Bugulumbya",3,10000,50,12,0.756923076923077,0.0411214953271028,"Uganda / Kamuli","Uganda / Kamuli","Pooled","Pooled",,,,,,,,,,FALSE,"Target not achieved with <= 500 ToTs"
"PPT_00832","Push-Pull","Uganda","Admin2","Kamuli","Bugulumbya","Bugulumbya",3,10000,50,24,0.756923076923077,0.0411214953271028,"Uganda / Kamuli","Uganda / Kamuli","Pooled","Pooled",167,16.7,50.1101246028563,24,50.1101245437096,50.1101245437096,64.2180309991839,70.0256994041581,69.1147413687432,TRUE,"Target achieved; safe withdrawal identified"
"PPT_00833","Push-Pull","Uganda","Admin2","Kamuli","Bugulumbya","Bugulumbya",3,10000,50,36,0.756923076923077,0.0411214953271028,"Uganda / Kamuli","Uganda / Kamuli","Pooled","Pooled",74,7.4,50.3162233535274,36,50.3161914144795,50.3161914144795,60.328283947858,66.1914999507039,66.903418418794,TRUE,"Target achieved; safe withdrawal identified"
"PPT_00834","Push-Pull","Uganda","Admin2","Kamuli","Bugulumbya","Bugulumbya",3,10000,50,48,0.756923076923077,0.0411214953271028,"Uganda / Kamuli","Uganda / Kamuli","Pooled","Pooled",44,4.4,50.5667738034108,48,50.5667488622608,50.5667488622608,58.3829210274999,64.1079639188676,65.6124334256081,TRUE,"Target achieved; safe withdrawal identified"
"PPT_00835","Push-Pull","Uganda","Admin2","Kamuli","Bugulumbya","Bugulumbya",3,10000,50,60,0.756923076923077,0.0411214953271028,"Uganda / Kamuli","Uganda / Kamuli","Pooled","Pooled",29,2.9,50.3281431159673,60,50.3281293065465,50.3281293065465,56.9052342901711,62.626120571484,64.6774051815504,TRUE,"Target achieved; safe withdrawal identified"
"PPT_00836","Push-Pull","Uganda","Admin2","Kamuli","Bugulumbya","Bugulumbya",3,10000,60,12,0.756923076923077,0.0411214953271028,"Uganda / Kamuli","Uganda / Kamuli","Pooled","Pooled",,,,,,,,,,FALSE,"Target not achieved with <= 500 ToTs"
"PPT_00837","Push-Pull","Uganda","Admin2","Kamuli","Bugulumbya","Bugulumbya",3,10000,60,24,0.756923076923077,0.0411214953271028,"Uganda / Kamuli","Uganda / Kamuli","Pooled","Pooled",299,29.9,60.0145219886474,24,60.0145095441793,60.0145095441793,71.6113405215608,73.5904007578343,70.6066177636598,TRUE,"Target achieved; safe withdrawal identified"
"PPT_00838","Push-Pull","Uganda","Admin2","Kamuli","Bugulumbya","Bugulumbya",3,10000,60,36,0.756923076923077,0.0411214953271028,"Uganda / Kamuli","Uganda / Kamuli","Pooled","Pooled",114,11.4,60.0696063864841,36,60.0695494873503,60.0695494873503,68.3750467807414,70.6086410420437,68.9576411401355,TRUE,"Target achieved; safe withdrawal identified"
"PPT_00839","Push-Pull","Uganda","Admin2","Kamuli","Bugulumbya","Bugulumbya",3,10000,60,48,0.756923076923077,0.0411214953271028,"Uganda / Kamuli","Uganda / Kamuli","Pooled","Pooled",66,6.6,60.1579763195044,48,60.1579540540581,60.1579540540581,66.3874815381199,68.6576601295858,67.8084140623307,TRUE,"Target achieved; safe withdrawal identified"
"PPT_00840","Push-Pull","Uganda","Admin2","Kamuli","Bugulumbya","Bugulumbya",3,10000,60,60,0.756923076923077,0.0411214953271028,"Uganda / Kamuli","Uganda / Kamuli","Pooled","Pooled",44,4.4,60.0833487176818,60,60.0833250337152,60.0833250337152,65.0613868790129,67.3475856128619,67.0062650893387,TRUE,"Target achieved; safe withdrawal identified"
"PPT_00841","Push-Pull","Uganda","Admin2","Kamuli","Bulopa","Bulopa",20,10000,10,12,1,0,"Uganda / Kamuli / Bulopa","Uganda / Kamuli / Bulopa","Pooled","Pooled",46,4.6,10.0551735585788,12,10.0551754450152,10.0551754450152,21.5337401359018,36.7710010510964,51.9179551183648,TRUE,"Target achieved; safe withdrawal identified"
"PPT_00842","Push-Pull","Uganda","Admin2","Kamuli","Bulopa","Bulopa",20,10000,10,24,1,0,"Uganda / Kamuli / Bulopa","Uganda / Kamuli / Bulopa","Pooled","Pooled",14,1.4,10.411113199962,24,10.4111132036343,10.4111132036343,17.0903689483424,29.3456579791115,43.9162611662456,TRUE,"Target achieved; safe withdrawal identified"
"PPT_00843","Push-Pull","Uganda","Admin2","Kamuli","Bulopa","Bulopa",20,10000,10,36,1,0,"Uganda / Kamuli / Bulopa","Uganda / Kamuli / Bulopa","Pooled","Pooled",7,0.7,10.6360141539142,36,10.6360152020105,10.6360152020105,15.8783635027924,27.1581220011119,41.3609782645518,TRUE,"Target achieved; safe withdrawal identified"
"PPT_00844","Push-Pull","Uganda","Admin2","Kamuli","Bulopa","Bulopa",20,10000,10,48,1,0,"Uganda / Kamuli / Bulopa","Uganda / Kamuli / Bulopa","Pooled","Pooled",4,0.4,10.4488687632284,48,10.4488719359373,10.4488719359373,14.9409052335054,25.5782252773055,39.4610546268538,TRUE,"Target achieved; safe withdrawal identified"
"PPT_00845","Push-Pull","Uganda","Admin2","Kamuli","Bulopa","Bulopa",20,10000,10,60,1,0,"Uganda / Kamuli / Bulopa","Uganda / Kamuli / Bulopa","Pooled","Pooled",3,0.3,12.187919880787,60,12.187920188411,12.187920188411,16.8899118027928,28.2949847697051,42.6743529117684,TRUE,"Target achieved; safe withdrawal identified"
"PPT_00846","Push-Pull","Uganda","Admin2","Kamuli","Bulopa","Bulopa",20,10000,20,12,1,0,"Uganda / Kamuli / Bulopa","Uganda / Kamuli / Bulopa","Pooled","Pooled",105,10.5,20.0131179490847,12,20.013118045954,20.013118045954,39.7055616052324,58.3581030106989,70.2811042408239,TRUE,"Target achieved; safe withdrawal identified"
"PPT_00847","Push-Pull","Uganda","Admin2","Kamuli","Bulopa","Bulopa",20,10000,20,24,1,0,"Uganda / Kamuli / Bulopa","Uganda / Kamuli / Bulopa","Pooled","Pooled",30,3,20.2901981866874,24,20.2901983437169,20.2901983437169,31.6270311188817,47.987573832593,62.1680262792347,TRUE,"Target achieved; safe withdrawal identified"
"PPT_00848","Push-Pull","Uganda","Admin2","Kamuli","Bulopa","Bulopa",20,10000,20,36,1,0,"Uganda / Kamuli / Bulopa","Uganda / Kamuli / Bulopa","Pooled","Pooled",15,1.5,20.7909802876969,36,20.7909802884346,20.7909802884346,29.6232313118265,45.0418488147328,59.6077017008549,TRUE,"Target achieved; safe withdrawal identified"
"PPT_00849","Push-Pull","Uganda","Admin2","Kamuli","Bulopa","Bulopa",20,10000,20,48,1,0,"Uganda / Kamuli / Bulopa","Uganda / Kamuli / Bulopa","Pooled","Pooled",9,0.9,21.2770545421101,48,21.2770549622859,21.2770549622859,29.0307403519865,44.0356870145354,58.7011519679476,TRUE,"Target achieved; safe withdrawal identified"
"PPT_00850","Push-Pull","Uganda","Admin2","Kamuli","Bulopa","Bulopa",20,10000,20,60,1,0,"Uganda / Kamuli / Bulopa","Uganda / Kamuli / Bulopa","Pooled","Pooled",6,0.6,22.1295837369856,60,22.1296032070261,22.1296032070261,29.4161959217617,44.296804396973,58.9244470197697,TRUE,"Target achieved; safe withdrawal identified"
"PPT_00851","Push-Pull","Uganda","Admin2","Kamuli","Bulopa","Bulopa",20,10000,30,12,1,0,"Uganda / Kamuli / Bulopa","Uganda / Kamuli / Bulopa","Pooled","Pooled",188,18.8,30.0739266420515,12,30.0739212202278,30.0739212202278,55.0112512646913,72.0481746012126,79.0728902946805,TRUE,"Target achieved; safe withdrawal identified"
"PPT_00852","Push-Pull","Uganda","Admin2","Kamuli","Bulopa","Bulopa",20,10000,30,24,1,0,"Uganda / Kamuli / Bulopa","Uganda / Kamuli / Bulopa","Pooled","Pooled",50,5,30.2823447588136,24,30.2823447573693,30.2823447573693,44.786801461668,61.304853757308,72.2338573207063,TRUE,"Target achieved; safe withdrawal identified"
"PPT_00853","Push-Pull","Uganda","Admin2","Kamuli","Bulopa","Bulopa",20,10000,30,36,1,0,"Uganda / Kamuli / Bulopa","Uganda / Kamuli / Bulopa","Pooled","Pooled",24,2.4,30.2243311636362,36,30.2243311976154,30.2243311976154,41.2518333019893,57.2074677112915,69.317253303356,TRUE,"Target achieved; safe withdrawal identified"
"PPT_00854","Push-Pull","Uganda","Admin2","Kamuli","Bulopa","Bulopa",20,10000,30,48,1,0,"Uganda / Kamuli / Bulopa","Uganda / Kamuli / Bulopa","Pooled","Pooled",14,1.4,30.1985377191964,48,30.1985379147958,30.1985379147958,39.6629685699028,55.2881028089468,67.8865098799317,TRUE,"Target achieved; safe withdrawal identified"
"PPT_00855","Push-Pull","Uganda","Admin2","Kamuli","Bulopa","Bulopa",20,10000,30,60,1,0,"Uganda / Kamuli / Bulopa","Uganda / Kamuli / Bulopa","Pooled","Pooled",9,0.9,30.3787448418304,60,30.3787450663593,30.3787450663593,39.0303860361948,54.4525873525336,67.2479185503603,TRUE,"Target achieved; safe withdrawal identified"
"PPT_00856","Push-Pull","Uganda","Admin2","Kamuli","Bulopa","Bulopa",20,10000,40,12,1,0,"Uganda / Kamuli / Bulopa","Uganda / Kamuli / Bulopa","Pooled","Pooled",318,31.8,40.0154757418055,12,40.0154752527542,40.0154752527542,67.0528175368623,80.5283357493854,83.6241798420227,TRUE,"Target achieved; safe withdrawal identified"
"PPT_00857","Push-Pull","Uganda","Admin2","Kamuli","Bulopa","Bulopa",20,10000,40,24,1,0,"Uganda / Kamuli / Bulopa","Uganda / Kamuli / Bulopa","Pooled","Pooled",76,7.6,40.3256304092901,24,40.3256270278971,40.3256270278971,56.5316935530895,70.9828971632568,78.3269916062601,TRUE,"Target achieved; safe withdrawal identified"
"PPT_00858","Push-Pull","Uganda","Admin2","Kamuli","Bulopa","Bulopa",20,10000,40,36,1,0,"Uganda / Kamuli / Bulopa","Uganda / Kamuli / Bulopa","Pooled","Pooled",36,3.6,40.2889151307998,36,40.2889150805179,40.2889150805179,52.5291254861415,66.9811777941608,75.868694535568,TRUE,"Target achieved; safe withdrawal identified"
"PPT_00859","Push-Pull","Uganda","Admin2","Kamuli","Bulopa","Bulopa",20,10000,40,48,1,0,"Uganda / Kamuli / Bulopa","Uganda / Kamuli / Bulopa","Pooled","Pooled",21,2.1,40.2608438976783,48,40.260843872302,40.260843872302,50.6741065445026,65.0450416418392,74.6245978017198,TRUE,"Target achieved; safe withdrawal identified"
"PPT_00860","Push-Pull","Uganda","Admin2","Kamuli","Bulopa","Bulopa",20,10000,40,60,1,0,"Uganda / Kamuli / Bulopa","Uganda / Kamuli / Bulopa","Pooled","Pooled",14,1.4,41.3212942809891,60,41.3212942601971,41.3212942601971,50.7743479394856,64.8713225004767,74.498731366629,TRUE,"Target achieved; safe withdrawal identified"
"PPT_00861","Push-Pull","Uganda","Admin2","Kamuli","Bulopa","Bulopa",20,10000,50,12,1,0,"Uganda / Kamuli / Bulopa","Uganda / Kamuli / Bulopa","Pooled","Pooled",,,,,,,,,,FALSE,"Target not achieved with <= 500 ToTs"
"PPT_00862","Push-Pull","Uganda","Admin2","Kamuli","Bulopa","Bulopa",20,10000,50,24,1,0,"Uganda / Kamuli / Bulopa","Uganda / Kamuli / Bulopa","Pooled","Pooled",111,11.1,50.1344049819888,24,50.1343866162931,50.1343866162931,66.5960402437414,77.8959309155867,82.1298183713635,TRUE,"Target achieved; safe withdrawal identified"
"PPT_00863","Push-Pull","Uganda","Admin2","Kamuli","Bulopa","Bulopa",20,10000,50,36,1,0,"Uganda / Kamuli / Bulopa","Uganda / Kamuli / Bulopa","Pooled","Pooled",52,5.2,50.4473061936094,36,50.4472935484432,50.4472935484432,62.7849077318391,74.443621410071,80.223551436173,TRUE,"Target achieved; safe withdrawal identified"
"PPT_00864","Push-Pull","Uganda","Admin2","Kamuli","Bulopa","Bulopa",20,10000,50,48,1,0,"Uganda / Kamuli / Bulopa","Uganda / Kamuli / Bulopa","Pooled","Pooled",30,3,50.1568757864503,48,50.1568755753383,50.1568755753383,60.5473810226735,72.4380773415275,79.0744590478701,TRUE,"Target achieved; safe withdrawal identified"
"PPT_00865","Push-Pull","Uganda","Admin2","Kamuli","Bulopa","Bulopa",20,10000,50,60,1,0,"Uganda / Kamuli / Bulopa","Uganda / Kamuli / Bulopa","Pooled","Pooled",20,2,51.1524661718048,60,51.1524345568213,51.1524345568213,60.4057169295548,72.0662789392602,78.8458291213339,TRUE,"Target achieved; safe withdrawal identified"
"PPT_00866","Push-Pull","Uganda","Admin2","Kamuli","Bulopa","Bulopa",20,10000,60,12,1,0,"Uganda / Kamuli / Bulopa","Uganda / Kamuli / Bulopa","Pooled","Pooled",,,,,,,,,,FALSE,"Target not achieved with <= 500 ToTs"
"PPT_00867","Push-Pull","Uganda","Admin2","Kamuli","Bulopa","Bulopa",20,10000,60,24,1,0,"Uganda / Kamuli / Bulopa","Uganda / Kamuli / Bulopa","Pooled","Pooled",166,16.6,60.1173708755921,24,60.1173705854113,60.1173705854113,75.3659136583328,82.9644508486079,84.6411934344146,TRUE,"Target achieved; safe withdrawal identified"
"PPT_00868","Push-Pull","Uganda","Admin2","Kamuli","Bulopa","Bulopa",20,10000,60,36,1,0,"Uganda / Kamuli / Bulopa","Uganda / Kamuli / Bulopa","Pooled","Pooled",74,7.4,60.3004551393223,36,60.3004545197275,60.3004545197275,71.6699401993049,79.9531597888869,83.1076427463535,TRUE,"Target achieved; safe withdrawal identified"
"PPT_00869","Push-Pull","Uganda","Admin2","Kamuli","Bulopa","Bulopa",20,10000,60,48,1,0,"Uganda / Kamuli / Bulopa","Uganda / Kamuli / Bulopa","Pooled","Pooled",43,4.3,60.3748990685575,48,60.3748867473703,60.3748867473703,69.7847162676415,78.3599904254544,82.2673415284013,TRUE,"Target achieved; safe withdrawal identified"
"PPT_00870","Push-Pull","Uganda","Admin2","Kamuli","Bulopa","Bulopa",20,10000,60,60,1,0,"Uganda / Kamuli / Bulopa","Uganda / Kamuli / Bulopa","Pooled","Pooled",28,2.8,60.5649762410527,60,60.5649631435111,60.5649631435111,68.8500906967337,77.5204115763961,81.8145585852212,TRUE,"Target achieved; safe withdrawal identified"
"PPT_00871","Push-Pull","Uganda","Admin2","Kamuli","Kisozi","Kisozi",3,10000,10,12,0.756923076923077,0.0411214953271028,"Uganda / Kamuli","Uganda / Kamuli","Pooled","Pooled",60,6,10.0832406368009,12,10.083240654625,10.083240654625,21.7378407447276,34.6651034706784,44.8532819653819,TRUE,"Target achieved; safe withdrawal identified"
"PPT_00872","Push-Pull","Uganda","Admin2","Kamuli","Kisozi","Kisozi",3,10000,10,24,0.756923076923077,0.0411214953271028,"Uganda / Kamuli","Uganda / Kamuli","Pooled","Pooled",18,1.8,10.5247679083675,24,10.5247679391059,10.5247679391059,17.0315031217056,26.9059015172748,36.922235343996,TRUE,"Target achieved; safe withdrawal identified"
"PPT_00873","Push-Pull","Uganda","Admin2","Kamuli","Kisozi","Kisozi",3,10000,10,36,0.756923076923077,0.0411214953271028,"Uganda / Kamuli","Uganda / Kamuli","Pooled","Pooled",9,0.9,10.6756489953463,36,10.6756542408917,10.6756542408917,15.5056272650896,24.2363090411573,33.9419887367666,TRUE,"Target achieved; safe withdrawal identified"
"PPT_00874","Push-Pull","Uganda","Admin2","Kamuli","Kisozi","Kisozi",3,10000,10,48,0.756923076923077,0.0411214953271028,"Uganda / Kamuli","Uganda / Kamuli","Pooled","Pooled",5,0.5,10.0118013747774,48,10.0118062047141,10.0118062047141,13.8410604151685,21.6702084295125,30.9801280190223,TRUE,"Target achieved; safe withdrawal identified"
"PPT_00875","Push-Pull","Uganda","Admin2","Kamuli","Kisozi","Kisozi",3,10000,10,60,0.756923076923077,0.0411214953271028,"Uganda / Kamuli","Uganda / Kamuli","Pooled","Pooled",4,0.4,12.0052381492707,60,12.0052431220686,12.0052431220686,15.9785063017188,24.3619077426118,34.0220025455349,TRUE,"Target achieved; safe withdrawal identified"
"PPT_00876","Push-Pull","Uganda","Admin2","Kamuli","Kisozi","Kisozi",3,10000,20,12,0.756923076923077,0.0411214953271028,"Uganda / Kamuli","Uganda / Kamuli","Pooled","Pooled",143,14.3,20.0426014963705,12,20.042601869245,20.042601869245,39.5887197137965,54.6192784381149,60.7813426151922,TRUE,"Target achieved; safe withdrawal identified"
"PPT_00877","Push-Pull","Uganda","Admin2","Kamuli","Kisozi","Kisozi",3,10000,20,24,0.756923076923077,0.0411214953271028,"Uganda / Kamuli","Uganda / Kamuli","Pooled","Pooled",39,3.9,20.3419895804611,24,20.3419895736854,20.3419895736854,31.1728482513334,43.7664631105187,52.5548432222968,TRUE,"Target achieved; safe withdrawal identified"
"PPT_00878","Push-Pull","Uganda","Admin2","Kamuli","Kisozi","Kisozi",3,10000,20,36,0.756923076923077,0.0411214953271028,"Uganda / Kamuli","Uganda / Kamuli","Pooled","Pooled",19,1.9,20.3561731426247,36,20.3561770048972,20.3561770048972,28.2417488624603,39.6474046525063,49.0265890756471,TRUE,"Target achieved; safe withdrawal identified"
"PPT_00879","Push-Pull","Uganda","Admin2","Kamuli","Kisozi","Kisozi",3,10000,20,48,0.756923076923077,0.0411214953271028,"Uganda / Kamuli","Uganda / Kamuli","Pooled","Pooled",12,1.2,21.3253382478384,48,21.3253403334276,21.3253403334276,28.0471233406953,38.9232489255902,48.3319095308211,TRUE,"Target achieved; safe withdrawal identified"
"PPT_00880","Push-Pull","Uganda","Admin2","Kamuli","Kisozi","Kisozi",3,10000,20,60,0.756923076923077,0.0411214953271028,"Uganda / Kamuli","Uganda / Kamuli","Pooled","Pooled",8,0.8,21.5900917685745,60,21.5901008280356,21.5901008280356,27.5882732652594,38.1266606328267,47.5934445462283,TRUE,"Target achieved; safe withdrawal identified"
"PPT_00881","Push-Pull","Uganda","Admin2","Kamuli","Kisozi","Kisozi",3,10000,30,12,0.756923076923077,0.0411214953271028,"Uganda / Kamuli","Uganda / Kamuli","Pooled","Pooled",276,27.6,30.0108604288049,12,30.0108562146106,30.0108562146106,53.7704505098843,66.5248144472482,67.9285118375667,TRUE,"Target achieved; safe withdrawal identified"
"PPT_00882","Push-Pull","Uganda","Admin2","Kamuli","Kisozi","Kisozi",3,10000,30,24,0.756923076923077,0.0411214953271028,"Uganda / Kamuli","Uganda / Kamuli","Pooled","Pooled",66,6.6,30.0728886190195,24,30.0728845905628,30.0728845905628,43.6051953912157,55.5445486022452,61.0436851122328,TRUE,"Target achieved; safe withdrawal identified"
"PPT_00883","Push-Pull","Uganda","Admin2","Kamuli","Kisozi","Kisozi",3,10000,30,36,0.756923076923077,0.0411214953271028,"Uganda / Kamuli","Uganda / Kamuli","Pooled","Pooled",32,3.2,30.3548373390309,36,30.3548325681312,30.3548325681312,40.1560299711786,51.2894679316119,57.998325031715,TRUE,"Target achieved; safe withdrawal identified"
"PPT_00884","Push-Pull","Uganda","Admin2","Kamuli","Kisozi","Kisozi",3,10000,30,48,0.756923076923077,0.0411214953271028,"Uganda / Kamuli","Uganda / Kamuli","Pooled","Pooled",19,1.9,30.2873301228368,48,30.2873266278049,30.2873266278049,38.2928911310871,48.9677211979435,56.2452405352256,TRUE,"Target achieved; safe withdrawal identified"
"PPT_00885","Push-Pull","Uganda","Admin2","Kamuli","Kisozi","Kisozi",3,10000,30,60,0.756923076923077,0.0411214953271028,"Uganda / Kamuli","Uganda / Kamuli","Pooled","Pooled",13,1.3,31.1026930025055,60,31.1026918060096,31.1026918060096,38.1756630060086,48.4648222323071,55.8061810644507,TRUE,"Target achieved; safe withdrawal identified"
"PPT_00886","Push-Pull","Uganda","Admin2","Kamuli","Kisozi","Kisozi",3,10000,40,12,0.756923076923077,0.0411214953271028,"Uganda / Kamuli","Uganda / Kamuli","Pooled","Pooled",,,,,,,,,,FALSE,"Target not achieved with <= 500 ToTs"
"PPT_00887","Push-Pull","Uganda","Admin2","Kamuli","Kisozi","Kisozi",3,10000,40,24,0.756923076923077,0.0411214953271028,"Uganda / Kamuli","Uganda / Kamuli","Pooled","Pooled",105,10.5,40.1225881655051,24,40.1225819877702,40.1225819877702,54.8085338033867,64.1566256058556,66.1614940114103,TRUE,"Target achieved; safe withdrawal identified"
"PPT_00888","Push-Pull","Uganda","Admin2","Kamuli","Kisozi","Kisozi",3,10000,40,36,0.756923076923077,0.0411214953271028,"Uganda / Kamuli","Uganda / Kamuli","Pooled","Pooled",49,4.9,40.2225324332113,36,40.222520693684,40.222520693684,50.7277709951441,59.7868106326845,63.4214960911034,TRUE,"Target achieved; safe withdrawal identified"
"PPT_00889","Push-Pull","Uganda","Admin2","Kamuli","Kisozi","Kisozi",3,10000,40,48,0.756923076923077,0.0411214953271028,"Uganda / Kamuli","Uganda / Kamuli","Pooled","Pooled",29,2.9,40.1507405684922,48,40.1507303876737,40.1507303876737,48.5925395913446,57.416409907593,61.8410607934128,TRUE,"Target achieved; safe withdrawal identified"
"PPT_00890","Push-Pull","Uganda","Admin2","Kamuli","Kisozi","Kisozi",3,10000,40,60,0.756923076923077,0.0411214953271028,"Uganda / Kamuli","Uganda / Kamuli","Pooled","Pooled",20,2,41.1494873158725,60,41.1494601434421,41.1494601434421,48.3996825505339,56.7890656471389,61.3452028728412,TRUE,"Target achieved; safe withdrawal identified"
"PPT_00891","Push-Pull","Uganda","Admin2","Kamuli","Kisozi","Kisozi",3,10000,50,12,0.756923076923077,0.0411214953271028,"Uganda / Kamuli","Uganda / Kamuli","Pooled","Pooled",,,,,,,,,,FALSE,"Target not achieved with <= 500 ToTs"
"PPT_00892","Push-Pull","Uganda","Admin2","Kamuli","Kisozi","Kisozi",3,10000,50,24,0.756923076923077,0.0411214953271028,"Uganda / Kamuli","Uganda / Kamuli","Pooled","Pooled",167,16.7,50.1101246028563,24,50.1101245437096,50.1101245437096,64.2180309991839,70.0256994041581,69.1147413687432,TRUE,"Target achieved; safe withdrawal identified"
"PPT_00893","Push-Pull","Uganda","Admin2","Kamuli","Kisozi","Kisozi",3,10000,50,36,0.756923076923077,0.0411214953271028,"Uganda / Kamuli","Uganda / Kamuli","Pooled","Pooled",74,7.4,50.3162233535274,36,50.3161914144795,50.3161914144795,60.328283947858,66.1914999507039,66.903418418794,TRUE,"Target achieved; safe withdrawal identified"
"PPT_00894","Push-Pull","Uganda","Admin2","Kamuli","Kisozi","Kisozi",3,10000,50,48,0.756923076923077,0.0411214953271028,"Uganda / Kamuli","Uganda / Kamuli","Pooled","Pooled",44,4.4,50.5667738034108,48,50.5667488622608,50.5667488622608,58.3829210274999,64.1079639188676,65.6124334256081,TRUE,"Target achieved; safe withdrawal identified"
"PPT_00895","Push-Pull","Uganda","Admin2","Kamuli","Kisozi","Kisozi",3,10000,50,60,0.756923076923077,0.0411214953271028,"Uganda / Kamuli","Uganda / Kamuli","Pooled","Pooled",29,2.9,50.3281431159673,60,50.3281293065465,50.3281293065465,56.9052342901711,62.626120571484,64.6774051815504,TRUE,"Target achieved; safe withdrawal identified"
"PPT_00896","Push-Pull","Uganda","Admin2","Kamuli","Kisozi","Kisozi",3,10000,60,12,0.756923076923077,0.0411214953271028,"Uganda / Kamuli","Uganda / Kamuli","Pooled","Pooled",,,,,,,,,,FALSE,"Target not achieved with <= 500 ToTs"
"PPT_00897","Push-Pull","Uganda","Admin2","Kamuli","Kisozi","Kisozi",3,10000,60,24,0.756923076923077,0.0411214953271028,"Uganda / Kamuli","Uganda / Kamuli","Pooled","Pooled",299,29.9,60.0145219886474,24,60.0145095441793,60.0145095441793,71.6113405215608,73.5904007578343,70.6066177636598,TRUE,"Target achieved; safe withdrawal identified"
"PPT_00898","Push-Pull","Uganda","Admin2","Kamuli","Kisozi","Kisozi",3,10000,60,36,0.756923076923077,0.0411214953271028,"Uganda / Kamuli","Uganda / Kamuli","Pooled","Pooled",114,11.4,60.0696063864841,36,60.0695494873503,60.0695494873503,68.3750467807414,70.6086410420437,68.9576411401355,TRUE,"Target achieved; safe withdrawal identified"
"PPT_00899","Push-Pull","Uganda","Admin2","Kamuli","Kisozi","Kisozi",3,10000,60,48,0.756923076923077,0.0411214953271028,"Uganda / Kamuli","Uganda / Kamuli","Pooled","Pooled",66,6.6,60.1579763195044,48,60.1579540540581,60.1579540540581,66.3874815381199,68.6576601295858,67.8084140623307,TRUE,"Target achieved; safe withdrawal identified"
"PPT_00900","Push-Pull","Uganda","Admin2","Kamuli","Kisozi","Kisozi",3,10000,60,60,0.756923076923077,0.0411214953271028,"Uganda / Kamuli","Uganda / Kamuli","Pooled","Pooled",44,4.4,60.0833487176818,60,60.0833250337152,60.0833250337152,65.0613868790129,67.3475856128619,67.0062650893387,TRUE,"Target achieved; safe withdrawal identified"
"PPT_00901","Push-Pull","Uganda","Admin2","Kamuli","Kitayunjwa","Kitayunjwa",9,10000,10,12,0.756923076923077,0.0411214953271028,"Uganda / Kamuli","Uganda / Kamuli","Pooled","Pooled",60,6,10.0832406368009,12,10.083240654625,10.083240654625,21.7378407447276,34.6651034706784,44.8532819653819,TRUE,"Target achieved; safe withdrawal identified"
"PPT_00902","Push-Pull","Uganda","Admin2","Kamuli","Kitayunjwa","Kitayunjwa",9,10000,10,24,0.756923076923077,0.0411214953271028,"Uganda / Kamuli","Uganda / Kamuli","Pooled","Pooled",18,1.8,10.5247679083675,24,10.5247679391059,10.5247679391059,17.0315031217056,26.9059015172748,36.922235343996,TRUE,"Target achieved; safe withdrawal identified"
"PPT_00903","Push-Pull","Uganda","Admin2","Kamuli","Kitayunjwa","Kitayunjwa",9,10000,10,36,0.756923076923077,0.0411214953271028,"Uganda / Kamuli","Uganda / Kamuli","Pooled","Pooled",9,0.9,10.6756489953463,36,10.6756542408917,10.6756542408917,15.5056272650896,24.2363090411573,33.9419887367666,TRUE,"Target achieved; safe withdrawal identified"
"PPT_00904","Push-Pull","Uganda","Admin2","Kamuli","Kitayunjwa","Kitayunjwa",9,10000,10,48,0.756923076923077,0.0411214953271028,"Uganda / Kamuli","Uganda / Kamuli","Pooled","Pooled",5,0.5,10.0118013747774,48,10.0118062047141,10.0118062047141,13.8410604151685,21.6702084295125,30.9801280190223,TRUE,"Target achieved; safe withdrawal identified"
"PPT_00905","Push-Pull","Uganda","Admin2","Kamuli","Kitayunjwa","Kitayunjwa",9,10000,10,60,0.756923076923077,0.0411214953271028,"Uganda / Kamuli","Uganda / Kamuli","Pooled","Pooled",4,0.4,12.0052381492707,60,12.0052431220686,12.0052431220686,15.9785063017188,24.3619077426118,34.0220025455349,TRUE,"Target achieved; safe withdrawal identified"
"PPT_00906","Push-Pull","Uganda","Admin2","Kamuli","Kitayunjwa","Kitayunjwa",9,10000,20,12,0.756923076923077,0.0411214953271028,"Uganda / Kamuli","Uganda / Kamuli","Pooled","Pooled",143,14.3,20.0426014963705,12,20.042601869245,20.042601869245,39.5887197137965,54.6192784381149,60.7813426151922,TRUE,"Target achieved; safe withdrawal identified"
"PPT_00907","Push-Pull","Uganda","Admin2","Kamuli","Kitayunjwa","Kitayunjwa",9,10000,20,24,0.756923076923077,0.0411214953271028,"Uganda / Kamuli","Uganda / Kamuli","Pooled","Pooled",39,3.9,20.3419895804611,24,20.3419895736854,20.3419895736854,31.1728482513334,43.7664631105187,52.5548432222968,TRUE,"Target achieved; safe withdrawal identified"
"PPT_00908","Push-Pull","Uganda","Admin2","Kamuli","Kitayunjwa","Kitayunjwa",9,10000,20,36,0.756923076923077,0.0411214953271028,"Uganda / Kamuli","Uganda / Kamuli","Pooled","Pooled",19,1.9,20.3561731426247,36,20.3561770048972,20.3561770048972,28.2417488624603,39.6474046525063,49.0265890756471,TRUE,"Target achieved; safe withdrawal identified"
"PPT_00909","Push-Pull","Uganda","Admin2","Kamuli","Kitayunjwa","Kitayunjwa",9,10000,20,48,0.756923076923077,0.0411214953271028,"Uganda / Kamuli","Uganda / Kamuli","Pooled","Pooled",12,1.2,21.3253382478384,48,21.3253403334276,21.3253403334276,28.0471233406953,38.9232489255902,48.3319095308211,TRUE,"Target achieved; safe withdrawal identified"
"PPT_00910","Push-Pull","Uganda","Admin2","Kamuli","Kitayunjwa","Kitayunjwa",9,10000,20,60,0.756923076923077,0.0411214953271028,"Uganda / Kamuli","Uganda / Kamuli","Pooled","Pooled",8,0.8,21.5900917685745,60,21.5901008280356,21.5901008280356,27.5882732652594,38.1266606328267,47.5934445462283,TRUE,"Target achieved; safe withdrawal identified"
"PPT_00911","Push-Pull","Uganda","Admin2","Kamuli","Kitayunjwa","Kitayunjwa",9,10000,30,12,0.756923076923077,0.0411214953271028,"Uganda / Kamuli","Uganda / Kamuli","Pooled","Pooled",276,27.6,30.0108604288049,12,30.0108562146106,30.0108562146106,53.7704505098843,66.5248144472482,67.9285118375667,TRUE,"Target achieved; safe withdrawal identified"
"PPT_00912","Push-Pull","Uganda","Admin2","Kamuli","Kitayunjwa","Kitayunjwa",9,10000,30,24,0.756923076923077,0.0411214953271028,"Uganda / Kamuli","Uganda / Kamuli","Pooled","Pooled",66,6.6,30.0728886190195,24,30.0728845905628,30.0728845905628,43.6051953912157,55.5445486022452,61.0436851122328,TRUE,"Target achieved; safe withdrawal identified"
"PPT_00913","Push-Pull","Uganda","Admin2","Kamuli","Kitayunjwa","Kitayunjwa",9,10000,30,36,0.756923076923077,0.0411214953271028,"Uganda / Kamuli","Uganda / Kamuli","Pooled","Pooled",32,3.2,30.3548373390309,36,30.3548325681312,30.3548325681312,40.1560299711786,51.2894679316119,57.998325031715,TRUE,"Target achieved; safe withdrawal identified"
"PPT_00914","Push-Pull","Uganda","Admin2","Kamuli","Kitayunjwa","Kitayunjwa",9,10000,30,48,0.756923076923077,0.0411214953271028,"Uganda / Kamuli","Uganda / Kamuli","Pooled","Pooled",19,1.9,30.2873301228368,48,30.2873266278049,30.2873266278049,38.2928911310871,48.9677211979435,56.2452405352256,TRUE,"Target achieved; safe withdrawal identified"
"PPT_00915","Push-Pull","Uganda","Admin2","Kamuli","Kitayunjwa","Kitayunjwa",9,10000,30,60,0.756923076923077,0.0411214953271028,"Uganda / Kamuli","Uganda / Kamuli","Pooled","Pooled",13,1.3,31.1026930025055,60,31.1026918060096,31.1026918060096,38.1756630060086,48.4648222323071,55.8061810644507,TRUE,"Target achieved; safe withdrawal identified"
"PPT_00916","Push-Pull","Uganda","Admin2","Kamuli","Kitayunjwa","Kitayunjwa",9,10000,40,12,0.756923076923077,0.0411214953271028,"Uganda / Kamuli","Uganda / Kamuli","Pooled","Pooled",,,,,,,,,,FALSE,"Target not achieved with <= 500 ToTs"
"PPT_00917","Push-Pull","Uganda","Admin2","Kamuli","Kitayunjwa","Kitayunjwa",9,10000,40,24,0.756923076923077,0.0411214953271028,"Uganda / Kamuli","Uganda / Kamuli","Pooled","Pooled",105,10.5,40.1225881655051,24,40.1225819877702,40.1225819877702,54.8085338033867,64.1566256058556,66.1614940114103,TRUE,"Target achieved; safe withdrawal identified"
"PPT_00918","Push-Pull","Uganda","Admin2","Kamuli","Kitayunjwa","Kitayunjwa",9,10000,40,36,0.756923076923077,0.0411214953271028,"Uganda / Kamuli","Uganda / Kamuli","Pooled","Pooled",49,4.9,40.2225324332113,36,40.222520693684,40.222520693684,50.7277709951441,59.7868106326845,63.4214960911034,TRUE,"Target achieved; safe withdrawal identified"
"PPT_00919","Push-Pull","Uganda","Admin2","Kamuli","Kitayunjwa","Kitayunjwa",9,10000,40,48,0.756923076923077,0.0411214953271028,"Uganda / Kamuli","Uganda / Kamuli","Pooled","Pooled",29,2.9,40.1507405684922,48,40.1507303876737,40.1507303876737,48.5925395913446,57.416409907593,61.8410607934128,TRUE,"Target achieved; safe withdrawal identified"
"PPT_00920","Push-Pull","Uganda","Admin2","Kamuli","Kitayunjwa","Kitayunjwa",9,10000,40,60,0.756923076923077,0.0411214953271028,"Uganda / Kamuli","Uganda / Kamuli","Pooled","Pooled",20,2,41.1494873158725,60,41.1494601434421,41.1494601434421,48.3996825505339,56.7890656471389,61.3452028728412,TRUE,"Target achieved; safe withdrawal identified"
"PPT_00921","Push-Pull","Uganda","Admin2","Kamuli","Kitayunjwa","Kitayunjwa",9,10000,50,12,0.756923076923077,0.0411214953271028,"Uganda / Kamuli","Uganda / Kamuli","Pooled","Pooled",,,,,,,,,,FALSE,"Target not achieved with <= 500 ToTs"
"PPT_00922","Push-Pull","Uganda","Admin2","Kamuli","Kitayunjwa","Kitayunjwa",9,10000,50,24,0.756923076923077,0.0411214953271028,"Uganda / Kamuli","Uganda / Kamuli","Pooled","Pooled",167,16.7,50.1101246028563,24,50.1101245437096,50.1101245437096,64.2180309991839,70.0256994041581,69.1147413687432,TRUE,"Target achieved; safe withdrawal identified"
"PPT_00923","Push-Pull","Uganda","Admin2","Kamuli","Kitayunjwa","Kitayunjwa",9,10000,50,36,0.756923076923077,0.0411214953271028,"Uganda / Kamuli","Uganda / Kamuli","Pooled","Pooled",74,7.4,50.3162233535274,36,50.3161914144795,50.3161914144795,60.328283947858,66.1914999507039,66.903418418794,TRUE,"Target achieved; safe withdrawal identified"
"PPT_00924","Push-Pull","Uganda","Admin2","Kamuli","Kitayunjwa","Kitayunjwa",9,10000,50,48,0.756923076923077,0.0411214953271028,"Uganda / Kamuli","Uganda / Kamuli","Pooled","Pooled",44,4.4,50.5667738034108,48,50.5667488622608,50.5667488622608,58.3829210274999,64.1079639188676,65.6124334256081,TRUE,"Target achieved; safe withdrawal identified"
"PPT_00925","Push-Pull","Uganda","Admin2","Kamuli","Kitayunjwa","Kitayunjwa",9,10000,50,60,0.756923076923077,0.0411214953271028,"Uganda / Kamuli","Uganda / Kamuli","Pooled","Pooled",29,2.9,50.3281431159673,60,50.3281293065465,50.3281293065465,56.9052342901711,62.626120571484,64.6774051815504,TRUE,"Target achieved; safe withdrawal identified"
"PPT_00926","Push-Pull","Uganda","Admin2","Kamuli","Kitayunjwa","Kitayunjwa",9,10000,60,12,0.756923076923077,0.0411214953271028,"Uganda / Kamuli","Uganda / Kamuli","Pooled","Pooled",,,,,,,,,,FALSE,"Target not achieved with <= 500 ToTs"
"PPT_00927","Push-Pull","Uganda","Admin2","Kamuli","Kitayunjwa","Kitayunjwa",9,10000,60,24,0.756923076923077,0.0411214953271028,"Uganda / Kamuli","Uganda / Kamuli","Pooled","Pooled",299,29.9,60.0145219886474,24,60.0145095441793,60.0145095441793,71.6113405215608,73.5904007578343,70.6066177636598,TRUE,"Target achieved; safe withdrawal identified"
"PPT_00928","Push-Pull","Uganda","Admin2","Kamuli","Kitayunjwa","Kitayunjwa",9,10000,60,36,0.756923076923077,0.0411214953271028,"Uganda / Kamuli","Uganda / Kamuli","Pooled","Pooled",114,11.4,60.0696063864841,36,60.0695494873503,60.0695494873503,68.3750467807414,70.6086410420437,68.9576411401355,TRUE,"Target achieved; safe withdrawal identified"
"PPT_00929","Push-Pull","Uganda","Admin2","Kamuli","Kitayunjwa","Kitayunjwa",9,10000,60,48,0.756923076923077,0.0411214953271028,"Uganda / Kamuli","Uganda / Kamuli","Pooled","Pooled",66,6.6,60.1579763195044,48,60.1579540540581,60.1579540540581,66.3874815381199,68.6576601295858,67.8084140623307,TRUE,"Target achieved; safe withdrawal identified"
"PPT_00930","Push-Pull","Uganda","Admin2","Kamuli","Kitayunjwa","Kitayunjwa",9,10000,60,60,0.756923076923077,0.0411214953271028,"Uganda / Kamuli","Uganda / Kamuli","Pooled","Pooled",44,4.4,60.0833487176818,60,60.0833250337152,60.0833250337152,65.0613868790129,67.3475856128619,67.0062650893387,TRUE,"Target achieved; safe withdrawal identified"
"PPT_00931","Push-Pull","Uganda","Admin2","Kamuli","Namasagali","Namasagali",3,10000,10,12,0.756923076923077,0.0411214953271028,"Uganda / Kamuli","Uganda / Kamuli","Pooled","Pooled",60,6,10.0832406368009,12,10.083240654625,10.083240654625,21.7378407447276,34.6651034706784,44.8532819653819,TRUE,"Target achieved; safe withdrawal identified"
"PPT_00932","Push-Pull","Uganda","Admin2","Kamuli","Namasagali","Namasagali",3,10000,10,24,0.756923076923077,0.0411214953271028,"Uganda / Kamuli","Uganda / Kamuli","Pooled","Pooled",18,1.8,10.5247679083675,24,10.5247679391059,10.5247679391059,17.0315031217056,26.9059015172748,36.922235343996,TRUE,"Target achieved; safe withdrawal identified"
"PPT_00933","Push-Pull","Uganda","Admin2","Kamuli","Namasagali","Namasagali",3,10000,10,36,0.756923076923077,0.0411214953271028,"Uganda / Kamuli","Uganda / Kamuli","Pooled","Pooled",9,0.9,10.6756489953463,36,10.6756542408917,10.6756542408917,15.5056272650896,24.2363090411573,33.9419887367666,TRUE,"Target achieved; safe withdrawal identified"
"PPT_00934","Push-Pull","Uganda","Admin2","Kamuli","Namasagali","Namasagali",3,10000,10,48,0.756923076923077,0.0411214953271028,"Uganda / Kamuli","Uganda / Kamuli","Pooled","Pooled",5,0.5,10.0118013747774,48,10.0118062047141,10.0118062047141,13.8410604151685,21.6702084295125,30.9801280190223,TRUE,"Target achieved; safe withdrawal identified"
"PPT_00935","Push-Pull","Uganda","Admin2","Kamuli","Namasagali","Namasagali",3,10000,10,60,0.756923076923077,0.0411214953271028,"Uganda / Kamuli","Uganda / Kamuli","Pooled","Pooled",4,0.4,12.0052381492707,60,12.0052431220686,12.0052431220686,15.9785063017188,24.3619077426118,34.0220025455349,TRUE,"Target achieved; safe withdrawal identified"
"PPT_00936","Push-Pull","Uganda","Admin2","Kamuli","Namasagali","Namasagali",3,10000,20,12,0.756923076923077,0.0411214953271028,"Uganda / Kamuli","Uganda / Kamuli","Pooled","Pooled",143,14.3,20.0426014963705,12,20.042601869245,20.042601869245,39.5887197137965,54.6192784381149,60.7813426151922,TRUE,"Target achieved; safe withdrawal identified"
"PPT_00937","Push-Pull","Uganda","Admin2","Kamuli","Namasagali","Namasagali",3,10000,20,24,0.756923076923077,0.0411214953271028,"Uganda / Kamuli","Uganda / Kamuli","Pooled","Pooled",39,3.9,20.3419895804611,24,20.3419895736854,20.3419895736854,31.1728482513334,43.7664631105187,52.5548432222968,TRUE,"Target achieved; safe withdrawal identified"
"PPT_00938","Push-Pull","Uganda","Admin2","Kamuli","Namasagali","Namasagali",3,10000,20,36,0.756923076923077,0.0411214953271028,"Uganda / Kamuli","Uganda / Kamuli","Pooled","Pooled",19,1.9,20.3561731426247,36,20.3561770048972,20.3561770048972,28.2417488624603,39.6474046525063,49.0265890756471,TRUE,"Target achieved; safe withdrawal identified"
"PPT_00939","Push-Pull","Uganda","Admin2","Kamuli","Namasagali","Namasagali",3,10000,20,48,0.756923076923077,0.0411214953271028,"Uganda / Kamuli","Uganda / Kamuli","Pooled","Pooled",12,1.2,21.3253382478384,48,21.3253403334276,21.3253403334276,28.0471233406953,38.9232489255902,48.3319095308211,TRUE,"Target achieved; safe withdrawal identified"
"PPT_00940","Push-Pull","Uganda","Admin2","Kamuli","Namasagali","Namasagali",3,10000,20,60,0.756923076923077,0.0411214953271028,"Uganda / Kamuli","Uganda / Kamuli","Pooled","Pooled",8,0.8,21.5900917685745,60,21.5901008280356,21.5901008280356,27.5882732652594,38.1266606328267,47.5934445462283,TRUE,"Target achieved; safe withdrawal identified"
"PPT_00941","Push-Pull","Uganda","Admin2","Kamuli","Namasagali","Namasagali",3,10000,30,12,0.756923076923077,0.0411214953271028,"Uganda / Kamuli","Uganda / Kamuli","Pooled","Pooled",276,27.6,30.0108604288049,12,30.0108562146106,30.0108562146106,53.7704505098843,66.5248144472482,67.9285118375667,TRUE,"Target achieved; safe withdrawal identified"
"PPT_00942","Push-Pull","Uganda","Admin2","Kamuli","Namasagali","Namasagali",3,10000,30,24,0.756923076923077,0.0411214953271028,"Uganda / Kamuli","Uganda / Kamuli","Pooled","Pooled",66,6.6,30.0728886190195,24,30.0728845905628,30.0728845905628,43.6051953912157,55.5445486022452,61.0436851122328,TRUE,"Target achieved; safe withdrawal identified"
"PPT_00943","Push-Pull","Uganda","Admin2","Kamuli","Namasagali","Namasagali",3,10000,30,36,0.756923076923077,0.0411214953271028,"Uganda / Kamuli","Uganda / Kamuli","Pooled","Pooled",32,3.2,30.3548373390309,36,30.3548325681312,30.3548325681312,40.1560299711786,51.2894679316119,57.998325031715,TRUE,"Target achieved; safe withdrawal identified"
"PPT_00944","Push-Pull","Uganda","Admin2","Kamuli","Namasagali","Namasagali",3,10000,30,48,0.756923076923077,0.0411214953271028,"Uganda / Kamuli","Uganda / Kamuli","Pooled","Pooled",19,1.9,30.2873301228368,48,30.2873266278049,30.2873266278049,38.2928911310871,48.9677211979435,56.2452405352256,TRUE,"Target achieved; safe withdrawal identified"
"PPT_00945","Push-Pull","Uganda","Admin2","Kamuli","Namasagali","Namasagali",3,10000,30,60,0.756923076923077,0.0411214953271028,"Uganda / Kamuli","Uganda / Kamuli","Pooled","Pooled",13,1.3,31.1026930025055,60,31.1026918060096,31.1026918060096,38.1756630060086,48.4648222323071,55.8061810644507,TRUE,"Target achieved; safe withdrawal identified"
"PPT_00946","Push-Pull","Uganda","Admin2","Kamuli","Namasagali","Namasagali",3,10000,40,12,0.756923076923077,0.0411214953271028,"Uganda / Kamuli","Uganda / Kamuli","Pooled","Pooled",,,,,,,,,,FALSE,"Target not achieved with <= 500 ToTs"
"PPT_00947","Push-Pull","Uganda","Admin2","Kamuli","Namasagali","Namasagali",3,10000,40,24,0.756923076923077,0.0411214953271028,"Uganda / Kamuli","Uganda / Kamuli","Pooled","Pooled",105,10.5,40.1225881655051,24,40.1225819877702,40.1225819877702,54.8085338033867,64.1566256058556,66.1614940114103,TRUE,"Target achieved; safe withdrawal identified"
"PPT_00948","Push-Pull","Uganda","Admin2","Kamuli","Namasagali","Namasagali",3,10000,40,36,0.756923076923077,0.0411214953271028,"Uganda / Kamuli","Uganda / Kamuli","Pooled","Pooled",49,4.9,40.2225324332113,36,40.222520693684,40.222520693684,50.7277709951441,59.7868106326845,63.4214960911034,TRUE,"Target achieved; safe withdrawal identified"
"PPT_00949","Push-Pull","Uganda","Admin2","Kamuli","Namasagali","Namasagali",3,10000,40,48,0.756923076923077,0.0411214953271028,"Uganda / Kamuli","Uganda / Kamuli","Pooled","Pooled",29,2.9,40.1507405684922,48,40.1507303876737,40.1507303876737,48.5925395913446,57.416409907593,61.8410607934128,TRUE,"Target achieved; safe withdrawal identified"
"PPT_00950","Push-Pull","Uganda","Admin2","Kamuli","Namasagali","Namasagali",3,10000,40,60,0.756923076923077,0.0411214953271028,"Uganda / Kamuli","Uganda / Kamuli","Pooled","Pooled",20,2,41.1494873158725,60,41.1494601434421,41.1494601434421,48.3996825505339,56.7890656471389,61.3452028728412,TRUE,"Target achieved; safe withdrawal identified"
"PPT_00951","Push-Pull","Uganda","Admin2","Kamuli","Namasagali","Namasagali",3,10000,50,12,0.756923076923077,0.0411214953271028,"Uganda / Kamuli","Uganda / Kamuli","Pooled","Pooled",,,,,,,,,,FALSE,"Target not achieved with <= 500 ToTs"
"PPT_00952","Push-Pull","Uganda","Admin2","Kamuli","Namasagali","Namasagali",3,10000,50,24,0.756923076923077,0.0411214953271028,"Uganda / Kamuli","Uganda / Kamuli","Pooled","Pooled",167,16.7,50.1101246028563,24,50.1101245437096,50.1101245437096,64.2180309991839,70.0256994041581,69.1147413687432,TRUE,"Target achieved; safe withdrawal identified"
"PPT_00953","Push-Pull","Uganda","Admin2","Kamuli","Namasagali","Namasagali",3,10000,50,36,0.756923076923077,0.0411214953271028,"Uganda / Kamuli","Uganda / Kamuli","Pooled","Pooled",74,7.4,50.3162233535274,36,50.3161914144795,50.3161914144795,60.328283947858,66.1914999507039,66.903418418794,TRUE,"Target achieved; safe withdrawal identified"
"PPT_00954","Push-Pull","Uganda","Admin2","Kamuli","Namasagali","Namasagali",3,10000,50,48,0.756923076923077,0.0411214953271028,"Uganda / Kamuli","Uganda / Kamuli","Pooled","Pooled",44,4.4,50.5667738034108,48,50.5667488622608,50.5667488622608,58.3829210274999,64.1079639188676,65.6124334256081,TRUE,"Target achieved; safe withdrawal identified"
"PPT_00955","Push-Pull","Uganda","Admin2","Kamuli","Namasagali","Namasagali",3,10000,50,60,0.756923076923077,0.0411214953271028,"Uganda / Kamuli","Uganda / Kamuli","Pooled","Pooled",29,2.9,50.3281431159673,60,50.3281293065465,50.3281293065465,56.9052342901711,62.626120571484,64.6774051815504,TRUE,"Target achieved; safe withdrawal identified"
"PPT_00956","Push-Pull","Uganda","Admin2","Kamuli","Namasagali","Namasagali",3,10000,60,12,0.756923076923077,0.0411214953271028,"Uganda / Kamuli","Uganda / Kamuli","Pooled","Pooled",,,,,,,,,,FALSE,"Target not achieved with <= 500 ToTs"
"PPT_00957","Push-Pull","Uganda","Admin2","Kamuli","Namasagali","Namasagali",3,10000,60,24,0.756923076923077,0.0411214953271028,"Uganda / Kamuli","Uganda / Kamuli","Pooled","Pooled",299,29.9,60.0145219886474,24,60.0145095441793,60.0145095441793,71.6113405215608,73.5904007578343,70.6066177636598,TRUE,"Target achieved; safe withdrawal identified"
"PPT_00958","Push-Pull","Uganda","Admin2","Kamuli","Namasagali","Namasagali",3,10000,60,36,0.756923076923077,0.0411214953271028,"Uganda / Kamuli","Uganda / Kamuli","Pooled","Pooled",114,11.4,60.0696063864841,36,60.0695494873503,60.0695494873503,68.3750467807414,70.6086410420437,68.9576411401355,TRUE,"Target achieved; safe withdrawal identified"
"PPT_00959","Push-Pull","Uganda","Admin2","Kamuli","Namasagali","Namasagali",3,10000,60,48,0.756923076923077,0.0411214953271028,"Uganda / Kamuli","Uganda / Kamuli","Pooled","Pooled",66,6.6,60.1579763195044,48,60.1579540540581,60.1579540540581,66.3874815381199,68.6576601295858,67.8084140623307,TRUE,"Target achieved; safe withdrawal identified"
"PPT_00960","Push-Pull","Uganda","Admin2","Kamuli","Namasagali","Namasagali",3,10000,60,60,0.756923076923077,0.0411214953271028,"Uganda / Kamuli","Uganda / Kamuli","Pooled","Pooled",44,4.4,60.0833487176818,60,60.0833250337152,60.0833250337152,65.0613868790129,67.3475856128619,67.0062650893387,TRUE,"Target achieved; safe withdrawal identified"
"PPT_00961","Push-Pull","Uganda","Admin2","Kamuli","Namwendwa","Namwendwa",42,10000,10,12,0.6,0.038961038961039,"Uganda / Kamuli / Namwendwa","Uganda / Kamuli / Namwendwa","Pooled","Pooled",75,7.5,10.0938393719895,12,10.0938404825636,10.0938404825636,22.2297612074875,35.5173319998582,44.9518552175071,TRUE,"Target achieved; safe withdrawal identified"
"PPT_00962","Push-Pull","Uganda","Admin2","Kamuli","Namwendwa","Namwendwa",42,10000,10,24,0.6,0.038961038961039,"Uganda / Kamuli / Namwendwa","Uganda / Kamuli / Namwendwa","Pooled","Pooled",21,2.1,10.2385449276286,24,10.2385456720893,10.2385456720893,16.772887147261,26.3430297323728,35.5242012619844,TRUE,"Target achieved; safe withdrawal identified"
"PPT_00963","Push-Pull","Uganda","Admin2","Kamuli","Namwendwa","Namwendwa",42,10000,10,36,0.6,0.038961038961039,"Uganda / Kamuli / Namwendwa","Uganda / Kamuli / Namwendwa","Pooled","Pooled",10,1,10.0503163925377,36,10.0503211755228,10.0503211755228,14.6693020346636,22.7205547340297,31.4269345844758,TRUE,"Target achieved; safe withdrawal identified"
"PPT_00964","Push-Pull","Uganda","Admin2","Kamuli","Namwendwa","Namwendwa",42,10000,10,48,0.6,0.038961038961039,"Uganda / Kamuli / Namwendwa","Uganda / Kamuli / Namwendwa","Pooled","Pooled",6,0.6,10.1219310362144,48,10.1219318187481,10.1219318187481,13.9337765453639,21.3349267351218,29.7860565538711,TRUE,"Target achieved; safe withdrawal identified"
"PPT_00965","Push-Pull","Uganda","Admin2","Kamuli","Namwendwa","Namwendwa",42,10000,10,60,0.6,0.038961038961039,"Uganda / Kamuli / Namwendwa","Uganda / Kamuli / Namwendwa","Pooled","Pooled",4,0.4,10.2627735514963,60,10.2627820251032,10.2627820251032,13.6587722121556,20.7386839842446,29.0606811631026,TRUE,"Target achieved; safe withdrawal identified"
"PPT_00966","Push-Pull","Uganda","Admin2","Kamuli","Namwendwa","Namwendwa",42,10000,20,12,0.6,0.038961038961039,"Uganda / Kamuli / Namwendwa","Uganda / Kamuli / Namwendwa","Pooled","Pooled",188,18.8,20.0344833602204,12,20.0344833546916,20.0344833546916,39.9394380177103,55.5592799349826,61.0328923574451,TRUE,"Target achieved; safe withdrawal identified"
"PPT_00967","Push-Pull","Uganda","Admin2","Kamuli","Namwendwa","Namwendwa",42,10000,20,24,0.6,0.038961038961039,"Uganda / Kamuli / Namwendwa","Uganda / Kamuli / Namwendwa","Pooled","Pooled",47,4.7,20.0731739975446,24,20.0731739781893,20.0731739781893,31.0704564908506,43.5587593878797,51.6707277136526,TRUE,"Target achieved; safe withdrawal identified"
"PPT_00968","Push-Pull","Uganda","Admin2","Kamuli","Namwendwa","Namwendwa",42,10000,20,36,0.6,0.038961038961039,"Uganda / Kamuli / Namwendwa","Uganda / Kamuli / Namwendwa","Pooled","Pooled",23,2.3,20.4873051221013,36,20.4873083469718,20.4873083469718,28.4621886419161,39.4815344132009,48.0619794063399,TRUE,"Target achieved; safe withdrawal identified"
"PPT_00969","Push-Pull","Uganda","Admin2","Kamuli","Namwendwa","Namwendwa",42,10000,20,48,0.6,0.038961038961039,"Uganda / Kamuli / Namwendwa","Uganda / Kamuli / Namwendwa","Pooled","Pooled",14,1.4,20.9198985342252,48,20.9199019688733,20.9199019688733,27.4866007411148,37.7535324537593,46.4442536208307,TRUE,"Target achieved; safe withdrawal identified"
"PPT_00970","Push-Pull","Uganda","Admin2","Kamuli","Namwendwa","Namwendwa",42,10000,20,60,0.6,0.038961038961039,"Uganda / Kamuli / Namwendwa","Uganda / Kamuli / Namwendwa","Pooled","Pooled",9,0.9,20.5398767223898,60,20.5398819473496,20.5398819473496,26.2046026472599,35.9653881634037,44.7750149901507,TRUE,"Target achieved; safe withdrawal identified"
"PPT_00971","Push-Pull","Uganda","Admin2","Kamuli","Namwendwa","Namwendwa",42,10000,30,12,0.6,0.038961038961039,"Uganda / Kamuli / Namwendwa","Uganda / Kamuli / Namwendwa","Pooled","Pooled",410,41,30.0182600358192,12,30.0182602578339,30.0182602578339,53.1198790329326,66.6885024972608,67.8945473717172,TRUE,"Target achieved; safe withdrawal identified"
"PPT_00972","Push-Pull","Uganda","Admin2","Kamuli","Namwendwa","Namwendwa",42,10000,30,24,0.6,0.038961038961039,"Uganda / Kamuli / Namwendwa","Uganda / Kamuli / Namwendwa","Pooled","Pooled",83,8.3,30.0223227225063,24,30.0223025519081,30.0223025519081,43.7672876310406,55.7704980161709,60.6771958300522,TRUE,"Target achieved; safe withdrawal identified"
"PPT_00973","Push-Pull","Uganda","Admin2","Kamuli","Namwendwa","Namwendwa",42,10000,30,36,0.6,0.038961038961039,"Uganda / Kamuli / Namwendwa","Uganda / Kamuli / Namwendwa","Pooled","Pooled",39,3.9,30.3433727259315,36,30.3433726810549,30.3433726810549,40.2050865016904,51.0428689410927,57.1472918718242,TRUE,"Target achieved; safe withdrawal identified"
"PPT_00974","Push-Pull","Uganda","Admin2","Kamuli","Namwendwa","Namwendwa",42,10000,30,48,0.6,0.038961038961039,"Uganda / Kamuli / Namwendwa","Uganda / Kamuli / Namwendwa","Pooled","Pooled",23,2.3,30.3683203600153,48,30.3683169332312,30.3683169332312,38.3000210463198,48.4692870106315,55.1202259668741,TRUE,"Target achieved; safe withdrawal identified"
"PPT_00975","Push-Pull","Uganda","Admin2","Kamuli","Namwendwa","Namwendwa",42,10000,30,60,0.6,0.038961038961039,"Uganda / Kamuli / Namwendwa","Uganda / Kamuli / Namwendwa","Pooled","Pooled",15,1.5,30.1637357496617,60,30.1637345548228,30.1637345548228,36.9912128826575,46.7639292109722,53.7428980767735,TRUE,"Target achieved; safe withdrawal identified"
"PPT_00976","Push-Pull","Uganda","Admin2","Kamuli","Namwendwa","Namwendwa",42,10000,40,12,0.6,0.038961038961039,"Uganda / Kamuli / Namwendwa","Uganda / Kamuli / Namwendwa","Pooled","Pooled",,,,,,,,,,FALSE,"Target not achieved with <= 500 ToTs"
"PPT_00977","Push-Pull","Uganda","Admin2","Kamuli","Namwendwa","Namwendwa",42,10000,40,24,0.6,0.038961038961039,"Uganda / Kamuli / Namwendwa","Uganda / Kamuli / Namwendwa","Pooled","Pooled",139,13.9,40.0968738706456,24,40.096860375197,40.096860375197,54.7656281378494,64.3369414038875,65.9297545283576,TRUE,"Target achieved; safe withdrawal identified"
"PPT_00978","Push-Pull","Uganda","Admin2","Kamuli","Namwendwa","Namwendwa",42,10000,40,36,0.6,0.038961038961039,"Uganda / Kamuli / Namwendwa","Uganda / Kamuli / Namwendwa","Pooled","Pooled",61,6.1,40.16299360458,36,40.1629750880515,40.1629750880515,50.6925881346202,59.615705978602,62.8017173313344,TRUE,"Target achieved; safe withdrawal identified"
"PPT_00979","Push-Pull","Uganda","Admin2","Kamuli","Namwendwa","Namwendwa",42,10000,40,48,0.6,0.038961038961039,"Uganda / Kamuli / Namwendwa","Uganda / Kamuli / Namwendwa","Pooled","Pooled",36,3.6,40.4944179458836,48,40.4944179045838,40.4944179045838,48.848116460268,57.2331870452095,61.1090320329719,TRUE,"Target achieved; safe withdrawal identified"
"PPT_00980","Push-Pull","Uganda","Admin2","Kamuli","Namwendwa","Namwendwa",42,10000,40,60,0.6,0.038961038961039,"Uganda / Kamuli / Namwendwa","Uganda / Kamuli / Namwendwa","Pooled","Pooled",24,2.4,40.783880321318,60,40.7838730056441,40.7838730056441,47.866896689117,55.8741036340714,60.1012363034566,TRUE,"Target achieved; safe withdrawal identified"
"PPT_00981","Push-Pull","Uganda","Admin2","Kamuli","Namwendwa","Namwendwa",42,10000,50,12,0.6,0.038961038961039,"Uganda / Kamuli / Namwendwa","Uganda / Kamuli / Namwendwa","Pooled","Pooled",,,,,,,,,,FALSE,"Target not achieved with <= 500 ToTs"
"PPT_00982","Push-Pull","Uganda","Admin2","Kamuli","Namwendwa","Namwendwa",42,10000,50,24,0.6,0.038961038961039,"Uganda / Kamuli / Namwendwa","Uganda / Kamuli / Namwendwa","Pooled","Pooled",246,24.6,50.0154179670859,24,50.015403003537,50.015403003537,63.5696318903573,69.7765572606855,68.7551123102358,TRUE,"Target achieved; safe withdrawal identified"
"PPT_00983","Push-Pull","Uganda","Admin2","Kamuli","Namwendwa","Namwendwa",42,10000,50,36,0.6,0.038961038961039,"Uganda / Kamuli / Namwendwa","Uganda / Kamuli / Namwendwa","Pooled","Pooled",95,9.5,50.0210963488538,36,50.0210962751539,50.0210962751539,59.9750888866873,65.9363526556179,66.3866554577431,TRUE,"Target achieved; safe withdrawal identified"
"PPT_00984","Push-Pull","Uganda","Admin2","Kamuli","Namwendwa","Namwendwa",42,10000,50,48,0.6,0.038961038961039,"Uganda / Kamuli / Namwendwa","Uganda / Kamuli / Namwendwa","Pooled","Pooled",54,5.4,50.0522493921536,48,50.052217461143,50.052217461143,57.8214003565654,63.5133647990204,64.8069471103507,TRUE,"Target achieved; safe withdrawal identified"
"PPT_00985","Push-Pull","Uganda","Admin2","Kamuli","Namwendwa","Namwendwa",42,10000,50,60,0.6,0.038961038961039,"Uganda / Kamuli / Namwendwa","Uganda / Kamuli / Namwendwa","Pooled","Pooled",36,3.6,50.3962981168992,60,50.3962980784985,50.3962980784985,56.7991400167006,62.1756733724948,63.8771558868043,TRUE,"Target achieved; safe withdrawal identified"
"PPT_00986","Push-Pull","Uganda","Admin2","Kamuli","Namwendwa","Namwendwa",42,10000,60,12,0.6,0.038961038961039,"Uganda / Kamuli / Namwendwa","Uganda / Kamuli / Namwendwa","Pooled","Pooled",,,,,,,,,,FALSE,"Target not achieved with <= 500 ToTs"
"PPT_00987","Push-Pull","Uganda","Admin2","Kamuli","Namwendwa","Namwendwa",42,10000,60,24,0.6,0.038961038961039,"Uganda / Kamuli / Namwendwa","Uganda / Kamuli / Namwendwa","Pooled","Pooled",,,,,,,,,,FALSE,"Target not achieved with <= 500 ToTs"
"PPT_00988","Push-Pull","Uganda","Admin2","Kamuli","Namwendwa","Namwendwa",42,10000,60,36,0.6,0.038961038961039,"Uganda / Kamuli / Namwendwa","Uganda / Kamuli / Namwendwa","Pooled","Pooled",163,16.3,60.0887422288912,36,60.0887184016328,60.0887184016328,68.0388567633902,70.3820489269349,68.5368181402496,TRUE,"Target achieved; safe withdrawal identified"
"PPT_00989","Push-Pull","Uganda","Admin2","Kamuli","Namwendwa","Namwendwa",42,10000,60,48,0.6,0.038961038961039,"Uganda / Kamuli / Namwendwa","Uganda / Kamuli / Namwendwa","Pooled","Pooled",87,8.7,60.1887286518856,48,60.1886950534891,60.1886950534891,66.2418500913632,68.4299963860288,67.3077452459262,TRUE,"Target achieved; safe withdrawal identified"
"PPT_00990","Push-Pull","Uganda","Admin2","Kamuli","Namwendwa","Namwendwa",42,10000,60,60,0.6,0.038961038961039,"Uganda / Kamuli / Namwendwa","Uganda / Kamuli / Namwendwa","Pooled","Pooled",56,5.6,60.0105624707183,60,60.0105404010253,60.0105404010253,64.8427207832231,66.9701991319928,66.3710587580176,TRUE,"Target achieved; safe withdrawal identified"
"PPT_00991","Push-Pull","Uganda","Admin2","Kamuli","Nawanyago","Nawanyago",13,10000,10,12,0.756923076923077,0.0411214953271028,"Uganda / Kamuli","Uganda / Kamuli","Pooled","Pooled",60,6,10.0832406368009,12,10.083240654625,10.083240654625,21.7378407447276,34.6651034706784,44.8532819653819,TRUE,"Target achieved; safe withdrawal identified"
"PPT_00992","Push-Pull","Uganda","Admin2","Kamuli","Nawanyago","Nawanyago",13,10000,10,24,0.756923076923077,0.0411214953271028,"Uganda / Kamuli","Uganda / Kamuli","Pooled","Pooled",18,1.8,10.5247679083675,24,10.5247679391059,10.5247679391059,17.0315031217056,26.9059015172748,36.922235343996,TRUE,"Target achieved; safe withdrawal identified"
"PPT_00993","Push-Pull","Uganda","Admin2","Kamuli","Nawanyago","Nawanyago",13,10000,10,36,0.756923076923077,0.0411214953271028,"Uganda / Kamuli","Uganda / Kamuli","Pooled","Pooled",9,0.9,10.6756489953463,36,10.6756542408917,10.6756542408917,15.5056272650896,24.2363090411573,33.9419887367666,TRUE,"Target achieved; safe withdrawal identified"
"PPT_00994","Push-Pull","Uganda","Admin2","Kamuli","Nawanyago","Nawanyago",13,10000,10,48,0.756923076923077,0.0411214953271028,"Uganda / Kamuli","Uganda / Kamuli","Pooled","Pooled",5,0.5,10.0118013747774,48,10.0118062047141,10.0118062047141,13.8410604151685,21.6702084295125,30.9801280190223,TRUE,"Target achieved; safe withdrawal identified"
"PPT_00995","Push-Pull","Uganda","Admin2","Kamuli","Nawanyago","Nawanyago",13,10000,10,60,0.756923076923077,0.0411214953271028,"Uganda / Kamuli","Uganda / Kamuli","Pooled","Pooled",4,0.4,12.0052381492707,60,12.0052431220686,12.0052431220686,15.9785063017188,24.3619077426118,34.0220025455349,TRUE,"Target achieved; safe withdrawal identified"
"PPT_00996","Push-Pull","Uganda","Admin2","Kamuli","Nawanyago","Nawanyago",13,10000,20,12,0.756923076923077,0.0411214953271028,"Uganda / Kamuli","Uganda / Kamuli","Pooled","Pooled",143,14.3,20.0426014963705,12,20.042601869245,20.042601869245,39.5887197137965,54.6192784381149,60.7813426151922,TRUE,"Target achieved; safe withdrawal identified"
"PPT_00997","Push-Pull","Uganda","Admin2","Kamuli","Nawanyago","Nawanyago",13,10000,20,24,0.756923076923077,0.0411214953271028,"Uganda / Kamuli","Uganda / Kamuli","Pooled","Pooled",39,3.9,20.3419895804611,24,20.3419895736854,20.3419895736854,31.1728482513334,43.7664631105187,52.5548432222968,TRUE,"Target achieved; safe withdrawal identified"
"PPT_00998","Push-Pull","Uganda","Admin2","Kamuli","Nawanyago","Nawanyago",13,10000,20,36,0.756923076923077,0.0411214953271028,"Uganda / Kamuli","Uganda / Kamuli","Pooled","Pooled",19,1.9,20.3561731426247,36,20.3561770048972,20.3561770048972,28.2417488624603,39.6474046525063,49.0265890756471,TRUE,"Target achieved; safe withdrawal identified"
"PPT_00999","Push-Pull","Uganda","Admin2","Kamuli","Nawanyago","Nawanyago",13,10000,20,48,0.756923076923077,0.0411214953271028,"Uganda / Kamuli","Uganda / Kamuli","Pooled","Pooled",12,1.2,21.3253382478384,48,21.3253403334276,21.3253403334276,28.0471233406953,38.9232489255902,48.3319095308211,TRUE,"Target achieved; safe withdrawal identified"
"PPT_01000","Push-Pull","Uganda","Admin2","Kamuli","Nawanyago","Nawanyago",13,10000,20,60,0.756923076923077,0.0411214953271028,"Uganda / Kamuli","Uganda / Kamuli","Pooled","Pooled",8,0.8,21.5900917685745,60,21.5901008280356,21.5901008280356,27.5882732652594,38.1266606328267,47.5934445462283,TRUE,"Target achieved; safe withdrawal identified"
"PPT_01001","Push-Pull","Uganda","Admin2","Kamuli","Nawanyago","Nawanyago",13,10000,30,12,0.756923076923077,0.0411214953271028,"Uganda / Kamuli","Uganda / Kamuli","Pooled","Pooled",276,27.6,30.0108604288049,12,30.0108562146106,30.0108562146106,53.7704505098843,66.5248144472482,67.9285118375667,TRUE,"Target achieved; safe withdrawal identified"
"PPT_01002","Push-Pull","Uganda","Admin2","Kamuli","Nawanyago","Nawanyago",13,10000,30,24,0.756923076923077,0.0411214953271028,"Uganda / Kamuli","Uganda / Kamuli","Pooled","Pooled",66,6.6,30.0728886190195,24,30.0728845905628,30.0728845905628,43.6051953912157,55.5445486022452,61.0436851122328,TRUE,"Target achieved; safe withdrawal identified"
"PPT_01003","Push-Pull","Uganda","Admin2","Kamuli","Nawanyago","Nawanyago",13,10000,30,36,0.756923076923077,0.0411214953271028,"Uganda / Kamuli","Uganda / Kamuli","Pooled","Pooled",32,3.2,30.3548373390309,36,30.3548325681312,30.3548325681312,40.1560299711786,51.2894679316119,57.998325031715,TRUE,"Target achieved; safe withdrawal identified"
"PPT_01004","Push-Pull","Uganda","Admin2","Kamuli","Nawanyago","Nawanyago",13,10000,30,48,0.756923076923077,0.0411214953271028,"Uganda / Kamuli","Uganda / Kamuli","Pooled","Pooled",19,1.9,30.2873301228368,48,30.2873266278049,30.2873266278049,38.2928911310871,48.9677211979435,56.2452405352256,TRUE,"Target achieved; safe withdrawal identified"
"PPT_01005","Push-Pull","Uganda","Admin2","Kamuli","Nawanyago","Nawanyago",13,10000,30,60,0.756923076923077,0.0411214953271028,"Uganda / Kamuli","Uganda / Kamuli","Pooled","Pooled",13,1.3,31.1026930025055,60,31.1026918060096,31.1026918060096,38.1756630060086,48.4648222323071,55.8061810644507,TRUE,"Target achieved; safe withdrawal identified"
"PPT_01006","Push-Pull","Uganda","Admin2","Kamuli","Nawanyago","Nawanyago",13,10000,40,12,0.756923076923077,0.0411214953271028,"Uganda / Kamuli","Uganda / Kamuli","Pooled","Pooled",,,,,,,,,,FALSE,"Target not achieved with <= 500 ToTs"
"PPT_01007","Push-Pull","Uganda","Admin2","Kamuli","Nawanyago","Nawanyago",13,10000,40,24,0.756923076923077,0.0411214953271028,"Uganda / Kamuli","Uganda / Kamuli","Pooled","Pooled",105,10.5,40.1225881655051,24,40.1225819877702,40.1225819877702,54.8085338033867,64.1566256058556,66.1614940114103,TRUE,"Target achieved; safe withdrawal identified"
"PPT_01008","Push-Pull","Uganda","Admin2","Kamuli","Nawanyago","Nawanyago",13,10000,40,36,0.756923076923077,0.0411214953271028,"Uganda / Kamuli","Uganda / Kamuli","Pooled","Pooled",49,4.9,40.2225324332113,36,40.222520693684,40.222520693684,50.7277709951441,59.7868106326845,63.4214960911034,TRUE,"Target achieved; safe withdrawal identified"
"PPT_01009","Push-Pull","Uganda","Admin2","Kamuli","Nawanyago","Nawanyago",13,10000,40,48,0.756923076923077,0.0411214953271028,"Uganda / Kamuli","Uganda / Kamuli","Pooled","Pooled",29,2.9,40.1507405684922,48,40.1507303876737,40.1507303876737,48.5925395913446,57.416409907593,61.8410607934128,TRUE,"Target achieved; safe withdrawal identified"
"PPT_01010","Push-Pull","Uganda","Admin2","Kamuli","Nawanyago","Nawanyago",13,10000,40,60,0.756923076923077,0.0411214953271028,"Uganda / Kamuli","Uganda / Kamuli","Pooled","Pooled",20,2,41.1494873158725,60,41.1494601434421,41.1494601434421,48.3996825505339,56.7890656471389,61.3452028728412,TRUE,"Target achieved; safe withdrawal identified"
"PPT_01011","Push-Pull","Uganda","Admin2","Kamuli","Nawanyago","Nawanyago",13,10000,50,12,0.756923076923077,0.0411214953271028,"Uganda / Kamuli","Uganda / Kamuli","Pooled","Pooled",,,,,,,,,,FALSE,"Target not achieved with <= 500 ToTs"
"PPT_01012","Push-Pull","Uganda","Admin2","Kamuli","Nawanyago","Nawanyago",13,10000,50,24,0.756923076923077,0.0411214953271028,"Uganda / Kamuli","Uganda / Kamuli","Pooled","Pooled",167,16.7,50.1101246028563,24,50.1101245437096,50.1101245437096,64.2180309991839,70.0256994041581,69.1147413687432,TRUE,"Target achieved; safe withdrawal identified"
"PPT_01013","Push-Pull","Uganda","Admin2","Kamuli","Nawanyago","Nawanyago",13,10000,50,36,0.756923076923077,0.0411214953271028,"Uganda / Kamuli","Uganda / Kamuli","Pooled","Pooled",74,7.4,50.3162233535274,36,50.3161914144795,50.3161914144795,60.328283947858,66.1914999507039,66.903418418794,TRUE,"Target achieved; safe withdrawal identified"
"PPT_01014","Push-Pull","Uganda","Admin2","Kamuli","Nawanyago","Nawanyago",13,10000,50,48,0.756923076923077,0.0411214953271028,"Uganda / Kamuli","Uganda / Kamuli","Pooled","Pooled",44,4.4,50.5667738034108,48,50.5667488622608,50.5667488622608,58.3829210274999,64.1079639188676,65.6124334256081,TRUE,"Target achieved; safe withdrawal identified"
"PPT_01015","Push-Pull","Uganda","Admin2","Kamuli","Nawanyago","Nawanyago",13,10000,50,60,0.756923076923077,0.0411214953271028,"Uganda / Kamuli","Uganda / Kamuli","Pooled","Pooled",29,2.9,50.3281431159673,60,50.3281293065465,50.3281293065465,56.9052342901711,62.626120571484,64.6774051815504,TRUE,"Target achieved; safe withdrawal identified"
"PPT_01016","Push-Pull","Uganda","Admin2","Kamuli","Nawanyago","Nawanyago",13,10000,60,12,0.756923076923077,0.0411214953271028,"Uganda / Kamuli","Uganda / Kamuli","Pooled","Pooled",,,,,,,,,,FALSE,"Target not achieved with <= 500 ToTs"
"PPT_01017","Push-Pull","Uganda","Admin2","Kamuli","Nawanyago","Nawanyago",13,10000,60,24,0.756923076923077,0.0411214953271028,"Uganda / Kamuli","Uganda / Kamuli","Pooled","Pooled",299,29.9,60.0145219886474,24,60.0145095441793,60.0145095441793,71.6113405215608,73.5904007578343,70.6066177636598,TRUE,"Target achieved; safe withdrawal identified"
"PPT_01018","Push-Pull","Uganda","Admin2","Kamuli","Nawanyago","Nawanyago",13,10000,60,36,0.756923076923077,0.0411214953271028,"Uganda / Kamuli","Uganda / Kamuli","Pooled","Pooled",114,11.4,60.0696063864841,36,60.0695494873503,60.0695494873503,68.3750467807414,70.6086410420437,68.9576411401355,TRUE,"Target achieved; safe withdrawal identified"
"PPT_01019","Push-Pull","Uganda","Admin2","Kamuli","Nawanyago","Nawanyago",13,10000,60,48,0.756923076923077,0.0411214953271028,"Uganda / Kamuli","Uganda / Kamuli","Pooled","Pooled",66,6.6,60.1579763195044,48,60.1579540540581,60.1579540540581,66.3874815381199,68.6576601295858,67.8084140623307,TRUE,"Target achieved; safe withdrawal identified"
"PPT_01020","Push-Pull","Uganda","Admin2","Kamuli","Nawanyago","Nawanyago",13,10000,60,60,0.756923076923077,0.0411214953271028,"Uganda / Kamuli","Uganda / Kamuli","Pooled","Pooled",44,4.4,60.0833487176818,60,60.0833250337152,60.0833250337152,65.0613868790129,67.3475856128619,67.0062650893387,TRUE,"Target achieved; safe withdrawal identified"
"PPT_01021","Push-Pull","Uganda","Admin2","Kamuli","Other (specify)","Other (specify)",10,10000,10,12,0.756923076923077,0.0411214953271028,"Uganda / Kamuli","Uganda / Kamuli","Pooled","Pooled",60,6,10.0832406368009,12,10.083240654625,10.083240654625,21.7378407447276,34.6651034706784,44.8532819653819,TRUE,"Target achieved; safe withdrawal identified"
"PPT_01022","Push-Pull","Uganda","Admin2","Kamuli","Other (specify)","Other (specify)",10,10000,10,24,0.756923076923077,0.0411214953271028,"Uganda / Kamuli","Uganda / Kamuli","Pooled","Pooled",18,1.8,10.5247679083675,24,10.5247679391059,10.5247679391059,17.0315031217056,26.9059015172748,36.922235343996,TRUE,"Target achieved; safe withdrawal identified"
"PPT_01023","Push-Pull","Uganda","Admin2","Kamuli","Other (specify)","Other (specify)",10,10000,10,36,0.756923076923077,0.0411214953271028,"Uganda / Kamuli","Uganda / Kamuli","Pooled","Pooled",9,0.9,10.6756489953463,36,10.6756542408917,10.6756542408917,15.5056272650896,24.2363090411573,33.9419887367666,TRUE,"Target achieved; safe withdrawal identified"
"PPT_01024","Push-Pull","Uganda","Admin2","Kamuli","Other (specify)","Other (specify)",10,10000,10,48,0.756923076923077,0.0411214953271028,"Uganda / Kamuli","Uganda / Kamuli","Pooled","Pooled",5,0.5,10.0118013747774,48,10.0118062047141,10.0118062047141,13.8410604151685,21.6702084295125,30.9801280190223,TRUE,"Target achieved; safe withdrawal identified"
"PPT_01025","Push-Pull","Uganda","Admin2","Kamuli","Other (specify)","Other (specify)",10,10000,10,60,0.756923076923077,0.0411214953271028,"Uganda / Kamuli","Uganda / Kamuli","Pooled","Pooled",4,0.4,12.0052381492707,60,12.0052431220686,12.0052431220686,15.9785063017188,24.3619077426118,34.0220025455349,TRUE,"Target achieved; safe withdrawal identified"
"PPT_01026","Push-Pull","Uganda","Admin2","Kamuli","Other (specify)","Other (specify)",10,10000,20,12,0.756923076923077,0.0411214953271028,"Uganda / Kamuli","Uganda / Kamuli","Pooled","Pooled",143,14.3,20.0426014963705,12,20.042601869245,20.042601869245,39.5887197137965,54.6192784381149,60.7813426151922,TRUE,"Target achieved; safe withdrawal identified"
"PPT_01027","Push-Pull","Uganda","Admin2","Kamuli","Other (specify)","Other (specify)",10,10000,20,24,0.756923076923077,0.0411214953271028,"Uganda / Kamuli","Uganda / Kamuli","Pooled","Pooled",39,3.9,20.3419895804611,24,20.3419895736854,20.3419895736854,31.1728482513334,43.7664631105187,52.5548432222968,TRUE,"Target achieved; safe withdrawal identified"
"PPT_01028","Push-Pull","Uganda","Admin2","Kamuli","Other (specify)","Other (specify)",10,10000,20,36,0.756923076923077,0.0411214953271028,"Uganda / Kamuli","Uganda / Kamuli","Pooled","Pooled",19,1.9,20.3561731426247,36,20.3561770048972,20.3561770048972,28.2417488624603,39.6474046525063,49.0265890756471,TRUE,"Target achieved; safe withdrawal identified"
"PPT_01029","Push-Pull","Uganda","Admin2","Kamuli","Other (specify)","Other (specify)",10,10000,20,48,0.756923076923077,0.0411214953271028,"Uganda / Kamuli","Uganda / Kamuli","Pooled","Pooled",12,1.2,21.3253382478384,48,21.3253403334276,21.3253403334276,28.0471233406953,38.9232489255902,48.3319095308211,TRUE,"Target achieved; safe withdrawal identified"
"PPT_01030","Push-Pull","Uganda","Admin2","Kamuli","Other (specify)","Other (specify)",10,10000,20,60,0.756923076923077,0.0411214953271028,"Uganda / Kamuli","Uganda / Kamuli","Pooled","Pooled",8,0.8,21.5900917685745,60,21.5901008280356,21.5901008280356,27.5882732652594,38.1266606328267,47.5934445462283,TRUE,"Target achieved; safe withdrawal identified"
"PPT_01031","Push-Pull","Uganda","Admin2","Kamuli","Other (specify)","Other (specify)",10,10000,30,12,0.756923076923077,0.0411214953271028,"Uganda / Kamuli","Uganda / Kamuli","Pooled","Pooled",276,27.6,30.0108604288049,12,30.0108562146106,30.0108562146106,53.7704505098843,66.5248144472482,67.9285118375667,TRUE,"Target achieved; safe withdrawal identified"
"PPT_01032","Push-Pull","Uganda","Admin2","Kamuli","Other (specify)","Other (specify)",10,10000,30,24,0.756923076923077,0.0411214953271028,"Uganda / Kamuli","Uganda / Kamuli","Pooled","Pooled",66,6.6,30.0728886190195,24,30.0728845905628,30.0728845905628,43.6051953912157,55.5445486022452,61.0436851122328,TRUE,"Target achieved; safe withdrawal identified"
"PPT_01033","Push-Pull","Uganda","Admin2","Kamuli","Other (specify)","Other (specify)",10,10000,30,36,0.756923076923077,0.0411214953271028,"Uganda / Kamuli","Uganda / Kamuli","Pooled","Pooled",32,3.2,30.3548373390309,36,30.3548325681312,30.3548325681312,40.1560299711786,51.2894679316119,57.998325031715,TRUE,"Target achieved; safe withdrawal identified"
"PPT_01034","Push-Pull","Uganda","Admin2","Kamuli","Other (specify)","Other (specify)",10,10000,30,48,0.756923076923077,0.0411214953271028,"Uganda / Kamuli","Uganda / Kamuli","Pooled","Pooled",19,1.9,30.2873301228368,48,30.2873266278049,30.2873266278049,38.2928911310871,48.9677211979435,56.2452405352256,TRUE,"Target achieved; safe withdrawal identified"
"PPT_01035","Push-Pull","Uganda","Admin2","Kamuli","Other (specify)","Other (specify)",10,10000,30,60,0.756923076923077,0.0411214953271028,"Uganda / Kamuli","Uganda / Kamuli","Pooled","Pooled",13,1.3,31.1026930025055,60,31.1026918060096,31.1026918060096,38.1756630060086,48.4648222323071,55.8061810644507,TRUE,"Target achieved; safe withdrawal identified"
"PPT_01036","Push-Pull","Uganda","Admin2","Kamuli","Other (specify)","Other (specify)",10,10000,40,12,0.756923076923077,0.0411214953271028,"Uganda / Kamuli","Uganda / Kamuli","Pooled","Pooled",,,,,,,,,,FALSE,"Target not achieved with <= 500 ToTs"
"PPT_01037","Push-Pull","Uganda","Admin2","Kamuli","Other (specify)","Other (specify)",10,10000,40,24,0.756923076923077,0.0411214953271028,"Uganda / Kamuli","Uganda / Kamuli","Pooled","Pooled",105,10.5,40.1225881655051,24,40.1225819877702,40.1225819877702,54.8085338033867,64.1566256058556,66.1614940114103,TRUE,"Target achieved; safe withdrawal identified"
"PPT_01038","Push-Pull","Uganda","Admin2","Kamuli","Other (specify)","Other (specify)",10,10000,40,36,0.756923076923077,0.0411214953271028,"Uganda / Kamuli","Uganda / Kamuli","Pooled","Pooled",49,4.9,40.2225324332113,36,40.222520693684,40.222520693684,50.7277709951441,59.7868106326845,63.4214960911034,TRUE,"Target achieved; safe withdrawal identified"
"PPT_01039","Push-Pull","Uganda","Admin2","Kamuli","Other (specify)","Other (specify)",10,10000,40,48,0.756923076923077,0.0411214953271028,"Uganda / Kamuli","Uganda / Kamuli","Pooled","Pooled",29,2.9,40.1507405684922,48,40.1507303876737,40.1507303876737,48.5925395913446,57.416409907593,61.8410607934128,TRUE,"Target achieved; safe withdrawal identified"
"PPT_01040","Push-Pull","Uganda","Admin2","Kamuli","Other (specify)","Other (specify)",10,10000,40,60,0.756923076923077,0.0411214953271028,"Uganda / Kamuli","Uganda / Kamuli","Pooled","Pooled",20,2,41.1494873158725,60,41.1494601434421,41.1494601434421,48.3996825505339,56.7890656471389,61.3452028728412,TRUE,"Target achieved; safe withdrawal identified"
"PPT_01041","Push-Pull","Uganda","Admin2","Kamuli","Other (specify)","Other (specify)",10,10000,50,12,0.756923076923077,0.0411214953271028,"Uganda / Kamuli","Uganda / Kamuli","Pooled","Pooled",,,,,,,,,,FALSE,"Target not achieved with <= 500 ToTs"
"PPT_01042","Push-Pull","Uganda","Admin2","Kamuli","Other (specify)","Other (specify)",10,10000,50,24,0.756923076923077,0.0411214953271028,"Uganda / Kamuli","Uganda / Kamuli","Pooled","Pooled",167,16.7,50.1101246028563,24,50.1101245437096,50.1101245437096,64.2180309991839,70.0256994041581,69.1147413687432,TRUE,"Target achieved; safe withdrawal identified"
"PPT_01043","Push-Pull","Uganda","Admin2","Kamuli","Other (specify)","Other (specify)",10,10000,50,36,0.756923076923077,0.0411214953271028,"Uganda / Kamuli","Uganda / Kamuli","Pooled","Pooled",74,7.4,50.3162233535274,36,50.3161914144795,50.3161914144795,60.328283947858,66.1914999507039,66.903418418794,TRUE,"Target achieved; safe withdrawal identified"
"PPT_01044","Push-Pull","Uganda","Admin2","Kamuli","Other (specify)","Other (specify)",10,10000,50,48,0.756923076923077,0.0411214953271028,"Uganda / Kamuli","Uganda / Kamuli","Pooled","Pooled",44,4.4,50.5667738034108,48,50.5667488622608,50.5667488622608,58.3829210274999,64.1079639188676,65.6124334256081,TRUE,"Target achieved; safe withdrawal identified"
"PPT_01045","Push-Pull","Uganda","Admin2","Kamuli","Other (specify)","Other (specify)",10,10000,50,60,0.756923076923077,0.0411214953271028,"Uganda / Kamuli","Uganda / Kamuli","Pooled","Pooled",29,2.9,50.3281431159673,60,50.3281293065465,50.3281293065465,56.9052342901711,62.626120571484,64.6774051815504,TRUE,"Target achieved; safe withdrawal identified"
"PPT_01046","Push-Pull","Uganda","Admin2","Kamuli","Other (specify)","Other (specify)",10,10000,60,12,0.756923076923077,0.0411214953271028,"Uganda / Kamuli","Uganda / Kamuli","Pooled","Pooled",,,,,,,,,,FALSE,"Target not achieved with <= 500 ToTs"
"PPT_01047","Push-Pull","Uganda","Admin2","Kamuli","Other (specify)","Other (specify)",10,10000,60,24,0.756923076923077,0.0411214953271028,"Uganda / Kamuli","Uganda / Kamuli","Pooled","Pooled",299,29.9,60.0145219886474,24,60.0145095441793,60.0145095441793,71.6113405215608,73.5904007578343,70.6066177636598,TRUE,"Target achieved; safe withdrawal identified"
"PPT_01048","Push-Pull","Uganda","Admin2","Kamuli","Other (specify)","Other (specify)",10,10000,60,36,0.756923076923077,0.0411214953271028,"Uganda / Kamuli","Uganda / Kamuli","Pooled","Pooled",114,11.4,60.0696063864841,36,60.0695494873503,60.0695494873503,68.3750467807414,70.6086410420437,68.9576411401355,TRUE,"Target achieved; safe withdrawal identified"
"PPT_01049","Push-Pull","Uganda","Admin2","Kamuli","Other (specify)","Other (specify)",10,10000,60,48,0.756923076923077,0.0411214953271028,"Uganda / Kamuli","Uganda / Kamuli","Pooled","Pooled",66,6.6,60.1579763195044,48,60.1579540540581,60.1579540540581,66.3874815381199,68.6576601295858,67.8084140623307,TRUE,"Target achieved; safe withdrawal identified"
"PPT_01050","Push-Pull","Uganda","Admin2","Kamuli","Other (specify)","Other (specify)",10,10000,60,60,0.756923076923077,0.0411214953271028,"Uganda / Kamuli","Uganda / Kamuli","Pooled","Pooled",44,4.4,60.0833487176818,60,60.0833250337152,60.0833250337152,65.0613868790129,67.3475856128619,67.0062650893387,TRUE,"Target achieved; safe withdrawal identified"
"PPT_01051","Push-Pull","Uganda","Admin2","Kamuli","Wankole","Wankole",20,10000,10,12,1.11111111111111,0.0652173913043478,"Uganda / Kamuli / Wankole","Uganda / Kamuli / Wankole","Pooled","Pooled",44,4.4,10.1918018108892,12,10.1918021687254,10.1918021687254,20.6276173678275,31.9362332192016,41.7173691250662,TRUE,"Target achieved; safe withdrawal identified"
"PPT_01052","Push-Pull","Uganda","Admin2","Kamuli","Wankole","Wankole",20,10000,10,24,1.11111111111111,0.0652173913043478,"Uganda / Kamuli / Wankole","Uganda / Kamuli / Wankole","Pooled","Pooled",14,1.4,10.5551567187309,24,10.5551571111306,10.5551571111306,16.4939082043275,25.7398111772131,35.5342202843502,TRUE,"Target achieved; safe withdrawal identified"
"PPT_01053","Push-Pull","Uganda","Admin2","Kamuli","Wankole","Wankole",20,10000,10,36,1.11111111111111,0.0652173913043478,"Uganda / Kamuli / Wankole","Uganda / Kamuli / Wankole","Pooled","Pooled",7,0.7,10.4260186527725,36,10.42601899057,10.42601899057,14.8906088560383,23.2776873151428,32.8605112316358,TRUE,"Target achieved; safe withdrawal identified"
"PPT_01054","Push-Pull","Uganda","Admin2","Kamuli","Wankole","Wankole",20,10000,10,48,1.11111111111111,0.0652173913043478,"Uganda / Kamuli / Wankole","Uganda / Kamuli / Wankole","Pooled","Pooled",5,0.5,12.138324119734,48,12.1383264661547,12.1383264661547,16.4737504977725,25.1669506686572,34.8689735210799,TRUE,"Target achieved; safe withdrawal identified"
"PPT_01055","Push-Pull","Uganda","Admin2","Kamuli","Wankole","Wankole",20,10000,10,60,1.11111111111111,0.0652173913043478,"Uganda / Kamuli / Wankole","Uganda / Kamuli / Wankole","Pooled","Pooled",3,0.3,11.2114980788159,60,11.211498231887,11.211498231887,14.9252933669169,23.0512392842537,32.5746971916127,TRUE,"Target achieved; safe withdrawal identified"
"PPT_01056","Push-Pull","Uganda","Admin2","Kamuli","Wankole","Wankole",20,10000,20,12,1.11111111111111,0.0652173913043478,"Uganda / Kamuli / Wankole","Uganda / Kamuli / Wankole","Pooled","Pooled",99,9.9,20.1198905702592,12,20.1198917912277,20.1198917912277,37.7268298313311,50.0940672174422,55.8233234243948,TRUE,"Target achieved; safe withdrawal identified"
"PPT_01057","Push-Pull","Uganda","Admin2","Kamuli","Wankole","Wankole",20,10000,20,24,1.11111111111111,0.0652173913043478,"Uganda / Kamuli / Wankole","Uganda / Kamuli / Wankole","Pooled","Pooled",30,3,20.5005502711998,24,20.5005504941081,20.5005504941081,30.3223098906029,41.5881685539482,49.7135932034924,TRUE,"Target achieved; safe withdrawal identified"
"PPT_01058","Push-Pull","Uganda","Admin2","Kamuli","Wankole","Wankole",20,10000,20,36,1.11111111111111,0.0652173913043478,"Uganda / Kamuli / Wankole","Uganda / Kamuli / Wankole","Pooled","Pooled",15,1.5,20.2946422969217,36,20.2946426760099,20.2946426760099,27.5945452671441,38.2270019659761,46.995238290281,TRUE,"Target achieved; safe withdrawal identified"
"PPT_01059","Push-Pull","Uganda","Admin2","Kamuli","Wankole","Wankole",20,10000,20,48,1.11111111111111,0.0652173913043478,"Uganda / Kamuli / Wankole","Uganda / Kamuli / Wankole","Pooled","Pooled",9,0.9,20.1137713652194,48,20.1137730563892,20.1137730563892,26.2779063182537,36.5551409885242,45.5683626924197,TRUE,"Target achieved; safe withdrawal identified"
"PPT_01060","Push-Pull","Uganda","Admin2","Kamuli","Wankole","Wankole",20,10000,20,60,1.11111111111111,0.0652173913043478,"Uganda / Kamuli / Wankole","Uganda / Kamuli / Wankole","Pooled","Pooled",6,0.6,20.2730635605846,60,20.2730652020742,20.2730652020742,25.8664537140727,35.9451981390134,45.0192657970048,TRUE,"Target achieved; safe withdrawal identified"
"PPT_01061","Push-Pull","Uganda","Admin2","Kamuli","Wankole","Wankole",20,10000,30,12,1.11111111111111,0.0652173913043478,"Uganda / Kamuli / Wankole","Uganda / Kamuli / Wankole","Pooled","Pooled",174,17.4,30.0365058827529,12,30.036505920147,30.036505920147,52.0036333568178,61.3286753363323,62.1776051105696,TRUE,"Target achieved; safe withdrawal identified"
"PPT_01062","Push-Pull","Uganda","Admin2","Kamuli","Wankole","Wankole",20,10000,30,24,1.11111111111111,0.0652173913043478,"Uganda / Kamuli / Wankole","Uganda / Kamuli / Wankole","Pooled","Pooled",49,4.9,30.0325137667979,24,30.0325120293012,30.0325120293012,42.1274717472133,52.12644365373,56.8520635474661,TRUE,"Target achieved; safe withdrawal identified"
"PPT_01063","Push-Pull","Uganda","Admin2","Kamuli","Wankole","Wankole",20,10000,30,36,1.11111111111111,0.0652173913043478,"Uganda / Kamuli / Wankole","Uganda / Kamuli / Wankole","Pooled","Pooled",25,2.5,30.2722750205497,36,30.2722743304735,30.2722743304735,39.1683207458754,48.9376586559111,54.7180512386766,TRUE,"Target achieved; safe withdrawal identified"
"PPT_01064","Push-Pull","Uganda","Admin2","Kamuli","Wankole","Wankole",20,10000,30,48,1.11111111111111,0.0652173913043478,"Uganda / Kamuli / Wankole","Uganda / Kamuli / Wankole","Pooled","Pooled",16,1.6,31.3191298797239,48,31.3191296667906,31.3191296667906,38.794463493571,48.2007775012247,54.1390999919049,TRUE,"Target achieved; safe withdrawal identified"
"PPT_01065","Push-Pull","Uganda","Admin2","Kamuli","Wankole","Wankole",20,10000,30,60,1.11111111111111,0.0652173913043478,"Uganda / Kamuli / Wankole","Uganda / Kamuli / Wankole","Pooled","Pooled",11,1.1,31.9746433831557,60,31.9746422529334,31.9746422529334,38.6318917385328,47.7967666666299,53.7998123798169,TRUE,"Target achieved; safe withdrawal identified"
"PPT_01066","Push-Pull","Uganda","Admin2","Kamuli","Wankole","Wankole",20,10000,40,12,1.11111111111111,0.0652173913043478,"Uganda / Kamuli / Wankole","Uganda / Kamuli / Wankole","Pooled","Pooled",290,29,40.0379695330114,12,40.037969406904,40.037969406904,63.5339116240269,68.3136642469722,65.2933694700065,TRUE,"Target achieved; safe withdrawal identified"
"PPT_01067","Push-Pull","Uganda","Admin2","Kamuli","Wankole","Wankole",20,10000,40,24,1.11111111111111,0.0652173913043478,"Uganda / Kamuli / Wankole","Uganda / Kamuli / Wankole","Pooled","Pooled",75,7.5,40.0720776119585,24,40.0720766820137,40.0720766820137,53.10057847243,59.9661805123974,61.1322318325359,TRUE,"Target achieved; safe withdrawal identified"
"PPT_01068","Push-Pull","Uganda","Admin2","Kamuli","Wankole","Wankole",20,10000,40,36,1.11111111111111,0.0652173913043478,"Uganda / Kamuli / Wankole","Uganda / Kamuli / Wankole","Pooled","Pooled",38,3.8,40.3201844817061,36,40.3201821312142,40.3201821312142,49.607375640291,56.7017208949674,59.2302459544038,TRUE,"Target achieved; safe withdrawal identified"
"PPT_01069","Push-Pull","Uganda","Admin2","Kamuli","Wankole","Wankole",20,10000,40,48,1.11111111111111,0.0652173913043478,"Uganda / Kamuli / Wankole","Uganda / Kamuli / Wankole","Pooled","Pooled",24,2.4,40.9868915592291,48,40.9868856864219,40.9868856864219,48.480218074713,55.3975898878356,58.3735699875759,TRUE,"Target achieved; safe withdrawal identified"
"PPT_01070","Push-Pull","Uganda","Admin2","Kamuli","Wankole","Wankole",20,10000,40,60,1.11111111111111,0.0652173913043478,"Uganda / Kamuli / Wankole","Uganda / Kamuli / Wankole","Pooled","Pooled",16,1.6,40.6775267725786,60,40.6775266477556,40.6775266477556,47.1895598601796,54.1747049876322,57.5924728141226,TRUE,"Target achieved; safe withdrawal identified"
"PPT_01071","Push-Pull","Uganda","Admin2","Kamuli","Wankole","Wankole",20,10000,50,12,1.11111111111111,0.0652173913043478,"Uganda / Kamuli / Wankole","Uganda / Kamuli / Wankole","Pooled","Pooled",,,,,,,,,,FALSE,"Target not achieved with <= 500 ToTs"
"PPT_01072","Push-Pull","Uganda","Admin2","Kamuli","Wankole","Wankole",20,10000,50,24,1.11111111111111,0.0652173913043478,"Uganda / Kamuli / Wankole","Uganda / Kamuli / Wankole","Pooled","Pooled",112,11.2,50.1937831242819,24,50.1937827883051,50.1937827883051,62.6587029155382,65.4686086959717,63.6053471050353,TRUE,"Target achieved; safe withdrawal identified"
"PPT_01073","Push-Pull","Uganda","Admin2","Kamuli","Wankole","Wankole",20,10000,50,36,1.11111111111111,0.0652173913043478,"Uganda / Kamuli / Wankole","Uganda / Kamuli / Wankole","Pooled","Pooled",56,5.6,50.4166517290231,36,50.4166426686648,50.4166426686648,58.902532272218,62.3195291015164,61.9267601638581,TRUE,"Target achieved; safe withdrawal identified"
"PPT_01074","Push-Pull","Uganda","Admin2","Kamuli","Wankole","Wankole",20,10000,50,48,1.11111111111111,0.0652173913043478,"Uganda / Kamuli / Wankole","Uganda / Kamuli / Wankole","Pooled","Pooled",35,3.5,50.5860194114999,48,50.5860193029646,50.5860193029646,57.1114298071072,60.6640944437973,60.9525475770857,TRUE,"Target achieved; safe withdrawal identified"
"PPT_01075","Push-Pull","Uganda","Admin2","Kamuli","Wankole","Wankole",20,10000,50,60,1.11111111111111,0.0652173913043478,"Uganda / Kamuli / Wankole","Uganda / Kamuli / Wankole","Pooled","Pooled",24,2.4,50.5573275024262,60,50.5573198167664,50.5573198167664,55.970631472072,59.5861963676864,60.2857811872957,TRUE,"Target achieved; safe withdrawal identified"
"PPT_01076","Push-Pull","Uganda","Admin2","Kamuli","Wankole","Wankole",20,10000,60,12,1.11111111111111,0.0652173913043478,"Uganda / Kamuli / Wankole","Uganda / Kamuli / Wankole","Pooled","Pooled",,,,,,,,,,FALSE,"Target not achieved with <= 500 ToTs"
"PPT_01077","Push-Pull","Uganda","Admin2","Kamuli","Wankole","Wankole",20,10000,60,24,1.11111111111111,0.0652173913043478,"Uganda / Kamuli / Wankole","Uganda / Kamuli / Wankole","Pooled","Pooled",170,17,60.0396140343348,24,60.0396056412232,60.0396056412232,70.4174741338906,69.035398443869,64.9135681561694,TRUE,"Target achieved; safe withdrawal identified"
"PPT_01078","Push-Pull","Uganda","Admin2","Kamuli","Wankole","Wankole",20,10000,60,36,1.11111111111111,0.0652173913043478,"Uganda / Kamuli / Wankole","Uganda / Kamuli / Wankole","Pooled","Pooled",82,8.2,60.0201922074331,36,60.0201860669646,60.0201860669646,66.606725273265,66.1007381001255,63.4194790598416,TRUE,"Target achieved; safe withdrawal identified"
"PPT_01079","Push-Pull","Uganda","Admin2","Kamuli","Wankole","Wankole",20,10000,60,48,1.11111111111111,0.0652173913043478,"Uganda / Kamuli / Wankole","Uganda / Kamuli / Wankole","Pooled","Pooled",52,5.2,60.2133029805339,48,60.2133011306367,60.2133011306367,64.7652488296306,64.4740767013259,62.484153085911,TRUE,"Target achieved; safe withdrawal identified"
"PPT_01080","Push-Pull","Uganda","Admin2","Kamuli","Wankole","Wankole",20,10000,60,60,1.11111111111111,0.0652173913043478,"Uganda / Kamuli / Wankole","Uganda / Kamuli / Wankole","Pooled","Pooled",37,3.7,60.400105546272,60,60.4001038978606,60.4001038978606,63.7166419500235,63.4430361112643,61.8369431554955,TRUE,"Target achieved; safe withdrawal identified"
"PPT_01081","Push-Pull","Uganda","Admin2","Namutumba","Magada","Magada",93,10000,10,12,0.876190476190476,0.0816777041942605,"Uganda / Namutumba / Magada","Uganda / Namutumba / Magada","Pooled","Pooled",53,5.3,10.0024079943186,12,10.0024106468216,10.0024106468216,20.71783742926,31.2370128604396,38.9865931411561,TRUE,"Target achieved; safe withdrawal identified"
"PPT_01082","Push-Pull","Uganda","Admin2","Namutumba","Magada","Magada",93,10000,10,24,0.876190476190476,0.0816777041942605,"Uganda / Namutumba / Magada","Uganda / Namutumba / Magada","Pooled","Pooled",16,1.6,10.1314252935612,24,10.1314253715535,10.1314253715535,15.9075701362066,23.9890082972619,31.8574385237455,TRUE,"Target achieved; safe withdrawal identified"
"PPT_01083","Push-Pull","Uganda","Admin2","Namutumba","Magada","Magada",93,10000,10,36,0.876190476190476,0.0816777041942605,"Uganda / Namutumba / Magada","Uganda / Namutumba / Magada","Pooled","Pooled",8,0.8,10.0339937913068,36,10.0339960512345,10.0339960512345,14.2282707588841,21.3511590827469,29.00699805643,TRUE,"Target achieved; safe withdrawal identified"
"PPT_01084","Push-Pull","Uganda","Admin2","Namutumba","Magada","Magada",93,10000,10,48,0.876190476190476,0.0816777041942605,"Uganda / Namutumba / Magada","Uganda / Namutumba / Magada","Pooled","Pooled",5,0.5,10.2762744291677,48,10.2762747180279,10.2762747180279,13.8507981746511,20.625871160536,28.1826372725102,TRUE,"Target achieved; safe withdrawal identified"
"PPT_01085","Push-Pull","Uganda","Admin2","Namutumba","Magada","Magada",93,10000,10,60,0.876190476190476,0.0816777041942605,"Uganda / Namutumba / Magada","Uganda / Namutumba / Magada","Pooled","Pooled",4,0.4,12.1013904521584,54,10.1691770435211,10.1691770435211,13.4991066766903,20.0939687236268,27.5834919680537,TRUE,"Target achieved; safe withdrawal identified"
"PPT_01086","Push-Pull","Uganda","Admin2","Namutumba","Magada","Magada",93,10000,20,12,0.876190476190476,0.0816777041942605,"Uganda / Namutumba / Magada","Uganda / Namutumba / Magada","Pooled","Pooled",125,12.5,20.0440258321258,12,20.0440260594501,20.0440260594501,38.1539994875154,49.4364242573299,52.7437063663642,TRUE,"Target achieved; safe withdrawal identified"
"PPT_01087","Push-Pull","Uganda","Admin2","Namutumba","Magada","Magada",93,10000,20,24,0.876190476190476,0.0816777041942605,"Uganda / Namutumba / Magada","Uganda / Namutumba / Magada","Pooled","Pooled",36,3.6,20.336796278726,24,20.336796281372,20.336796281372,30.1393435475547,39.9673754368859,45.991824385317,TRUE,"Target achieved; safe withdrawal identified"
"PPT_01088","Push-Pull","Uganda","Admin2","Namutumba","Magada","Magada",93,10000,20,36,0.876190476190476,0.0816777041942605,"Uganda / Namutumba / Magada","Uganda / Namutumba / Magada","Pooled","Pooled",18,1.8,20.2567772339905,36,20.2567773990629,20.2567773990629,27.2981450694619,36.3193211967959,43.0323204541472,TRUE,"Target achieved; safe withdrawal identified"
"PPT_01089","Push-Pull","Uganda","Admin2","Namutumba","Magada","Magada",93,10000,20,48,0.876190476190476,0.0816777041942605,"Uganda / Namutumba / Magada","Uganda / Namutumba / Magada","Pooled","Pooled",11,1.1,20.2547412056169,48,20.2547424505512,20.2547424505512,26.0424172844276,34.6190395936421,41.5678659955171,TRUE,"Target achieved; safe withdrawal identified"
"PPT_01090","Push-Pull","Uganda","Admin2","Namutumba","Magada","Magada",93,10000,20,60,0.876190476190476,0.0816777041942605,"Uganda / Namutumba / Magada","Uganda / Namutumba / Magada","Pooled","Pooled",8,0.8,21.5973654848571,60,21.5973655360648,21.5973655360648,26.867306102542,35.1819537494439,41.968629278153,TRUE,"Target achieved; safe withdrawal identified"
"PPT_01091","Push-Pull","Uganda","Admin2","Namutumba","Magada","Magada",93,10000,30,12,0.876190476190476,0.0816777041942605,"Uganda / Namutumba / Magada","Uganda / Namutumba / Magada","Pooled","Pooled",233,23.3,30.0584219640638,12,30.0584140126822,30.0584140126822,52.2064642378791,60.2841408900275,58.6855088162174,TRUE,"Target achieved; safe withdrawal identified"
"PPT_01092","Push-Pull","Uganda","Admin2","Namutumba","Magada","Magada",93,10000,30,24,0.876190476190476,0.0816777041942605,"Uganda / Namutumba / Magada","Uganda / Namutumba / Magada","Pooled","Pooled",61,6.1,30.2132411613223,24,30.2132408989423,30.2132408989423,42.290885689679,50.5693981319528,53.0602970569648,TRUE,"Target achieved; safe withdrawal identified"
"PPT_01093","Push-Pull","Uganda","Admin2","Namutumba","Magada","Magada",93,10000,30,36,0.876190476190476,0.0816777041942605,"Uganda / Namutumba / Magada","Uganda / Namutumba / Magada","Pooled","Pooled",31,3.1,30.6616685746281,36,30.6616678959493,30.6616678959493,39.2158256813262,47.0322438808186,50.6682091114971,TRUE,"Target achieved; safe withdrawal identified"
"PPT_01094","Push-Pull","Uganda","Admin2","Namutumba","Magada","Magada",93,10000,30,48,0.876190476190476,0.0816777041942605,"Uganda / Namutumba / Magada","Uganda / Namutumba / Magada","Pooled","Pooled",19,1.9,30.629668275294,48,30.6296682267366,30.6296682267366,37.49079310054,45.0365317616813,49.2375667950209,TRUE,"Target achieved; safe withdrawal identified"
"PPT_01095","Push-Pull","Uganda","Admin2","Namutumba","Magada","Magada",93,10000,30,60,0.876190476190476,0.0816777041942605,"Uganda / Namutumba / Magada","Uganda / Namutumba / Magada","Pooled","Pooled",13,1.3,30.8584672602426,60,30.8584572993814,30.8584572993814,36.7786162120335,44.0821930374353,48.5035730119171,TRUE,"Target achieved; safe withdrawal identified"
"PPT_01096","Push-Pull","Uganda","Admin2","Namutumba","Magada","Magada",93,10000,40,12,0.876190476190476,0.0816777041942605,"Uganda / Namutumba / Magada","Uganda / Namutumba / Magada","Pooled","Pooled",434,43.4,40.0095166494823,12,40.0095082169754,40.0095082169754,62.5598842567613,66.2797297317237,61.2266123034296,TRUE,"Target achieved; safe withdrawal identified"
"PPT_01097","Push-Pull","Uganda","Admin2","Namutumba","Magada","Magada",93,10000,40,24,0.876190476190476,0.0816777041942605,"Uganda / Namutumba / Magada","Uganda / Namutumba / Magada","Pooled","Pooled",95,9.5,40.0016763040572,24,40.0016617141057,40.0016617141057,52.7909877990956,57.8841510461772,56.9619422359198,TRUE,"Target achieved; safe withdrawal identified"
"PPT_01098","Push-Pull","Uganda","Admin2","Namutumba","Magada","Magada",93,10000,40,36,0.876190476190476,0.0816777041942605,"Uganda / Namutumba / Magada","Uganda / Namutumba / Magada","Pooled","Pooled",47,4.7,40.2458256768965,36,40.2457825890057,40.2457825890057,49.0047244588483,54.1148490730204,54.7235331040115,TRUE,"Target achieved; safe withdrawal identified"
"PPT_01099","Push-Pull","Uganda","Admin2","Namutumba","Magada","Magada",93,10000,40,48,0.876190476190476,0.0816777041942605,"Uganda / Namutumba / Magada","Uganda / Namutumba / Magada","Pooled","Pooled",29,2.9,40.2681093331591,48,40.2680826559503,40.2680826559503,47.0543803551946,52.0670442825355,53.4071806315052,TRUE,"Target achieved; safe withdrawal identified"
"PPT_01100","Push-Pull","Uganda","Admin2","Namutumba","Magada","Magada",93,10000,40,60,0.876190476190476,0.0816777041942605,"Uganda / Namutumba / Magada","Uganda / Namutumba / Magada","Pooled","Pooled",20,2,40.4381743983476,60,40.4381738105959,40.4381738105959,46.0826964430638,50.9313644922368,52.6216616196999,TRUE,"Target achieved; safe withdrawal identified"
"PPT_01101","Push-Pull","Uganda","Admin2","Namutumba","Magada","Magada",93,10000,50,12,0.876190476190476,0.0816777041942605,"Uganda / Namutumba / Magada","Uganda / Namutumba / Magada","Pooled","Pooled",,,,,,,,,,FALSE,"Target not achieved with <= 500 ToTs"
"PPT_01102","Push-Pull","Uganda","Admin2","Namutumba","Magada","Magada",93,10000,50,24,0.876190476190476,0.0816777041942605,"Uganda / Namutumba / Magada","Uganda / Namutumba / Magada","Pooled","Pooled",149,14.9,50.0613716679901,24,50.0613595694726,50.0613595694726,61.917519078771,62.9487690681371,59.145359372426,TRUE,"Target achieved; safe withdrawal identified"
"PPT_01103","Push-Pull","Uganda","Admin2","Namutumba","Magada","Magada",93,10000,50,36,0.876190476190476,0.0816777041942605,"Uganda / Namutumba / Magada","Uganda / Namutumba / Magada","Pooled","Pooled",71,7.1,50.1947003416847,36,50.1946988628941,50.1946988628941,57.9561200198708,59.3734159897647,57.186862725126,TRUE,"Target achieved; safe withdrawal identified"
"PPT_01104","Push-Pull","Uganda","Admin2","Namutumba","Magada","Magada",93,10000,50,48,0.876190476190476,0.0816777041942605,"Uganda / Namutumba / Magada","Uganda / Namutumba / Magada","Pooled","Pooled",44,4.4,50.2087330683554,48,50.2087047167486,50.2087047167486,55.8434304047808,57.3233571869524,55.9552635433657,TRUE,"Target achieved; safe withdrawal identified"
"PPT_01105","Push-Pull","Uganda","Admin2","Namutumba","Magada","Magada",93,10000,50,60,0.876190476190476,0.0816777041942605,"Uganda / Namutumba / Magada","Uganda / Namutumba / Magada","Pooled","Pooled",31,3.1,50.4631993112011,60,50.4631846780586,50.4631846780586,54.7934760813215,56.1388686697149,55.1711025551704,TRUE,"Target achieved; safe withdrawal identified"
"PPT_01106","Push-Pull","Uganda","Admin2","Namutumba","Magada","Magada",93,10000,60,12,0.876190476190476,0.0816777041942605,"Uganda / Namutumba / Magada","Uganda / Namutumba / Magada","Pooled","Pooled",,,,,,,,,,FALSE,"Target not achieved with <= 500 ToTs"
"PPT_01107","Push-Pull","Uganda","Admin2","Namutumba","Magada","Magada",93,10000,60,24,0.876190476190476,0.0816777041942605,"Uganda / Namutumba / Magada","Uganda / Namutumba / Magada","Pooled","Pooled",256,25.6,60.0125097567716,24,60.0125067425138,60.0125067425138,69.0395761693308,65.8956741053065,60.0838161753878,TRUE,"Target achieved; safe withdrawal identified"
"PPT_01108","Push-Pull","Uganda","Admin2","Namutumba","Magada","Magada",93,10000,60,36,0.876190476190476,0.0816777041942605,"Uganda / Namutumba / Magada","Uganda / Namutumba / Magada","Pooled","Pooled",112,11.2,60.1350685623286,,,,,,,FALSE,"Target achieved; continued support required within tested horizon"
"PPT_01109","Push-Pull","Uganda","Admin2","Namutumba","Magada","Magada",93,10000,60,48,0.876190476190476,0.0816777041942605,"Uganda / Namutumba / Magada","Uganda / Namutumba / Magada","Pooled","Pooled",70,7,60.2228336779241,,,,,,,FALSE,"Target achieved; continued support required within tested horizon"
"PPT_01110","Push-Pull","Uganda","Admin2","Namutumba","Magada","Magada",93,10000,60,60,0.876190476190476,0.0816777041942605,"Uganda / Namutumba / Magada","Uganda / Namutumba / Magada","Pooled","Pooled",50,5,60.097389054472,,,,,,,FALSE,"Target achieved; continued support required within tested horizon"
"PPT_01111","Push-Pull","Uganda","Admin2","Namutumba","Namutumba","Namutumba",23,10000,10,12,0.707692307692308,0.192307692307692,"Uganda / Namutumba / Namutumba","Uganda / Namutumba / Namutumba","Pooled","Pooled",68,6.8,10.0677645776121,12,10.0677645940853,10.0677645940853,20.0177834998593,25.8501952981351,27.2097100294731,TRUE,"Target achieved; safe withdrawal identified"
"PPT_01112","Push-Pull","Uganda","Admin2","Namutumba","Namutumba","Namutumba",23,10000,10,24,0.707692307692308,0.192307692307692,"Uganda / Namutumba / Namutumba","Uganda / Namutumba / Namutumba","Pooled","Pooled",21,2.1,10.3022550600489,24,10.3022550621988,10.3022550621988,15.3057568395931,19.4731893213605,21.7484424066176,TRUE,"Target achieved; safe withdrawal identified"
"PPT_01113","Push-Pull","Uganda","Admin2","Namutumba","Namutumba","Namutumba",23,10000,10,36,0.707692307692308,0.192307692307692,"Uganda / Namutumba / Namutumba","Uganda / Namutumba / Namutumba","Pooled","Pooled",11,1.1,10.28873644389,36,10.2887368117698,10.2887368117698,13.6527643634637,17.12338364387,19.5286605517493,TRUE,"Target achieved; safe withdrawal identified"
"PPT_01114","Push-Pull","Uganda","Admin2","Namutumba","Namutumba","Namutumba",23,10000,10,48,0.707692307692308,0.192307692307692,"Uganda / Namutumba / Namutumba","Uganda / Namutumba / Namutumba","Pooled","Pooled",7,0.7,10.22540353117,48,10.2254042921519,10.2254042921519,12.8209619939181,15.930403598356,18.3544624632938,TRUE,"Target achieved; safe withdrawal identified"
"PPT_01115","Push-Pull","Uganda","Admin2","Namutumba","Namutumba","Namutumba",23,10000,10,60,0.707692307692308,0.192307692307692,"Uganda / Namutumba / Namutumba","Uganda / Namutumba / Namutumba","Pooled","Pooled",5,0.5,10.3168077340897,60,10.3168099060463,10.3168099060463,12.5060114417739,15.4125478674913,17.8228753927461,TRUE,"Target achieved; safe withdrawal identified"
"PPT_01116","Push-Pull","Uganda","Admin2","Namutumba","Namutumba","Namutumba",23,10000,20,12,0.707692307692308,0.192307692307692,"Uganda / Namutumba / Namutumba","Uganda / Namutumba / Namutumba","Pooled","Pooled",168,16.8,20.0497301476099,12,20.049730105825,20.049730105825,36.1060302085853,40.1083527350961,36.2973058438549,TRUE,"Target achieved; safe withdrawal identified"
"PPT_01117","Push-Pull","Uganda","Admin2","Namutumba","Namutumba","Namutumba",23,10000,20,24,0.707692307692308,0.192307692307692,"Uganda / Namutumba / Namutumba","Uganda / Namutumba / Namutumba","Pooled","Pooled",47,4.7,20.053510664556,24,20.0535106515737,20.0535106515737,27.9880752639845,31.4435915363459,30.816683258327,TRUE,"Target achieved; safe withdrawal identified"
"PPT_01118","Push-Pull","Uganda","Admin2","Namutumba","Namutumba","Namutumba",23,10000,20,36,0.707692307692308,0.192307692307692,"Uganda / Namutumba / Namutumba","Uganda / Namutumba / Namutumba","Pooled","Pooled",25,2.5,20.3674133519194,36,20.367413214107,20.367413214107,25.5371490396359,28.3923787286733,28.545370375063,TRUE,"Target achieved; safe withdrawal identified"
"PPT_01119","Push-Pull","Uganda","Admin2","Namutumba","Namutumba","Namutumba",23,10000,20,48,0.707692307692308,0.192307692307692,"Uganda / Namutumba / Namutumba","Uganda / Namutumba / Namutumba","Pooled","Pooled",16,1.6,20.2237360975538,48,20.2237224003558,20.2237224003558,24.0316311531398,26.5672683906997,27.1143162679368,TRUE,"Target achieved; safe withdrawal identified"
"PPT_01120","Push-Pull","Uganda","Admin2","Namutumba","Namutumba","Namutumba",23,10000,20,60,0.707692307692308,0.192307692307692,"Uganda / Namutumba / Namutumba","Uganda / Namutumba / Namutumba","Pooled","Pooled",12,1.2,20.9013301095744,60,20.901326842279,20.901326842279,23.9548934344585,26.1308594392808,26.6841886472679,TRUE,"Target achieved; safe withdrawal identified"
"PPT_01121","Push-Pull","Uganda","Admin2","Namutumba","Namutumba","Namutumba",23,10000,30,12,0.707692307692308,0.192307692307692,"Uganda / Namutumba / Namutumba","Uganda / Namutumba / Namutumba","Pooled","Pooled",350,35,30.0250348126443,12,30.0250258302519,30.0250258302519,48.1347137645577,47.6946813746539,39.5632191115395,TRUE,"Target achieved; safe withdrawal identified"
"PPT_01122","Push-Pull","Uganda","Admin2","Namutumba","Namutumba","Namutumba",23,10000,30,24,0.707692307692308,0.192307692307692,"Uganda / Namutumba / Namutumba","Uganda / Namutumba / Namutumba","Pooled","Pooled",85,8.5,30.168383953226,24,30.1683331152307,30.1683331152307,39.3041386174884,39.5805945714582,35.3273524056313,TRUE,"Target achieved; safe withdrawal identified"
"PPT_01123","Push-Pull","Uganda","Admin2","Namutumba","Namutumba","Namutumba",23,10000,30,36,0.707692307692308,0.192307692307692,"Uganda / Namutumba / Namutumba","Uganda / Namutumba / Namutumba","Pooled","Pooled",44,4.4,30.2776892748608,36,30.2776738390053,30.2776738390053,35.8162300683112,35.9110714193614,33.0317980548531,TRUE,"Target achieved; safe withdrawal identified"
"PPT_01124","Push-Pull","Uganda","Admin2","Namutumba","Namutumba","Namutumba",23,10000,30,48,0.707692307692308,0.192307692307692,"Uganda / Namutumba / Namutumba","Uganda / Namutumba / Namutumba","Pooled","Pooled",29,2.9,30.448987346326,48,30.4489868549374,30.4489868549374,34.1706686709911,33.9885476785764,31.6950007856092,TRUE,"Target achieved; safe withdrawal identified"
"PPT_01125","Push-Pull","Uganda","Admin2","Namutumba","Namutumba","Namutumba",23,10000,30,60,0.707692307692308,0.192307692307692,"Uganda / Namutumba / Namutumba","Uganda / Namutumba / Namutumba","Pooled","Pooled",21,2.1,30.2411505254579,60,30.2411504942405,30.2411504942405,32.9150159715909,32.6041771188523,30.7053023720717,TRUE,"Target achieved; safe withdrawal identified"
"PPT_01126","Push-Pull","Uganda","Admin2","Namutumba","Namutumba","Namutumba",23,10000,40,12,0.707692307692308,0.192307692307692,"Uganda / Namutumba / Namutumba","Uganda / Namutumba / Namutumba","Pooled","Pooled",,,,,,,,,,FALSE,"Target not achieved with <= 500 ToTs"
"PPT_01127","Push-Pull","Uganda","Admin2","Namutumba","Namutumba","Namutumba",23,10000,40,24,0.707692307692308,0.192307692307692,"Uganda / Namutumba / Namutumba","Uganda / Namutumba / Namutumba","Pooled","Pooled",145,14.5,40.0064036720181,,,,,,,FALSE,"Target achieved; continued support required within tested horizon"
"PPT_01128","Push-Pull","Uganda","Admin2","Namutumba","Namutumba","Namutumba",23,10000,40,36,0.707692307692308,0.192307692307692,"Uganda / Namutumba / Namutumba","Uganda / Namutumba / Namutumba","Pooled","Pooled",73,7.3,40.104207515019,,,,,,,FALSE,"Target achieved; continued support required within tested horizon"
"PPT_01129","Push-Pull","Uganda","Admin2","Namutumba","Namutumba","Namutumba",23,10000,40,48,0.707692307692308,0.192307692307692,"Uganda / Namutumba / Namutumba","Uganda / Namutumba / Namutumba","Pooled","Pooled",49,4.9,40.2872040492005,,,,,,,FALSE,"Target achieved; continued support required within tested horizon"
"PPT_01130","Push-Pull","Uganda","Admin2","Namutumba","Namutumba","Namutumba",23,10000,40,60,0.707692307692308,0.192307692307692,"Uganda / Namutumba / Namutumba","Uganda / Namutumba / Namutumba","Pooled","Pooled",37,3.7,40.1448430532067,,,,,,,FALSE,"Target achieved; continued support required within tested horizon"
"PPT_01131","Push-Pull","Uganda","Admin2","Namutumba","Namutumba","Namutumba",23,10000,50,12,0.707692307692308,0.192307692307692,"Uganda / Namutumba / Namutumba","Uganda / Namutumba / Namutumba","Pooled","Pooled",,,,,,,,,,FALSE,"Target not achieved with <= 500 ToTs"
"PPT_01132","Push-Pull","Uganda","Admin2","Namutumba","Namutumba","Namutumba",23,10000,50,24,0.707692307692308,0.192307692307692,"Uganda / Namutumba / Namutumba","Uganda / Namutumba / Namutumba","Pooled","Pooled",287,28.7,50.0247915135286,,,,,,,FALSE,"Target achieved; continued support required within tested horizon"
"PPT_01133","Push-Pull","Uganda","Admin2","Namutumba","Namutumba","Namutumba",23,10000,50,36,0.707692307692308,0.192307692307692,"Uganda / Namutumba / Namutumba","Uganda / Namutumba / Namutumba","Pooled","Pooled",131,13.1,50.0087632164531,,,,,,,FALSE,"Target achieved; continued support required within tested horizon"
"PPT_01134","Push-Pull","Uganda","Admin2","Namutumba","Namutumba","Namutumba",23,10000,50,48,0.707692307692308,0.192307692307692,"Uganda / Namutumba / Namutumba","Uganda / Namutumba / Namutumba","Pooled","Pooled",91,9.1,50.0043699904026,,,,,,,FALSE,"Target achieved; continued support required within tested horizon"
"PPT_01135","Push-Pull","Uganda","Admin2","Namutumba","Namutumba","Namutumba",23,10000,50,60,0.707692307692308,0.192307692307692,"Uganda / Namutumba / Namutumba","Uganda / Namutumba / Namutumba","Pooled","Pooled",79,7.9,50.0419475936423,,,,,,,FALSE,"Target achieved; continued support required within tested horizon"
"PPT_01136","Push-Pull","Uganda","Admin2","Namutumba","Namutumba","Namutumba",23,10000,60,12,0.707692307692308,0.192307692307692,"Uganda / Namutumba / Namutumba","Uganda / Namutumba / Namutumba","Pooled","Pooled",,,,,,,,,,FALSE,"Target not achieved with <= 500 ToTs"
"PPT_01137","Push-Pull","Uganda","Admin2","Namutumba","Namutumba","Namutumba",23,10000,60,24,0.707692307692308,0.192307692307692,"Uganda / Namutumba / Namutumba","Uganda / Namutumba / Namutumba","Pooled","Pooled",,,,,,,,,,FALSE,"Target not achieved with <= 500 ToTs"
"PPT_01138","Push-Pull","Uganda","Admin2","Namutumba","Namutumba","Namutumba",23,10000,60,36,0.707692307692308,0.192307692307692,"Uganda / Namutumba / Namutumba","Uganda / Namutumba / Namutumba","Pooled","Pooled",,,,,,,,,,FALSE,"Target not achieved with <= 500 ToTs"
"PPT_01139","Push-Pull","Uganda","Admin2","Namutumba","Namutumba","Namutumba",23,10000,60,48,0.707692307692308,0.192307692307692,"Uganda / Namutumba / Namutumba","Uganda / Namutumba / Namutumba","Pooled","Pooled",,,,,,,,,,FALSE,"Target not achieved with <= 500 ToTs"
"PPT_01140","Push-Pull","Uganda","Admin2","Namutumba","Namutumba","Namutumba",23,10000,60,60,0.707692307692308,0.192307692307692,"Uganda / Namutumba / Namutumba","Uganda / Namutumba / Namutumba","Pooled","Pooled",,,,,,,,,,FALSE,"Target not achieved with <= 500 ToTs"
