{"type":"FeatureCollection","features":[{"type":"Feature","properties":{"country":"Kenya","admin_level":"Admin1","name":"Siaya"},"geometry":{"type":"Polygon","coordinates":[[[34.37065887420772,0.30655878755806],[34.36997604325984,0.305756360267878],[34.36900711098946,0.304385810556767],[34.368114471805484,0.303073407411887],[34.36766433683971,0.302425116725829],[34.36728286781016,0.301549495412928],[34.36678695555361,0.300693839948792],[34.36613464399869,0.300092697120306],[34.365116120412665,0.299474596675338],[34.36413955559607,0.298932136409007],[34.36349487299003,0.298637032872819],[34.36279296832089,0.298484742576875],[34.36230850263536,0.298255830941912],[34.3619117739093,0.297784567304006],[34.359893798659925,0.301160842598847],[34.35865020714141,0.303973316715258],[34.35780715927302,0.304997056369132],[34.356922149937304,0.305592954351425],[34.356189727673836,0.305898547579943],[34.35475158671642,0.3061735629596],[34.35305786113145,0.306356906845849],[34.35161209122509,0.306471496662311],[34.35034561196045,0.306670129023303],[34.348876953408706,0.306975722251821],[34.347335815795304,0.307235479733663],[34.34514236482835,0.307732074575654],[34.343414306724924,0.308221012589684],[34.3421936038518,0.308816909672714],[34.34086990342337,0.309237092717694],[34.339374542201426,0.309756577104395],[34.33810424801271,0.31024554389677],[34.33695983912531,0.310642808618752],[34.33592987076696,0.310940742321463],[34.33467483537538,0.311215788278048],[34.333606719574504,0.311368555214699],[34.332153320719215,0.311322718568647],[34.33064269980082,0.311154663157254],[34.329181671097274,0.310917824897729],[34.32793045062982,0.310551107447679],[34.32682800320981,0.310291379643502],[34.32557678184304,0.310077458807712],[34.32416534355582,0.309901743870455],[34.32306289703513,0.309657275762731],[34.32185745205982,0.309504479148416],[34.32035827681307,0.309428096129807],[34.31834793141195,0.30931347573636],[34.316135406723674,0.309267639989628],[34.31341552770448,0.309252381192493],[34.312015533290264,0.309366971008956],[34.31082534801146,0.309641987287932],[34.30958557141702,0.309871196598465],[34.308334350949565,0.309932291142388],[34.30611038238828,0.309955208566066],[34.30386352518161,0.309985786414984],[34.301986694030745,0.310123294554444],[34.300968170444776,0.310329556763691],[34.29983901855593,0.310742109960472],[34.29906082169964,0.310085087756647],[34.298725128162175,0.309917032345197],[34.293766021784506,0.309756577104395],[34.29170227014373,0.309374600857211],[34.290088652569295,0.308939129337375],[34.28909683255284,0.308496027969341],[34.28783035238888,0.30779317001884],[34.2869529720021,0.307322442376858],[34.28604125999618,0.308297395608349],[34.2853851317185,0.309290558312682],[34.284137726175175,0.310016333686917],[34.28284072841694,0.31024554389677],[34.281494140242444,0.310642808618752],[34.28044128413802,0.310963660644461],[34.27885055520903,0.311238705701783],[34.277576446096134,0.311414420639039],[34.27627944923722,0.311582476050489],[34.274841308279804,0.311811685361022],[34.272945404306995,0.312193661608262],[34.27123641992489,0.312545090583512],[34.269897460699326,0.312995820900483],[34.26851654090569,0.313553541762587],[34.26711654559216,0.314126521421883],[34.26575088459572,0.314577251738797],[34.26448059040695,0.314989804935578],[34.26356506257764,0.315218984568503],[34.26216125503794,0.315325945436086],[34.26001357956312,0.315241902891557],[34.25830078115615,0.315196067144825],[34.256896972717186,0.315073817802499],[34.256015777406276,0.314882844967372],[34.25503921528758,0.314546703567544],[34.2537117008344,0.314164699441392],[34.25219726589114,0.313782721395512],[34.250823975046444,0.313522964813046],[34.249916077065336,0.31337803636734],[34.24973297060018,0.312719791984875],[34.249343871722374,0.311517625937711],[34.24896621671758,0.310672908927643],[34.24839401227388,0.309624403743271],[34.24786376929757,0.308596461557499],[34.24721527086808,0.307225912745707],[34.246635436576184,0.30600511994038],[34.24613952611827,0.304976284727786],[34.24560928314196,0.303784966303226],[34.24510955775992,0.302636980812053],[34.24465560876939,0.301629780589963],[34.24406814642788,0.300655066578088],[34.24347305333879,0.299735367693131],[34.24296188318442,0.298802614249269],[34.242424011259175,0.297676802442538],[34.2417526241843,0.296470732438422],[34.24100494402302,0.295294195270969],[34.24034500082121,0.294262618025471],[34.23947906520675,0.293072879709655],[34.23886108437159,0.292261749680051],[34.238258361434305,0.291378706262321],[34.237754822027455,0.290518135103923],[34.237377167022714,0.289652228267755],[34.20769882184322,0.288196682730756],[34.207717895564485,0.287530421791587],[34.20748901360713,0.286483467038408],[34.20705032341374,0.285455524852637],[34.20665359468768,0.284656048238105],[34.206329345922654,0.283761352304623],[34.20623397821555,0.282904743559129],[34.2063484187446,0.281762600063985],[34.20678710893799,0.280944079405799],[34.207431793342664,0.280144572214283],[34.20766067529996,0.279611587205011],[34.207672119173026,0.2787644860922],[34.2076148989085,0.27779367603739],[34.207519531201456,0.276746720384892],[34.20755767864398,0.275756865387052],[34.207679748121905,0.274795562065606],[34.207603455035496,0.274053156428067],[34.20722198510657,0.273006200775569],[34.20693588288475,0.271978258589797],[34.20650100671617,0.271007449434308],[34.20623397821555,0.270226985387126],[34.20618438689996,0.269360869908269],[34.20627975460707,0.268371015809805],[34.20647048912184,0.267171770760683],[34.206546783107626,0.266010582322565],[34.20663452186574,0.26510637965572],[34.20678710893799,0.263983279304966],[34.20686340292377,0.263069569904758],[34.20682525638051,0.262669800570904],[34.20648193389417,0.262041628618306],[34.2061004639653,0.261413454867125],[34.20550918580034,0.260747225404202],[34.20507049560695,0.260309398559968],[34.20448303236611,0.260061920421322],[34.20467376688089,0.261089861707774],[34.20490264883824,0.262270062713299],[34.20510864215015,0.26329800489907],[34.20507049560695,0.264192670255568],[34.20473098714541,0.265011191813073],[34.204196930144235,0.265867799659247],[34.20385360675857,0.26651501655482],[34.20347213772902,0.267276466235955],[34.20292282103139,0.267847507856231],[34.20214080835166,0.268399566586766],[34.2013206482294,0.268780261300094],[34.200542449574414,0.269046782583018],[34.19964599636569,0.269389420685286],[34.1986274718804,0.269817710219172],[34.197868346946734,0.270236492120489],[34.196990966559895,0.270826608361347],[34.19621276880429,0.271169245564295],[34.195335388417504,0.271549969955174],[34.19466781626676,0.271816461560491],[34.19375610336152,0.2720639405984],[34.19297409068179,0.272463679355383],[34.192081450598494,0.273015708408252],[34.19062423681913,0.273900866132124],[34.19001388583223,0.274586171114947],[34.18887329096964,0.275480835572125],[34.18805313084738,0.276318401173341],[34.18743515001222,0.277298749437762],[34.186786651582736,0.278193413894996],[34.18646621684246,0.27901196513011],[34.18629455604895,0.280116021437266],[34.185970306384604,0.281391412084076],[34.18537139927071,0.282866686948068],[34.18481826764901,0.283761352304623],[34.18466567967744,0.284637004194451],[34.184585571666844,0.285873620571181],[34.18392562756571,0.286315738980193],[34.18259429908767,0.287039070896469],[34.18137741113867,0.287610143093673],[34.18025207507327,0.288162201824207],[34.179492950139604,0.288695185934159],[34.178920745695905,0.289361446873329],[34.17829132098774,0.290446460036151],[34.17785263079435,0.291303068781644],[34.17736816420944,0.292226314592767],[34.17694854773737,0.293120979949322],[34.17638015731848,0.294148922135093],[34.175788879153515,0.294739007799024],[34.175064086738246,0.295214920931926],[34.17432403642522,0.295557558134874],[34.158760071420204,0.300519883186098],[34.1587867740904,0.300307005563923],[34.15887069702512,0.299966840597278],[34.158782959166274,0.29966479519419],[34.158828735557734,0.299366116852866],[34.159019470072565,0.298883020834808],[34.15912246672849,0.298597395253637],[34.15914154044981,0.298485278572798],[34.15910339390655,0.297550886564238],[34.15909957898242,0.297130613587001],[34.15894699101085,0.296572059053346],[34.158805846912344,0.294237583597635],[34.15866470371316,0.293478071955519],[34.1581382747616,0.290628552066096],[34.15790557877949,0.289995611008692],[34.15776061975686,0.289678841905072],[34.15748977633217,0.289201587883042],[34.15734863313298,0.289040147884577],[34.15672302244957,0.288204550899366],[34.15575027435574,0.286844373069414],[34.15557098371397,0.286587863938792],[34.154918670360416,0.28560355326141],[34.154415130953566,0.284876078168509],[34.153953552114785,0.284206778420128],[34.15376281760001,0.283908307822173],[34.1535263057944,0.283446460985431],[34.15329742473642,0.282963872185007],[34.1529083249593,0.282262145581626],[34.152675628977136,0.281731515896809],[34.15237045303405,0.281167685939977],[34.15191268911934,0.280263215275227],[34.15161514302446,0.279705256092768],[34.151351929448026,0.279247939141101],[34.15074920741006,0.278222949429619],[34.15021896443369,0.277422756055387],[34.149967193831,0.277016103310586],[34.149303436604384,0.27614673858119],[34.148929595624395,0.275541812304823],[34.148490905431004,0.274842619990977],[34.14814758294466,0.274043559762504],[34.14760208117116,0.272951394291454],[34.14734649744298,0.272340715051996],[34.147102355789116,0.271790504428282],[34.14666748141917,0.270562231961492],[34.146213532428646,0.269353479279687],[34.14598846359678,0.268812328426236],[34.14571762107141,0.268301606134287],[34.14567565960408,0.268225104405076],[34.145362853812685,0.267834394841486],[34.14503860504766,0.26743495465945],[34.14457702620882,0.266840099890771],[34.143264770552776,0.265076309024494],[34.14311981242946,0.264882295581515],[34.1425552369347,0.264162927876896],[34.14192962625128,0.263324588858723],[34.14176177858326,0.263100146854356],[34.141063689737564,0.262041777006459],[34.1408309937554,0.261705756115816],[34.14042663608046,0.261124253581499],[34.1403121946521,0.260970502786506],[34.1398620605857,0.260251403079849],[34.13955688464256,0.259789317922753],[34.13934707640652,0.259417623624472],[34.138637542788445,0.258284509322721],[34.13741683991526,0.256846040112691],[34.13648986821289,0.255919784270702],[34.13629150384986,0.255720854234085],[34.135753631924615,0.255184769261746],[34.13541793838721,0.254823088914463],[34.135311126807096,0.254699469005345],[34.13409042393397,0.253378629320309],[34.13401031502406,0.253282368586497],[34.13373184175117,0.25295862524041],[34.1331367495614,0.252434850188251],[34.13288497895866,0.252233504572644],[34.13248443620779,0.251919061115814],[34.13224411037743,0.251677542784421],[34.131900786991764,0.251380413974971],[34.13138580281259,0.251110554408626],[34.12979125985879,0.250249565065417],[34.12902069105212,0.249824315240005],[34.12873077390617,0.249616636598546],[34.12722778283597,0.248637795597858],[34.12625503564141,0.247981533321138],[34.12567520134951,0.24769765242479],[34.12236785908948,0.246011228435464],[34.12091064441074,0.245269328216978],[34.119728088080876,0.244668871571207],[34.11969756958723,0.244654253091369],[34.116893769431954,0.243234425928051],[34.11630249036767,0.242420390188897],[34.11608505228338,0.241969242586549],[34.11606597856212,0.241771519440135],[34.116035461867114,0.24139834935437],[34.11591339059055,0.240832090328752],[34.11589431776861,0.240631862570467],[34.115852356301275,0.240147441851036],[34.11570739727864,0.239149853582944],[34.115722656075775,0.238567054226223],[34.11593246431181,0.237841456917749],[34.11586761509841,0.23729179757845],[34.115833282579956,0.237092643610652],[34.11578369126437,0.236684009659371],[34.11581039393457,0.235666453743875],[34.11592865028706,0.23466798683819],[34.115943909084194,0.23434084675273],[34.116031646942986,0.233699307277277],[34.11590576164161,0.233133808178764],[34.11590194671754,0.232974454607415],[34.11597824070327,0.230548083727115],[34.11599731442459,0.22941254035652],[34.11597824070327,0.228969783428795],[34.115989684576334,0.227992787836911],[34.1159820556274,0.227689817930809],[34.115943909084194,0.226900041403837],[34.11592483536293,0.226055190394788],[34.115856170326026,0.225340991993221],[34.11580657990976,0.224773764397753],[34.11575698859423,0.223939821265787],[34.11577224739136,0.223455220681956],[34.11589431776861,0.222779214689069],[34.11590957656574,0.222701266850038],[34.115989684576334,0.222384781032872],[34.116138459422416,0.221845492675413],[34.11615753134504,0.22167065727507],[34.11621093758475,0.22121778117571],[34.11614608657271,0.220924719999857],[34.11612319972596,0.220767260400805],[34.116096496156445,0.220280587778973],[34.11602401709479,0.219865485903483],[34.11590957656574,0.219395489410374],[34.115531921561,0.218214258681144],[34.11515808058101,0.216572835867737],[34.114978789939244,0.215782269735996],[34.11487579328326,0.215261116207614],[34.11458969106144,0.214233338597751],[34.11429977391549,0.213377610288546],[34.11394882158089,0.212754964669955],[34.11362457281581,0.212318838443707],[34.11346054097123,0.212099581930204],[34.11330795299966,0.211864143915136],[34.112838745211945,0.210812583733798],[34.112792968820486,0.210627779348613],[34.1127090449865,0.210134908599173],[34.11254119911712,0.209531068703882],[34.11201477016556,0.208538874569456],[34.11175918643738,0.208176419006577],[34.110633850371926,0.20684279455935],[34.10976409893408,0.206235349281997],[34.10945510896613,0.205979913042597],[34.10978317265534,0.205058142119583],[34.110164642584266,0.203858897070518],[34.11050796507061,0.202869042971997],[34.1107521058251,0.201498463583277],[34.110809326089566,0.200508608585437],[34.110637664396734,0.199728146336952],[34.11020278912747,0.198547929143672],[34.109706878669556,0.197672293441656],[34.10921096821164,0.196948930948452],[34.10861206019848,0.196063771425941],[34.10819244372635,0.195321381076951],[34.10790634240385,0.19452188917387],[34.10764312702872,0.193570106974903],[34.10728073082112,0.192637354430417],[34.1067848203632,0.191628456288299],[34.10626220723515,0.190343558908182],[34.10586166358496,0.189163341714902],[34.105632781627605,0.188268661069912],[34.105499267377354,0.186898096969628],[34.10552978497162,0.186165213353945],[34.10621261591956,0.185042113003135],[34.106956482056034,0.183938041407544],[34.10766220075004,0.183005303252173],[34.10826873771214,0.182167724161161],[34.10882186933384,0.181615695108292],[34.109535216976724,0.180749565240319],[34.11020278912747,0.179797783940614],[34.11073303210378,0.178960219238775],[34.111267090004276,0.178008422650635],[34.11172485391893,0.177075683595945],[34.11207580535421,0.176076306576363],[34.11222839332572,0.175124526175978],[34.1122665407683,0.174096599278698],[34.11205673343153,0.172783136732448],[34.11178970313233,0.17126028233622],[34.11172485391893,0.170298979014717],[34.111953734976964,0.169080689921941],[34.11227798464131,0.167653008979244],[34.11257934566032,0.166358589577271],[34.11278152494748,0.165244996859144],[34.112819670591364,0.163626969009442],[34.113010406904834,0.16195182521659],[34.11311340356076,0.160590767849726],[34.11317062382528,0.15914405905113],[34.11315155010402,0.158135175298128],[34.11286544788214,0.156802669607544],[34.11266708441849,0.155689090379269],[34.11266708441849,0.154432727588357],[34.11278152494748,0.153347700935683],[34.11310577371256,0.151767730596362],[34.11326599243165,0.150349572574783],[34.113628387739936,0.148236617226132],[34.113914489961815,0.146885081881067],[34.11415100086805,0.145695343565308],[34.11353683495702,0.143540069718483],[34.112991333183516,0.141575365810525],[34.110916137669676,0.135462969740331],[34.109115601403914,0.131861031161691],[34.10715103059562,0.129241436443181],[34.10535049432991,0.127440467603549],[34.10316848723596,0.12547576459491],[34.102458953617884,0.126076087241699],[34.10224151643291,0.127986207697347],[34.10289382978647,0.131151556898885],[34.10513305624562,0.135735854626034],[34.099948882834724,0.135845005342787],[34.09825515724975,0.134917229646476],[34.0973281864467,0.134171813978071],[34.095825195376506,0.132630050436546],[34.09424591032058,0.131165369586199],[34.09343719497065,0.130240322432996],[34.09301376357439,0.129276722242992],[34.09270477270712,0.127388061409931],[34.09247207672502,0.125460862828618],[34.09185409588986,0.124497264437252],[34.090778351140045,0.123803474350893],[34.090003967409245,0.12407328175658],[34.08983230571641,0.125215321829671],[34.089622496581,0.125751331258982],[34.0893630979287,0.126013859552017],[34.08867263803188,0.126407652890919],[34.08788299640321,0.1265015457098],[34.08715438816455,0.126424461219983],[34.08660507236624,0.126166999707323],[34.08615875232459,0.125731215223425],[34.085662841866736,0.124865285904264],[34.085182190205956,0.12369483714707],[34.08488845813588,0.123082257640135],[34.08444976794249,0.122743159269419],[34.083641052592554,0.122590012818875],[34.08234786975845,0.122425936008199],[34.080776214550724,0.122097767997616],[34.07948303261594,0.121645003414244],[34.07813263041663,0.120912671082976],[34.07739257830491,0.120588212775829],[34.076343536225295,0.120270990413928],[34.07461547812187,0.119866252325721],[34.072822570805045,0.119669355656299],[34.071834563914024,0.119647481446179],[34.07187652628073,0.118172801933326],[34.07236862181452,0.117103614140547],[34.07299041757375,0.115098893998834],[34.073482513107535,0.113584212641342],[34.073749543406734,0.111490384073988],[34.07388305675772,0.109530210051219],[34.073970794616514,0.106322653867437],[34.073215484606976,0.103115089589778],[34.07192230267219,0.100085727774172],[34.07018661472057,0.098526493103236],[34.06884765639427,0.096610866098615],[34.06822586063504,0.094784342123717],[34.06773376420193,0.093893356793046],[34.06666564930032,0.092334121222791],[34.06599807714957,0.090507596348516],[34.06586456289932,0.08934930732471],[34.066230774031055,0.088470816275219],[34.04363632205866,0.005352712757542],[34.0301551824158,-0.017370362052532],[34.018859862992315,-0.026896490180832],[34.017074584624424,-0.026747854729649],[34.01583099400523,-0.026693806373999],[34.01428985639183,-0.026410048684738],[34.012817382915955,-0.026031706597905],[34.011100768685594,-0.025907565082036],[33.98221969588229,-0.129406451946124],[34.23979187009877,-0.337477773380499],[34.28216934224139,-0.41309773886951],[34.28677368136033,-0.418513685558082],[34.291717528940865,-0.422304838797231],[34.296657561597215,-0.4244711985869],[34.30193710361448,-0.425419003084471],[34.30755615229464,-0.425351292228299],[34.313110351761395,-0.424268096595313],[34.31663131718159,-0.422914117792232],[34.32048797613925,-0.420476943356221],[34.37054443367873,-0.377950399591214],[34.42244338985063,-0.333618938962843],[34.483417510909476,-0.299272477442855],[34.42599487286515,-0.130102797905749],[34.42587280158858,-0.129450991769829],[34.42554855372282,-0.128762215403867],[34.425029754619516,-0.127855911920733],[34.42464065574171,-0.127013043017485],[34.42438888513897,-0.125934556234711],[34.42424392701565,-0.125153362837352],[34.42436218156945,-0.124584160330699],[34.42453384416166,-0.123949751579744],[34.42457962055312,-0.123288147330072],[34.42444610630281,-0.122545569922067],[34.41142654459941,-0.082996048328937],[34.416503906430194,-0.075425356594906],[34.4377098087607,-0.059065957427947],[34.455966949215394,-0.048253573043894],[34.48577499372101,-0.029869526557377],[34.52928543087796,-0.020458254444861],[34.52953338655658,-0.019938068586953],[34.52997207674997,-0.019465172679531],[34.53072357183544,-0.018714451910398],[34.53140640278332,-0.017957818098751],[34.53185653684977,-0.01747309970375],[34.53260040298625,-0.016881981618099],[34.53338241566598,-0.01619628273221],[34.534042357968474,-0.015427828231623],[34.53431701631729,-0.0152032018662],[34.53483581542059,-0.014765774321006],[34.53503799470775,-0.014434747365669],[34.53503799470775,-0.014127365385548],[34.53490447955812,-0.013731314748327],[34.53475570741,-0.013184529642274],[34.53485870316666,-0.012815080051837],[34.53524398801966,-0.012356961804301],[34.53576278712296,-0.011913623015232],[34.53633880559147,-0.011396393228893],[34.53686904856778,-0.010967832099709],[34.53723907462364,-0.010509714751493],[34.53783798173754,-0.010014650555604],[34.53856277505207,-0.009393976250976],[34.539417266793464,-0.008714188608849],[34.54014205920873,-0.008034401866098],[34.54074859617083,-0.007576285417201],[34.54150390618037,-0.007029499411829],[34.54196167009508,-0.006541824945202],[34.54209518434533,-0.006024596058239],[34.542167663406985,-0.005344808416112],[34.54237365761827,-0.004931024946814],[34.54274368277481,-0.004657631944099],[34.543224334435536,-0.00447290759854],[34.53729248086336,0.00536599844213],[34.539150238292905,0.005931716975226],[34.54109191865717,0.006624435969002],[34.54252243066571,0.007617330675316],[34.543537140226874,0.008771861432308],[34.54457855155897,0.010111115635539],[34.54563903841097,0.011311826579572],[34.54680633504438,0.01282426143058],[34.54899978601139,0.015502771635624],[34.55020141606258,0.017072933069471],[34.55121612562374,0.018250553020664],[34.55158615078028,0.019174177446359],[34.55176925634618,0.020351797397552],[34.55209350601052,0.021875778644301],[34.55410003558825,0.043557852213155],[34.56018447893064,0.046871353030554],[34.56007003840159,0.048464603658601],[34.55977249140739,0.050034765092391],[34.55879974331356,0.052366915800576],[34.559402466250845,0.063150226901485],[34.559158324597036,0.077916666820784],[34.55520629883165,0.088702842262421],[34.555702209289564,0.088940792083918],[34.55649948076649,0.089678421422036],[34.556930542010946,0.090059138618415],[34.557441711265994,0.090344675166648],[34.558162689656456,0.090880050573901],[34.5587539669221,0.091391638013704],[34.55938720655439,0.09187942759354],[34.559646606106014,0.092307732415975],[34.55976867558394,0.092855006753211],[34.55989837670876,0.093414180020432],[34.56017303505757,0.093771100256106],[34.55511856097286,0.099299624977732],[34.55925369230408,0.101324185962483],[34.56075286755083,0.106928385936328],[34.556644439789125,0.11150564287118],[34.55514907856718,0.11191642260485],[34.55288696256332,0.111975110562923],[34.55077743543035,0.111945762986636],[34.54824066197705,0.112350433625636],[34.548091888030285,0.112862021065496],[34.54781723058079,0.113088063863131],[34.54740142813347,0.113171345581179],[34.54674911477986,0.113076173027025],[34.54570007359956,0.11293340475288],[34.545295715025304,0.112980990580297],[34.54502105757581,0.113266528027907],[34.54497528118435,0.113694831950966],[34.54510498140979,0.114123135874081],[34.54539108273235,0.11433728783561],[34.54584503172288,0.114444360219125],[34.546356200977925,0.114610924554597],[34.54689025887842,0.11492025086892],[34.54729461655336,0.115384242588789],[34.547473907195126,0.115872033067944],[34.54755783102911,0.116514488952532],[34.5477943419354,0.116954691805631],[34.54815292321888,0.117240226555282],[34.5487899777753,0.117513865072851],[34.54959869402455,0.117597147690276],[34.550407409374486,0.117561451799588],[34.551513671718624,0.117430581556164],[34.552394867029534,0.117501967042188],[34.55298996011862,0.117835089417895],[34.55331039395958,0.118322878997731],[34.553321838731904,0.118774979881437],[34.55316543583626,0.119120002086447],[34.552856444968995,0.119357943814123],[34.55255889887411,0.119702972314371],[34.552417754775604,0.120143167972856],[34.55231475811962,0.1207856238575],[34.552280425601225,0.12178499997782],[34.55239868195366,0.122189506940231],[34.55273056056694,0.122570216941995],[34.55338668794536,0.123034216755741],[34.554004668780465,0.123510107405593],[34.55436325096332,0.123962201094741],[34.55442047122784,0.124533273292002],[34.554439544949105,0.125163838340541],[34.55469131465247,0.125663518756426],[34.55514144871893,0.126163199172368],[34.55542755094075,0.126793757026292],[34.55543899571313,0.127602786239663],[34.555213927780585,0.128269031890341],[34.55483245875104,0.128625944032137],[34.55423736566195,0.128959075401042],[34.55324935877093,0.129280298846766],[34.55213928240204,0.129684805809177],[34.55112457284082,0.130267768842486],[34.55001830959736,0.130969717578466],[34.54910278356664,0.131778732402609],[34.5485687256662,0.132540166795309],[34.54818725573733,0.133313492024058],[34.54777526821408,0.134074911128266],[34.54725265508603,0.134824440295745],[34.54655075041683,0.135942786830185],[34.54607391368023,0.136835083372432],[34.545837402774,0.13762031472578],[34.54164886430368,0.138569712822061],[34.53994750976983,0.138307974133738],[34.53860473741872,0.13793915496808],[34.537235259699514,0.13720153282452],[34.53246307381187,0.133798898400471],[34.532405854446665,0.132930397919552],[34.53208160388294,0.132026195252763],[34.5315361021095,0.130800784428686],[34.530952453792736,0.129706218667081],[34.53044128543701,0.128956690398979],[34.529827117727336,0.12818336517023],[34.52919769301917,0.12773127867564],[34.528747558952716,0.12725537993191],[34.528331757404715,0.126636713813355],[34.527843474996416,0.126279800772238],[34.52713012735353,0.125839606013074],[34.52647399907585,0.125494584707383],[34.52591323940453,0.125006795127547],[34.52527999887292,0.124495208587064],[34.52474212604835,0.124269157695494],[34.52384948686438,0.124281056625534],[34.52289962741594,0.12448330965708],[34.52183914056394,0.124911613580139],[34.521102905174985,0.125292330776517],[34.520084380689696,0.125803902927828],[34.51918029763266,0.126327395592853],[34.518325805891266,0.1268389668449],[34.51721954444645,0.127517118620176],[34.5161819462399,0.128159582598698],[34.5152244569432,0.128944799562873],[34.51434326163229,0.129884690026472],[34.51382446342831,0.130498096010342],[34.512115478146825,0.123286150135755],[34.510814666363785,0.120127767082806],[34.50849151607065,0.118269898137328],[34.50519561768368,0.119756199589006],[34.50491333038593,0.124493761577867],[34.502498626410556,0.128488183183151],[34.49557876594736,0.121846303164432],[34.50328826893849,0.115761778883041],[34.49511337308377,0.111163548858713],[34.49595260602797,0.106983341707917],[34.493164062871244,0.102199323440061],[34.487743377654795,0.10464181736603],[34.48689269993821,0.104620605956256],[34.48533248860349,0.104513533572742],[34.483905792418454,0.104418352025391],[34.48299026458909,0.104418352025391],[34.48206710781085,0.10457301922952],[34.48133087242189,0.104858554878433],[34.48050689737545,0.105286858801549],[34.47964096086173,0.105619982076576],[34.4792480470598,0.105655677967206],[34.478794098069216,0.105536698559831],[34.477806091178195,0.105167888387371],[34.47670745868231,0.104680098807535],[34.47588729856005,0.104227997024509],[34.47517395001785,0.103799693101394],[34.47437667944024,0.103216730068084],[34.47356796229167,0.102598063949529],[34.47723770165868,0.112948722905287],[34.479259490932805,0.114209838613192],[34.48007965105512,0.115280591226337],[34.477516174032246,0.117374516920449],[34.476303101007375,0.118112154352502],[34.47508239723487,0.118754610237147],[34.47386932331068,0.119313784403687],[34.47288131731898,0.119658805709378],[34.47208404584211,0.119825362850236],[34.47119903560707,0.11984916071026],[34.47010421713594,0.119896747436997],[34.46932983430446,0.120134696359173],[34.46841430557578,0.120527304391658],[34.467582701580454,0.120896123557316],[34.46674347043489,0.121419600933905],[34.46598052967778,0.12187170271693],[34.4651489256824,0.122335694436799],[34.46436309807859,0.122799687055988],[34.46355438272866,0.123097121634885],[34.46295928963957,0.123168505322326],[34.46232223508315,0.123097121634885],[34.4611091611589,0.122882969673356],[34.46026611329057,0.122775897289898],[34.459552764748366,0.122894868603339],[34.459053039366324,0.123085222704901],[34.45846939104962,0.123549223417967],[34.45820617657387,0.123977527341083],[34.45808792112069,0.124608084295687],[34.4580268859321,0.125774011261683],[34.45789718660592,0.126642525232398],[34.457729339837215,0.127439633032679],[34.457439422691266,0.12839142962082],[34.45709610020492,0.129402696577245],[34.45685577437456,0.13008084925184],[34.45672607414906,0.130687609245797],[34.457176208215515,0.130747094902574],[34.45785522423927,0.130770891863222],[34.45865249661546,0.130640015324502],[34.45980834937586,0.130521044011005],[34.46137237563465,0.130449652229743],[34.4628334043382,0.130556732707078],[34.46408462480565,0.130628123589076],[34.465839385579216,0.130651906160608],[34.46728897130902,0.130640015324502],[34.46900558464006,0.130675703121256],[34.46990966769704,0.130770891863222],[34.47040939307908,0.13094934793412],[34.47076416033781,0.131187289661739],[34.471145630266676,0.131270572279163],[34.47144317636156,0.131222978357812],[34.47281646720626,0.131928816661627],[34.47647094687676,0.136464283000294],[34.481723785324505,0.138356774945237],[34.483844757229804,0.143055379202451],[34.4819526672818,0.146285668448911],[34.4814605708487,0.149515956795994],[34.481903075966216,0.151627138681533],[34.48147582964589,0.151853188673783],[34.48096466039084,0.152186319143368],[34.4802741995947,0.152578935269673],[34.47959518357089,0.153185695263687],[34.47891998157195,0.153947115267215],[34.47835922279995,0.154589578346418],[34.477760314786735,0.155136853582974],[34.476856231729755,0.155731722740882],[34.475975036418845,0.156052947085868],[34.47486877407471,0.156302779649593],[34.47361373868313,0.156588316197883],[34.47254180885744,0.156826272314674],[34.471328734933195,0.156980931424869],[34.46976852359853,0.157076105777719],[34.46851348910627,0.157302155769912],[34.46756362875851,0.157575800582777],[34.46707534814885,0.157682881060168],[34.46662139915827,0.157552003622129],[34.46590805061612,0.157230779277086],[34.465087889594486,0.156778678393323],[34.46401214574399,0.156243294892192],[34.46310806268701,0.155850693155003],[34.46227264376756,0.155469968764123],[34.461715698121,0.155053570965549],[34.46113204980429,0.154708549659858],[34.46043014513515,0.154530092689697],[34.45948410061078,0.154375419190274],[34.45840072601277,0.154101788766582],[34.457401275248685,0.154030397884583],[34.456558227380356,0.154137476563335],[34.45574951203042,0.154208853955481],[34.45502471961515,0.154066085681336],[34.45434570269208,0.153851940914365],[34.45370864903498,0.153649687882819],[34.45278167733261,0.153447433951953],[34.45168685886148,0.153233274795866],[34.450923919903005,0.152995333068191],[34.45014572124808,0.152531340449059],[34.44932556112582,0.151960268251798],[34.448539734421274,0.151353508257841],[34.44774246204503,0.150841921717358],[34.447086334666665,0.150544494333019],[34.446296692138674,0.15037792909817],[34.44551086543413,0.150318443441449],[34.44486999505426,0.150044798628585],[34.444393158317666,0.149675980362247],[34.44411849996885,0.149223893867656],[34.44377517658319,0.148831277741294],[34.44313049307783,0.148081748573873],[34.44271469242915,0.147772416863575],[34.44204711937908,0.147653446449453],[34.44117355301711,0.147558272096603],[34.440387725413245,0.147439300783162],[34.43983077976674,0.147201344666371],[34.43923568757697,0.146820634664607],[34.43859100317229,0.146380439006123],[34.43812942523283,0.146166279849979],[34.437461853082084,0.146130592053225],[34.436527252430835,0.146094903357152],[34.435386657568245,0.146178185974577],[34.4344711306382,0.146273359428051],[34.433494567620244,0.146499410319564],[34.43239975004849,0.146903917282032],[34.43151473981345,0.147248938587666],[34.4307060235642,0.147498786439883],[34.43003845231277,0.147760525128206],[34.42959976211938,0.148129344293864],[34.429039002448064,0.148688510366526],[34.42847442605398,0.149307175585704],[34.42781829867562,0.150151878206657],[34.427154541449,0.150901407374079],[34.42658233610598,0.151436790875266],[34.425998687789274,0.151769906056359],[34.425380706954115,0.152114927362049],[34.42492675796353,0.152555138309026],[34.42522430405842,0.152912049551503],[34.425712585567396,0.153102412646263],[34.4264526367798,0.153280868717161],[34.42737960758285,0.153447433951953],[34.42845535323204,0.153649687882819],[34.42946624786907,0.153875738774389],[34.43034744228066,0.154125585727229],[34.43122863759163,0.154399216150978],[34.43182373068066,0.154637157878597],[34.43240737899737,0.155029774004902],[34.43294906584674,0.155422389231944],[34.43361282307336,0.155898272687182],[34.43436431905815,0.15649314184509],[34.435028076284766,0.15708801190226],[34.43561172460147,0.157635286239497],[34.4360046384034,0.158123075819333],[34.43648147603932,0.158801227594608],[34.43707656822909,0.159372285402696],[34.437522888270735,0.15988387194318],[34.437854766884016,0.160466849365662],[34.43802261365278,0.16103790717375],[34.438320159747605,0.161775544605746],[34.43859100317229,0.162394210724301],[34.43893814058276,0.16316753595305],[34.4392700191961,0.163881376424456],[34.43964004525196,0.164428651661012],[34.4400444029269,0.164833158623424],[34.44037628243956,0.165035411654969],[34.440696716280456,0.165309042078661],[34.440807342784694,0.165689765570278],[34.44071197507765,0.166094273432009],[34.44056701695433,0.166629643443343],[34.44066238376206,0.167081743427786],[34.44094848598388,0.167545736046918],[34.44142532361985,0.167878867415823],[34.43995666506811,0.170251726835772],[34.432544708171804,0.176305562651635],[34.42947006189388,0.18314698334666],[34.42876815812406,0.183503896387776],[34.42812347371938,0.183932200310835],[34.427452088443204,0.184527068569423],[34.426879883100185,0.185169518158773],[34.42631149268129,0.18595475041144],[34.42604827910486,0.18653771344475],[34.42598724391621,0.186906531711145],[34.42649841317126,0.187061190821339],[34.426834106708725,0.187299133448278],[34.42710495013341,0.187739342596615],[34.42744064367082,0.188298508669277],[34.428050994657724,0.189048036937379],[34.42862319910142,0.189642906095287],[34.42926788440542,0.190416231324036],[34.42977905276115,0.191165759592195],[34.430206299081476,0.19195097655637],[34.430538177694814,0.192890867919289],[34.43079376232231,0.193735584929357],[34.431068420671124,0.194449425400705],[34.431484222219126,0.195008590574048],[34.43185424827499,0.195651039264078],[34.432079315308215,0.196448162352851],[34.43239975004849,0.197340458895098],[34.43275070058439,0.198101893287799],[34.4330482475786,0.198553994171561],[34.433643340667686,0.199244037682263],[34.4343338005645,0.200029253747118],[34.43492889365359,0.200683608561746],[34.43570327738439,0.2015877959401],[34.43627548182809,0.202158868137303],[34.43698120142136,0.202646657717139],[34.43769454996357,0.203039273843444],[34.43845748892204,0.203277215571063],[34.43924331742522,0.203419982945888],[34.440277099808384,0.203431889070487],[34.44237518306829,0.203384295149135],[34.44406509372914,0.203396185985241],[34.44533920284198,0.203562751220034],[34.446357727327324,0.203705518594859],[34.44697570816243,0.203860193892865],[34.44755935557987,0.204098135620484],[34.44807052573424,0.204371765144913],[34.44853210457302,0.204776272107324],[34.44903182995506,0.205204576030383],[34.44972228985182,0.205716162570866],[34.45027160744877,0.206168264353948],[34.450878144410865,0.206632256073817],[34.45140838558859,0.206834510004683],[34.450679779148516,0.207524552616064],[34.44934844977121,0.208987921355515],[34.448696136417595,0.209856435326287],[34.44789123509247,0.211248412284419],[34.446643830448465,0.214008585427905],[34.44481658971392,0.218600943778597],[34.43247222911015,0.214317918037523],[34.431377410639016,0.214127555842083],[34.43046188370903,0.213889614114464],[34.42935562136489,0.213354229713957],[34.42848586992699,0.212830752337425],[34.42776870736003,0.21229538322541],[34.42704010002063,0.211724311028206],[34.426460265728736,0.211188928426338],[34.425731659288715,0.210451290095023],[34.425029754619516,0.209677964866216],[34.424232483142646,0.208726182667249],[34.42366790764788,0.208024248320442],[34.42328643771896,0.207453176123238],[34.4226341243654,0.207048669160827],[34.421943663569266,0.206453800002919],[34.42173004130842,0.206001699119156],[34.421611785855305,0.205383047389773],[34.421394347770956,0.204990431263468],[34.42091369611023,0.204466953886879],[34.42047500591684,0.204098135620484],[34.41992569011853,0.203741207290932],[34.41929626541037,0.20346757776656],[34.41849899303418,0.203265323835694],[34.41783142088343,0.203134447296975],[34.41708373982277,0.202860816873226],[34.416458130038734,0.202610969920386],[34.41580581668512,0.202254056879269],[34.415245056114486,0.201861440752964],[34.414497375053884,0.201290368555703],[34.41380691515707,0.200814470711293],[34.413043976198594,0.200362384216703],[34.41233062765639,0.199934080293644],[34.41163253791137,0.199363008096384],[34.410991668430825,0.198613479828282],[34.41046905530271,0.197804450614967],[34.41017150920783,0.197126314128127],[34.40988540608669,0.196317300203305],[34.40968322769885,0.195662945388676],[34.40945053081742,0.19511567015212],[34.40915298472254,0.194437518376844],[34.408832549982264,0.193997323617623],[34.40839385978887,0.193402453560452],[34.40806961102379,0.192712410949071],[34.40773773241045,0.192010478400903],[34.40723800702847,0.191486984836502],[34.40670394912803,0.191070586138665],[34.40622711059274,0.190642282215606],[34.40582656874119,0.190118804839017],[34.40541076629387,0.189654796931393],[34.40483093290129,0.189119428718698],[34.40430450394973,0.18875060955304],[34.403720855633026,0.188488870864774],[34.403175353859524,0.188227132176451],[34.40256881689743,0.187822625214039],[34.40197372470766,0.18734672557099],[34.40155792226034,0.18682324909372],[34.40105056792942,0.186264067732566],[34.400634764582776,0.18595475041144],[34.400241851680164,0.185740590356033],[34.39974212629812,0.185574025121184],[34.39926528956153,0.185431256847096],[34.398742676433415,0.18519331511942],[34.39824295015205,0.185074344705299],[34.39789962766571,0.184860184649835],[34.39737701543697,0.184503273407415],[34.396827697840024,0.184253424655878],[34.39629745486371,0.184039279888907],[34.3957748417356,0.183765635076043],[34.39520263639258,0.18353958418453],[34.39460754420287,0.183373034238173],[34.393894195660664,0.18320646900338],[34.39326477095244,0.183004215072515],[34.392837524632114,0.182754367220298],[34.39242172218479,0.182397455078558],[34.3919906618396,0.182052433772867],[34.391223907057736,0.181624129849752],[34.39057159460344,0.181279107644741],[34.390190124674575,0.181088745449301],[34.38962936410394,0.180945977175156],[34.38896560687732,0.180708035447537],[34.38843917882508,0.180363014141847],[34.38796615611329,0.180125058025055],[34.387287140089484,0.180006086711558],[34.386466979967224,0.179970398914804],[34.38607406616529,0.180077477593557],[34.38575363142502,0.180386796713321],[34.38536071762309,0.180565268072712],[34.38509368912253,0.180596604949415],[34.38465881385321,0.183485418916973],[34.3856353759719,0.187021285204196],[34.388496399089604,0.192476630292276],[34.38954162624509,0.196349233330523],[34.38920593270768,0.200120836207645],[34.389732360759865,0.202456549130488],[34.390129088586605,0.203271209898446],[34.39086914069833,0.204464778426825],[34.391475677660424,0.205639407232923],[34.39174270616104,0.206624582158781],[34.391712188566714,0.207912891566764],[34.39152145405194,0.209276974252987],[34.39110565160456,0.21041370922535],[34.39068985005656,0.211702018633275],[34.390480041820524,0.212933480995389],[34.390441894378,0.214108109801487],[34.39033889772202,0.215510085422125],[34.38998031643848,0.216533139792602],[34.38929748459128,0.217916175691016],[34.38835144006697,0.21981073877464],[34.38763046257583,0.221136927627128],[34.386882782414546,0.222368404378415],[34.38614273030282,0.223959832979972],[34.385234832321714,0.225911229619612],[34.38443756084479,0.22738899290772],[34.38390731786848,0.228715181760265],[34.383804321212494,0.229264601879947],[34.384616850587236,0.229529843427599],[34.385147093563546,0.230079264446545],[34.38594436683911,0.230723411056601],[34.38687133764216,0.231500193279317],[34.388008117580625,0.232220113167728],[34.38901138326878,0.232788488298127],[34.39005661042427,0.233262136938094],[34.390964508405375,0.23343263580756],[34.39256668120743,0.233337909317129],[34.39438247716964,0.23322424310436],[34.394969940410476,0.233451589919014],[34.39561462391583,0.233716830567346],[34.39635467512818,0.233830496780058],[34.396980285811594,0.233944177381943],[34.39777374236439,0.23409573742839],[34.39815521229326,0.234455704567154],[34.398323059061966,0.235592440438836],[34.398590087562525,0.236634448021391],[34.39890289335392,0.237771182993754],[34.39857101474058,0.25008583089641],[34.3986549376753,0.252207756083124],[34.39873123166109,0.253818124406962],[34.39897918733965,0.254935920556363],[34.3992996211806,0.255750596612813],[34.39981079133503,0.25698205807555],[34.40045547484033,0.2584219284293],[34.400939941425236,0.25955864811317],[34.40124130244419,0.260543823039029],[34.40141296413702,0.261566877409507],[34.40126037616545,0.262135266929079],[34.40073013318914,0.262798338872301],[34.40012359622705,0.263480396403224],[34.39989852919382,0.264067708557945],[34.39963150069326,0.264465570429763],[34.39868545526957,0.264636069299229],[34.39768218958142,0.264977097615031],[34.396598815882726,0.265659153347315],[34.39556884842369,0.266587465938869],[34.3942985533356,0.267800002967817],[34.39325714110424,0.268823057338295],[34.39229202285861,0.26971349138455],[34.39149475138174,0.270585000097697],[34.390964508405375,0.271494388255462],[34.390434265429064,0.272650062950106],[34.39010238681573,0.273521572562572],[34.38978195207545,0.274412005709564],[34.38953399639689,0.275416135646196],[34.38974380463293,0.27609819137848],[34.39061355607083,0.27657181034084],[34.39159774803767,0.27746227406476],[34.39233779925007,0.278371662222469],[34.393608093438786,0.280000984657761],[34.394668579391464,0.280929326926923],[34.395919799858916,0.281762927417219],[34.396980285811594,0.282293408713883],[34.39738082856246,0.283609987411012],[34.3971481325803,0.285014480234111],[34.39630508381259,0.285763531861562],[34.393589019717524,0.286840319824933],[34.391624450707866,0.287776648973193],[34.38984680218823,0.289602488564071],[34.37065887420772,0.30655878755806]]]}},{"type":"Feature","properties":{"country":"Kenya","admin_level":"Admin1","name":"Vihiga"},"geometry":{"type":"Polygon","coordinates":[[[34.56034851077521,0.093925759366357],[34.559993744415806,0.09356884632524],[34.5598258976471,0.093200028058902],[34.559707641294665,0.092521882578865],[34.55955123929829,0.092141166281863],[34.55914688072403,0.09166527563201],[34.55838775668968,0.091082305404143],[34.55772781258855,0.090499340572137],[34.557189941562626,0.090225703853207],[34.556690216180584,0.089880683446836],[34.556110381888686,0.089273913560305],[34.55543136586488,0.088774226849125],[34.554969787925415,0.088670462172161],[34.560279846637684,0.071647569279946],[34.55786514266225,0.054941517437101],[34.55956268317135,0.050588939028387],[34.55990982058182,0.049434408271395],[34.56011581389373,0.047679525190006],[34.55674743644511,0.047933518916807],[34.55329513516239,0.040625344683974],[34.55195617683614,0.021229240736943],[34.55165481581713,0.019682171195313],[34.551445007581094,0.018712363884561],[34.55073165903889,0.017742559271767],[34.54962158177062,0.016310942895757],[34.54814529426994,0.01437133187153],[34.54621505777874,0.011981454580507],[34.5451087954346,0.010688380564375],[34.543998718166335,0.009418398440403],[34.543029784996634,0.008125324424213],[34.54180526719938,0.00704006574648],[34.54021453827039,0.006278075572766],[34.53794860824172,0.005654629557569],[34.543491363835415,-0.004389780563884],[34.54292678834065,-0.004565269771319],[34.54252243066571,-0.004798023310059],[34.542255401265834,-0.005093582802544],[34.54213714581266,-0.005684701787516],[34.542034149156734,-0.006349711769758],[34.54176712065612,-0.006763495239056],[34.541149139821016,-0.007325058004994],[34.54042434740575,-0.007783176252531],[34.539833069240785,-0.00830040603887],[34.538814544755496,-0.009172305957122],[34.538162231401884,-0.009719091962495],[34.53752517684546,-0.010265877068548],[34.53704834010887,-0.010746162705175],[34.53660202006722,-0.011204279154128],[34.53602600069945,-0.011691952721378],[34.53552627531741,-0.012105737090053],[34.53503799470775,-0.012578632098155],[34.53480148290214,-0.012977637008305],[34.53480148290214,-0.013465310575555],[34.53499984726517,-0.013997318021779],[34.5350608815545,-0.014292878413585],[34.53497696041842,-0.014588437906013],[34.534587859741976,-0.015002221375369],[34.53411483792945,-0.015367294864745],[34.538772583288164,-0.015824720634328],[34.54158401509028,-0.016215162199956],[34.54455184978809,-0.020275756820695],[34.54759597757237,-0.021915611216457],[34.54861068713353,-0.021290904351702],[34.550407409374486,-0.021603258683399],[34.56282424903992,-0.015824720634328],[34.56095123281318,-0.020822373753504],[34.56336975081342,-0.026600910003935],[34.5612640377052,-0.031676653954378],[34.5612640377052,-0.03526871617828],[34.56329345682764,-0.037923719903688],[34.56423187240301,-0.039797838699258],[34.566337586410555,-0.039016954668682],[34.56844711264421,-0.038157984303496],[34.57063293466223,-0.036049601108175],[34.5728988646909,-0.036596216242344],[34.57578658957948,-0.035893421244339],[34.58273696943564,-0.024180171577598],[34.585624695223544,-0.016293252131845],[34.59208297684796,-0.007321166638462],[34.603843689134976,0.012374884593271],[34.6096038819137,0.005480579265395],[34.61385345467323,-0.000697473609478],[34.64849090533107,-0.005726327807736],[34.65416717517502,-0.006611534994306],[34.65854644816011,-0.011927406924258],[34.66279220599557,-0.014441358281999],[34.66865921035435,-0.015502803811273],[34.68340683016112,-0.012039137795909],[34.68821334856722,-0.010865961394927],[34.69181823692213,-0.012465766282048],[34.69204330485468,-0.012696590775022],[34.69221115072406,-0.013013001948423],[34.69225692711552,-0.013313314357902],[34.69229888858291,-0.01378046539611],[34.692443847605546,-0.014140839927791],[34.69254684426153,-0.014421130730568],[34.69254684426153,-0.014668053987464],[34.69227600083684,-0.015242614654881],[34.691894530907916,-0.016277680370592],[34.6916198725591,-0.017253260429584],[34.69128417992101,-0.018371606064704],[34.69095993025661,-0.018930779331981],[34.69050979619021,-0.019501849730545],[34.69015121490668,-0.020156200947895],[34.6898193362934,-0.02063209339633],[34.689163208015714,-0.021453008049832],[34.688682556354934,-0.022154949591197],[34.68818283097295,-0.022737916221786],[34.687599181756866,-0.023463651126576],[34.687313080434365,-0.024118004142508],[34.687004089567154,-0.024998403553411],[34.686626434562356,-0.025700345994153],[34.68620681719091,-0.026295211554725],[34.68669128377576,-0.026473671222902],[34.68729782073791,-0.026568848273655],[34.68799972540705,-0.026485568354246],[34.688499450789095,-0.026223826967964],[34.6889152523371,-0.025771729681537],[34.689189910685855,-0.025260144939693],[34.689380646100005,-0.024677178309105],[34.68973541156004,-0.024082312748476],[34.69018936055062,-0.02359452316864],[34.690711974577994,-0.023154322114237],[34.691295623794076,-0.022821197040571],[34.69203948993055,-0.022404792047439],[34.69257354693167,-0.022000283286388],[34.693038940694635,-0.021524391737216],[34.69367980927581,-0.021060396420125],[34.6942405698465,-0.020846246257236],[34.69510650636022,-0.020774861670475],[34.695835113699616,-0.020905731014636],[34.69660186758216,-0.021179370431526],[34.697494506766134,-0.021464905181176],[34.698398589823114,-0.021619569687346],[34.69970703055509,-0.021667160011361],[34.70132827797772,-0.021702851405394],[34.70237731915802,-0.021857516810883],[34.70312500021862,-0.022095462135837],[34.70409011756493,-0.022321511228711],[34.70467376678096,-0.022285818935359],[34.70565414472304,-0.022095462135837],[34.70659637432328,-0.022024078448396],[34.707389831775345,-0.02197648992302],[34.708091736444544,-0.021821825416851],[34.70855712930813,-0.021512493706553],[34.70899963442565,-0.020905731014636],[34.70947265623812,-0.020025331603733],[34.70999526936623,-0.019168725556199],[34.71041870076249,-0.01845488688349],[34.710643768695036,-0.017729151978756],[34.71077728294529,-0.017039107568735],[34.71094131478992,-0.016444242008106],[34.71123886088475,-0.016075424641087],[34.71173858626679,-0.015730403335397],[34.71223831164883,-0.015337794403649],[34.71268081676635,-0.01483810589383],[34.71317291230014,-0.013814938208782],[34.713508605837546,-0.012934537898559],[34.71380233790762,-0.012125520376401],[34.71418380693717,-0.011352195147651],[34.71455383299303,-0.010781124749087],[34.714946746794965,-0.010400412049307],[34.71545791605001,-0.010186259188458],[34.715934753685985,-0.009960210994905],[34.7162742612482,-0.009579497395862],[34.716667175050134,-0.009127400109378],[34.71702194230886,-0.008913248147849],[34.71741485611079,-0.008841863561088],[34.71804428081896,-0.008972733804569],[34.718891143611415,-0.009186886665418],[34.719554900838034,-0.009270166584884],[34.72006988501721,-0.009174988634754],[34.72059249904464,-0.008937043309857],[34.72119140615854,-0.008365972011973],[34.721904754700745,-0.007711619895304],[34.72243118275293,-0.007437982276997],[34.72304916358809,-0.007283317770828],[34.72379684464869,-0.007211933184124],[34.72490310699283,-0.007081062940642],[34.72586822523846,-0.006878809009777],[34.72694015506414,-0.006652759916904],[34.73108673116775,-0.010588389242741],[34.740089416093724,-0.025759833449513],[34.74111938355276,-0.02539815400155],[34.7421455378863,-0.02478901260281],[34.74298477172988,-0.024617690853688],[34.74414443941441,-0.024693833753361],[34.7458000175568,-0.024731903854217],[34.74686813335774,-0.024430323400679],[34.746036529362414,-0.021537422913696],[34.74542236255206,-0.019275843805076],[34.74492645299347,-0.016910377711724],[34.7448387142353,-0.015192219345408],[34.74496841356148,-0.013290256640005],[34.74490356434808,-0.012043591238694],[34.74429702738598,-0.010525217264899],[34.74049758869279,-0.004827321423704],[34.73948288003095,-0.003380869831233],[34.739181518112616,-0.002581725965854],[34.73906707758363,-0.001558820882849],[34.73910141010202,0.000471004733129],[34.7393875123239,0.00285245357793],[34.73985290518749,0.004482707710849],[34.74069976797995,0.005793304117731],[34.74188232430987,0.006800226449343],[34.74333572406448,0.007743215077369],[34.75120544397612,0.009105756325653],[34.75294113192774,0.009605220904291],[34.75461959871558,0.009785027756891],[34.756217956593446,0.00968513556063],[34.75738906905036,0.009335509726043],[34.758506775267506,0.008596302077706],[34.75962448058539,0.007577392682549],[34.75970458859592,0.00649854886899],[34.75970458859592,0.005319811060474],[34.75984573359381,0.004540645634336],[34.760204314877285,0.003741501768957],[34.76046371442891,0.0027225923738],[34.760555267211885,0.000894551242595],[34.760532378566495,-0.000963458896479],[34.76071548503165,-0.001902453635296],[34.7610321048478,-0.002661639722874],[34.761573791697174,-0.003380869831233],[34.7619934081693,-0.003640591340172],[34.76241302464143,-0.003560677583152],[34.7636909486784,-0.002701598399995],[34.76445007361207,-0.002131856300082],[34.76491165155153,-0.001907995257739],[34.76524353016481,-0.001785888907591],[34.76544570855265,-0.001533536443503],[34.76565551768806,-0.001077671897008],[34.766132354424656,0.001296428587352],[34.76653289807484,0.002267249434055],[34.76708602879722,0.002686034033275],[34.7677307132019,0.002666998083555],[34.76858901986742,0.002457605334257],[34.769176483108254,0.002476641284034],[34.76990127642284,0.003199996582623],[34.77100372294353,0.004265995379455],[34.77197647103736,0.004932246426051],[34.772701262553255,0.005293923176055],[34.77317428616442,0.005389101126184],[34.77392578124983,0.005379583600927],[34.7752227781088,0.005512832551233],[34.77630615270681,0.005684154300354],[34.777278899901376,0.005931618949091],[34.77817153908529,0.006255225598238],[34.77868652326447,0.006616903247561],[34.77918243372238,0.007226046444941],[34.77952575710805,0.007930366693131],[34.779991149971636,0.009043953115963],[34.780258177572875,0.010071880912619],[34.78046798670829,0.011004629859826],[34.780654907198254,0.011214022609124],[34.781379699613524,0.011556664308671],[34.78235244770735,0.012241950405723],[34.78322601317001,0.012832055854744],[34.784008025849744,0.013231805403564],[34.784576416268635,0.01328891235346],[34.78495788529824,0.013193734403387],[34.785320282405166,0.012908197855097],[34.785720825156034,0.012774948904791],[34.78624343828409,0.012917716279617],[34.786911010434835,0.013431679728285],[34.7882423398122,0.01518296372285],[34.78900527966999,0.016115711770738],[34.789421081217995,0.016858103019104],[34.78945922866052,0.017372068266411],[34.78934478723221,0.017981208765832],[34.78949737520378,0.018476138063363],[34.78980255114686,0.018780707863414],[34.790412903033086,0.018971064662935],[34.79113388142355,0.019199491563313],[34.79185104399056,0.019780082185093],[34.79274368317448,0.020465365584187],[34.79358291611874,0.02101740273099],[34.79441833503819,0.021264865581145],[34.79514312655408,0.021455222380666],[34.79565811163258,0.021797865878852],[34.796188354608944,0.022121473427319],[34.79727554323176,0.022616399127571],[34.797637939439426,0.022940005776718],[34.79792022673712,0.023568183125178],[34.79816055256748,0.024110700948142],[34.798522948775144,0.024434307597289],[34.79903411892951,0.024700807296483],[34.79977798506599,0.025024413945573],[34.80038833605289,0.025290913644824],[34.80103301955825,0.025785841143716],[34.80170059170899,0.026452090391729],[34.80223464960943,0.027137374690142],[34.8027648925858,0.027860730888051],[34.803394317293964,0.028412767135535],[34.80396652263698,0.028774443885538],[34.80444335937358,0.029402623032695],[34.80503082261441,0.030068869582692],[34.80601119965718,0.030554281355023],[34.806564331278935,0.031049208853972],[34.80688858004396,0.031943887700322],[34.8071937559871,0.03289566899997],[34.8075714109919,0.033847454796273],[34.80799102656465,0.034646954793175],[34.80842971765742,0.035179954191563],[34.80900192300038,0.035598739690158],[34.80953216597675,0.03599849013824],[34.81019973722812,0.036626666587438],[34.82212829628389,0.036304857683092],[34.837505340798884,0.036281198318704],[34.849098205417874,0.060388702976297],[34.84749984843933,0.066977456444533],[34.8479766842766,0.068515226096849],[34.84863662657909,0.069698125068442],[34.84953689561132,0.070786393777098],[34.85076522833265,0.072016610578146],[34.851806640564064,0.072868302730058],[34.85236358621057,0.073779136098324],[34.85281372027703,0.075222268293089],[34.85427856480396,0.07983557904879],[34.85511779774822,0.080154961582252],[34.85606765719666,0.080462523426775],[34.856845855851645,0.080604463425288],[34.857555388570404,0.08093567923828],[34.858196258950215,0.0816217594367],[34.85885620125276,0.082662716611139],[34.85930633531916,0.083750978125181],[34.85930633531916,0.084626324245505],[34.85895156895981,0.08531241163854],[34.858325958276396,0.086152271410242],[34.85785293556455,0.087193219591484],[34.85759353601293,0.088068568409767],[34.857330322436496,0.089582681395655],[34.85723876965352,0.091286055806904],[34.857048034239426,0.09265822159972],[34.8569526674317,0.094195992151356],[34.85708236675788,0.095958508678279],[34.85741424537116,0.097567252826479],[34.8577461239845,0.09872649603102],[34.85807800259778,0.099862082569075],[34.85818481417789,0.101269729314595],[34.85823059056935,0.102807507060845],[34.85818481417789,0.104321613751495],[34.85789871195607,0.105102331407522],[34.85714340194647,0.106190599216802],[34.85678863558712,0.107018628407047],[34.856670379234686,0.108130551983436],[34.856670379234686,0.109739296131636],[34.85665893536162,0.111099630443618],[34.857841491691545,0.117794849252959],[34.85840988121112,0.118788488597943],[34.85878753621586,0.120113335661983],[34.85928344757309,0.121059656278135],[34.85992050212951,0.121414519764301],[34.86096191436093,0.12205328842856],[34.862144469791474,0.122786685557116],[34.86268615843949,0.122897893023378],[34.86974716210187,0.130027577011106],[34.8738098143715,0.133787125375591],[34.8749351504369,0.134453371026325],[34.87666702256507,0.134967341669551],[34.879787445234456,0.13557648666557],[34.88140487683364,0.136528268864538],[34.88237762492753,0.137461021409081],[34.88294982937117,0.13843183236321],[34.883140563885945,0.140373483049871],[34.88349914516948,0.142372220901336],[34.88393783536287,0.143114611250382],[34.88449096698457,0.143533394050962],[34.885364532447284,0.143895074398188],[34.89244842565438,0.147588238406513],[34.89381408665082,0.14808978131839],[34.895015716702005,0.148350596402963],[34.8963508610035,0.148962483431887],[34.897834776553736,0.149704783848733],[34.89939880371185,0.150848329386918],[34.902217865362275,0.152222574412349],[34.91076660129767,0.152904688600529],[34.914207458707324,0.154379249402893],[34.915618896095225,0.15597417906514],[34.9179878236792,0.161671817700267],[34.918941498051765,0.163527563346406],[34.92038345303399,0.166015252701811],[34.9203033450234,0.167239040249569],[34.92010498066037,0.167881026688065],[34.91953659024148,0.168359712430856],[34.91845703056754,0.169001698869351],[34.91745758070283,0.16956664578413],[34.91693115265065,0.170118748581444],[34.91644287114167,0.170940503201734],[34.91594314575963,0.171752930053742],[34.92501831064658,0.199160352168576],[34.92418289172713,0.199103236225426],[34.923152923368775,0.199084206570944],[34.922317504449325,0.199198424967392],[34.921325684432816,0.199522018126686],[34.92045211807084,0.199940815316438],[34.91976547219883,0.200264423764168],[34.91904067978362,0.20037862687218],[34.91818618804217,0.200340554073364],[34.91738510164117,0.200131163122705],[34.91578674286393,0.199464916572708],[34.914852142212624,0.198989018728298],[34.91376876941325,0.198589279971316],[34.91259765605702,0.198237120746569],[34.91185760484461,0.197894469154448],[34.9114570620938,0.197494730397523],[34.91101837190041,0.196714267249661],[34.91059875542828,0.196009934410995],[34.90999221756687,0.195534050056438],[34.9090194703723,0.19519141285349],[34.90793609577423,0.194982008412978],[34.9071540830945,0.194905877204519],[34.90673446662237,0.195020079413155],[34.906276702707714,0.195324659105779],[34.90589904770292,0.196105122253641],[34.90557479893789,0.196409687557093],[34.90518569916077,0.19653342707602],[34.90465164215959,0.19634306398126],[34.90402221655211,0.195810064582872],[34.9036598203445,0.195562600833398],[34.90320587135392,0.195524528933902],[34.902709960896004,0.195676818330526],[34.902309418145194,0.19592428208],[34.90198516758147,0.196895093034186],[34.901584624830605,0.19765652742683],[34.90113067584008,0.198018207774112],[34.90059661883896,0.19836084587638],[34.90042495714613,0.198817700576456],[34.900215148910036,0.199636235623814],[34.8996810910096,0.200264423764168],[34.89892196697525,0.20079740877344],[34.89830398524077,0.201206683941336],[34.89799881019701,0.201701611440285],[34.8977890010616,0.202463045832928],[34.897502898839775,0.203015073986535],[34.8972167966179,0.203205436181975],[34.89668273961678,0.203262537735952],[34.896247863448195,0.203414828031953],[34.895656585283234,0.204043000883814],[34.89533233741747,0.204690217779387],[34.89540863140326,0.205242246832256],[34.89573287926902,0.205718144676666],[34.89592361468311,0.206022709980118],[34.89584732069733,0.206289216873927],[34.89563751156197,0.206498607824528],[34.89517974944596,0.206498607824528],[34.89434432962719,0.206346318427904],[34.89377212518349,0.206441491881378],[34.89291381941729,0.206727028429668],[34.892459870426705,0.206822216272315],[34.89198303189147,0.206784144372818],[34.89144897489035,0.206555709378506],[34.890964508305444,0.206127404556128],[34.89052581811205,0.205442130150232],[34.89020156844765,0.204871058852348],[34.88985824596131,0.204642623858035],[34.88928985644179,0.204813942009878],[34.88854599030526,0.205099478558111],[34.8882026669196,0.205232724810458],[34.88771057138581,0.20517562325648],[34.88715743976411,0.204966232305821],[34.88658523532041,0.204604551059219],[34.88599777207958,0.203786015112541],[34.88565444959323,0.202929407266367],[34.88534927365009,0.202529669408761],[34.884815215749654,0.202187016917321],[34.88452911442715,0.201768234116741],[34.88449096698457,0.201235234718354],[34.88477706920645,0.200759351263116],[34.885253905943046,0.200302481274548],[34.88546371417914,0.199940815316438],[34.88546371417914,0.199350699974843],[34.88505172755521,0.198713004201807],[34.88442611687185,0.198084831349945],[34.88400650039972,0.197761222902159],[34.88354873558575,0.197570860706719],[34.88311386121575,0.197589903851053],[34.88271331756562,0.197856396355633],[34.88219833338644,0.198332295099362],[34.88172149664979,0.198598787603999],[34.880981445437385,0.198579758848837],[34.880275726743434,0.198541686050021],[34.879741668842996,0.198332295099362],[34.87926864613115,0.198351323854581],[34.878753661951976,0.198560729194355],[34.87832260160684,0.198760599022478],[34.87790679915952,0.198722526223662],[34.87760162321638,0.198532164028222],[34.87746810896613,0.198056280572928],[34.877296448172615,0.197618454628014],[34.8770866390372,0.197485208375724],[34.876724242829596,0.197599425872852],[34.8761177058675,0.198208555580436],[34.875469207438016,0.199141309024242],[34.87482070900859,0.199807554674976],[34.87429046603222,0.199940815316438],[34.873661041324056,0.199921772172104],[34.8732032774094,0.19967430842263],[34.87259292642244,0.199636235623814],[34.87161254758104,0.1995696129473],[34.87098693869632,0.199303120442721],[34.870376586810096,0.199055656693247],[34.86988067635218,0.198922396051785],[34.86961746187643,0.198693975446645],[34.8695220950687,0.198370366998859],[34.86972808838061,0.197856396355633],[34.86986160263092,0.197209194748609],[34.86976623492387,0.196504861010567],[34.86948394762612,0.196048006310491],[34.86893081690374,0.195591151610415],[34.86814880332469,0.195286587206283],[34.86721801759751,0.195115268155121],[34.86635971093199,0.195153340953993],[34.86569595370537,0.195438876602907],[34.86527633633392,0.195895731302983],[34.86512374836235,0.196619079407014],[34.86488342343131,0.196914136178464],[34.86450576842651,0.197085455229626],[34.863876342819026,0.197199672726754],[34.8628501893848,0.197218700582596],[34.861915588733495,0.197275817425066],[34.861499786286174,0.197356030656351],[34.86128616312595,0.197456553277334],[34.86107635488992,0.197716102116487],[34.86088562037514,0.198244691239552],[34.86070251480925,0.198703094572181],[34.860466003003694,0.198940336627288],[34.860244750894594,0.199004680421695],[34.85987472573805,0.198980555208493],[34.8596115112623,0.198908165179716],[34.85931015024329,0.198699071904684],[34.8588714600499,0.198094353371744],[34.858585357828076,0.197256773381412],[34.85845184357777,0.19634306398126],[34.858325958276396,0.19580389523361],[34.85809326139497,0.195369616214862],[34.85766220104978,0.194905877204519],[34.857482910408066,0.194544359634563],[34.85744857788961,0.194183394248284],[34.85756683334273,0.193813458124623],[34.85781478902135,0.193421080318672],[34.85798644981486,0.193097487159378],[34.85801315338438,0.192900672328221],[34.8579406734234,0.192704766711643],[34.857772827554015,0.192574963064146],[34.85734939615776,0.192482471388985],[34.856849670775716,0.1924623697426],[34.85649871844117,0.192514642836557],[34.856143951182446,0.192671463017632],[34.85575866722877,0.192850023409903],[34.855377197299845,0.192869052165065],[34.85496520977665,0.192715704266391],[34.854160307552206,0.192107617772365],[34.853416443214314,0.191555589618815],[34.85229492207304,0.190813198370449],[34.85171127285702,0.190375432680128],[34.851455688229464,0.190017551069161],[34.85128402743595,0.18952921020491],[34.85116195705871,0.188900112849979],[34.85100936908714,0.18830999840776],[34.850856781115624,0.187910258751515],[34.850856781115624,0.18764913070288],[34.85096359269568,0.187427967626661],[34.85123825104449,0.18718689715763],[34.85152816729112,0.186914861231912],[34.851654052592494,0.186653896859923],[34.85168457018682,0.186378464194831],[34.85163497887123,0.18610905069221],[34.851516723418115,0.185912028117627],[34.85127639758775,0.18572114431538],[34.85106658935166,0.185578271719919],[34.851005554163066,0.18544322232691],[34.85094833389854,0.185047910033063],[34.85056304904555,0.185011282444805],[34.84956359828146,0.185044452139778],[34.848850250638634,0.184938013778378],[34.84807205198365,0.184806510412159],[34.847358703441444,0.184863611966193],[34.84693527204524,0.184782325843685],[34.84664154087449,0.184498429658845],[34.84645462038446,0.184045076019515],[34.84619522083284,0.183408633002045],[34.84584426759892,0.183093294719811],[34.845233918410656,0.182969048882569],[34.844226836899054,0.182941004423867],[34.84359359726676,0.183088109228891],[34.843170165870504,0.183435633347869],[34.84281540041047,0.183892786622835],[34.84225463894046,0.184416279287916],[34.84150695787986,0.184782325843685],[34.840808868134786,0.184911206786808],[34.84035873406839,0.184864760400444],[34.83987808240761,0.184682771792552],[34.83923339800299,0.184489279956381],[34.83842849757713,0.18451145274139],[34.83768844636478,0.184739887735702],[34.837192535007546,0.184864760400444],[34.83660507176671,0.184846445706967],[34.835697173785604,0.184730365713847],[34.834930419903,0.184699906575474],[34.83448028583655,0.184635802900004],[34.83415985109633,0.18452590664532],[34.83369827225749,0.184311583812587],[34.833164215256375,0.184178322271805],[34.832813262921775,0.18424200956116],[34.83238601660145,0.184425786021279],[34.83185195960033,0.184635192260373],[34.83133697542115,0.184635192260373],[34.83078765872352,0.184597118562237],[34.83026885962022,0.18460832501421],[34.829929352058,0.184711322569513],[34.82942581175189,0.185044452139778],[34.82875823960114,0.185539379638726],[34.82843780486087,0.185734763648497],[34.82808685342559,0.185780555328392],[34.82769393962366,0.185672625891016],[34.82715988172322,0.18550130683991],[34.826702117808566,0.185539379638726],[34.826305389082506,0.185805887431798],[34.82558059666724,0.186548277780844],[34.824985503578205,0.18697108324892],[34.82436370871824,0.187214523431578],[34.82352447487466,0.187347769683868],[34.822761535916186,0.18729066812989],[34.822010039931456,0.187090783912595],[34.821289062440314,0.186767174565489],[34.82082748540017,0.186623081589971],[34.820201873817496,0.186705514348034],[34.81969070456239,0.186691046054989],[34.81898498496912,0.186424538261861],[34.818088531760395,0.186156034873136],[34.8174552921281,0.186046138618451],[34.816127776775545,0.18594864041745],[34.81552123981339,0.185720219812367],[34.81492996344713,0.185244321967957],[34.81426239039706,0.184597118562237],[34.81363677971365,0.184216395070621],[34.8129310610197,0.184064120063113],[34.81203460691165,0.184083148818331],[34.81112289400642,0.184083148818331],[34.81076049779881,0.183968931321147],[34.8115844728452,0.183275565714837],[34.813480376818006,0.181380912699012],[34.814765929803855,0.178842783068035],[34.815338135146874,0.175375193310572],[34.8152656551859,0.173873767060741],[34.81473159818478,0.171871870790255],[34.814872741383965,0.170155957131783],[34.81555175740772,0.16758207944946],[34.816089630232284,0.165365681381161],[34.81605148278976,0.16332803705933],[34.815464020448246,0.161948339444336],[34.81525421131283,0.162119656696859],[34.814758300854976,0.162271946992803],[34.81413650509569,0.162395059684286],[34.813747406217885,0.162522107809082],[34.81342697057829,0.162519409842957],[34.8127403256056,0.162310018892299],[34.81214904744064,0.161967367300235],[34.81167602562812,0.161796048249073],[34.81130981359706,0.161807507410572],[34.810859680429985,0.161958366885187],[34.810508728095385,0.162156865247198],[34.80990219113329,0.162557482641773],[34.80946731586397,0.162747830448041],[34.80879974371328,0.162862047945225],[34.80796432479383,0.162957235787871],[34.80738067557775,0.163093775357481],[34.807029724142524,0.163280829846485],[34.806571960227814,0.163661554237365],[34.806076049769956,0.163928046742001],[34.80556106559078,0.164110064128181],[34.80506134020874,0.164166003758112],[34.804584502572766,0.164070815016146],[34.80428314155381,0.163919508578488],[34.803878783878815,0.163537815617758],[34.803241729322394,0.162839696195078],[34.80276107766167,0.162220388859907],[34.80232238656896,0.161878972936279],[34.80172729527851,0.161653279974928],[34.800815582373275,0.161577135276616],[34.799774170141916,0.161688417386586],[34.79895019509547,0.161900743724402],[34.79798889177397,0.162268027747302],[34.79732131962328,0.162557482641773],[34.79688262942983,0.162709772937717],[34.79643249536343,0.162736475607915],[34.79595184370265,0.162614584195751],[34.795494079788,0.162331536071576],[34.79509353613781,0.161929309789855],[34.79475021365147,0.161244020095523],[34.79441452011406,0.160529196665152],[34.79399490364193,0.159790799305995],[34.79370880142011,0.159465268107681],[34.79322814975933,0.159188166300908],[34.79238891591581,0.158655389934324],[34.791912079179156,0.158313989299188],[34.79139709499998,0.158131361273377],[34.79079437296201,0.157758191187611],[34.7901344297602,0.157446398932223],[34.78929901084075,0.157351224579372],[34.78830718992492,0.15750349958688],[34.78771972668409,0.15769386268164],[34.787399291943814,0.157867610801645],[34.78728103559138,0.158112644582957],[34.7872543338205,0.15852041518508],[34.78733825675522,0.158917411909101],[34.78735732957716,0.159179418595329],[34.78720474340423,0.159464180827342],[34.78690338058658,0.159655824556694],[34.786403656103914,0.159743160418543],[34.78579711914176,0.159654543022782],[34.78507232672655,0.159388035229711],[34.784290314046814,0.159045398026763],[34.783340453699054,0.158607572081849],[34.78284454324114,0.158210769611401],[34.78257751474058,0.157893165936912],[34.78220748868472,0.157703384703495],[34.78179168713672,0.157551765301776],[34.7813491820192,0.157151341261454],[34.78128433190642,0.154570862555317],[34.77948760966552,0.153199434206556],[34.77598953289066,0.150267406915361],[34.774284363432685,0.150409281263364],[34.770736694442974,0.152490064265123],[34.767475128574404,0.150645732814382],[34.76615142814592,0.148375779218895],[34.76667022724922,0.145207300376683],[34.76473236090976,0.144025027333214],[34.760665893716066,0.142511726435089],[34.757072448334895,0.141944244331455],[34.75513076797063,0.140005320389264],[34.752578735720135,0.138728469243517],[34.747341156069524,0.136000975664558],[34.74657821621179,0.137021213358366],[34.74585342379652,0.137986793855475],[34.74529647815001,0.138812690753127],[34.74439621001716,0.139772191833231],[34.74337768643113,0.140537367405614],[34.742599486876884,0.140938177255123],[34.74147796663493,0.141260042816782],[34.740394592036864,0.14152723589325],[34.73968887334286,0.141563683617164],[34.739093780253825,0.141417935889081],[34.73858642592285,0.141478658113613],[34.73818588227272,0.141685128066229],[34.737770080724715,0.142195255007039],[34.737396240644046,0.143033294550946],[34.73721313507815,0.143834902558751],[34.73730850188588,0.144417897068365],[34.73758316023469,0.144704073933895],[34.738170622576206,0.145026699422715],[34.738456725697404,0.145444199790063],[34.73851013193712,0.146374105980271],[34.738456725697404,0.147911280281392],[34.73831558159884,0.149083375697273],[34.73706054710664,0.14869630299205],[34.73542785671026,0.147562965658381],[34.73322677589505,0.146696285405312],[34.73242568859473,0.147162958903493],[34.72939300558278,0.143962904864225],[34.72595977802138,0.143996239135163],[34.72472763037587,0.14329622663962],[34.72045898479439,0.141629531977344],[34.71955871576216,0.141929536818736],[34.716773986630244,0.139727994651253],[34.71636199910705,0.139841691440949],[34.71568298308324,0.140032038347954],[34.715076446121145,0.140412762738833],[34.71451949957532,0.140662595302558],[34.71403121986498,0.140674501427156],[34.713447570648896,0.140424653574939],[34.712806702067724,0.139984458815775],[34.71213912991698,0.139544248768118],[34.71125411968194,0.139252766801803],[34.71045684820501,0.139145703411543],[34.70936202973394,0.139240875965697],[34.70796966516798,0.139526411614668],[34.706947326657826,0.139728666444853],[34.70600509615832,0.139740556381639],[34.704875946068114,0.139645382928109],[34.70438385143365,0.138621225988857],[34.704963683926906,0.13742607825094],[34.70590210040166,0.135513856978946],[34.705734252733635,0.134779691829351],[34.704349518015874,0.133772359406919],[34.70484542757447,0.132884546884384],[34.7047958371582,0.131860137235606],[34.703819275039564,0.130767434869256],[34.70272827059324,0.131091832921811],[34.70119094880329,0.13184306000926],[34.69979095438907,0.132099166243563],[34.697826385379415,0.131962582607173],[34.69717407202586,0.131911351827455],[34.696743011680724,0.132688820232943],[34.69587326024282,0.134200171400835],[34.69554138162948,0.13441771290718],[34.695243836433974,0.133616238898355],[34.69492340079438,0.133020863422132],[34.694145203038715,0.132150694698851],[34.69329834024626,0.131372123724589],[34.692451476554425,0.13050195590057],[34.69210815406808,0.129883675591202],[34.691741942936346,0.129105106415579],[34.690620422694394,0.12791435456387],[34.6890830991058,0.12617401801657],[34.68791580157301,0.125051945590883],[34.68640518155394,0.123998588564064],[34.6838874818219,0.122418545379617],[34.68185043375058,0.122144594797248],[34.680126190571286,0.124179027640082],[34.679092407288806,0.125749468763047],[34.67858123803376,0.126760751007907],[34.678169251409884,0.127730368561686],[34.67707443203943,0.1294078973566],[34.67671966568008,0.129705324740996],[34.6762657166895,0.129871889975789],[34.67569351224586,0.129788607358364],[34.67474365189804,0.129455492177271],[34.67313003522298,0.12891416235874],[34.67070388827386,0.128354981896962],[34.66916275066046,0.128039702969943],[34.66793823286321,0.127861246899045],[34.666770935330476,0.127944528617149],[34.66559600794943,0.128063499930647],[34.66492843669806,0.127932623391928],[34.66429901109052,0.127432942076666],[34.66357421867531,0.126624583757575],[34.64020538297211,0.127954170248813],[34.63963317942773,0.128525062581616],[34.638881683443,0.129098579136155],[34.63769531218895,0.129375457911124],[34.625286102371774,0.126952827311186],[34.61333846959474,0.124362096333755],[34.60636901871527,0.119546495674285],[34.60488510136639,0.120238676873498],[34.60351943857131,0.120831974016426],[34.601989745730236,0.121059402669346],[34.600246429729,0.120782531988311],[34.598426818842654,0.119694821758685],[34.59627151531822,0.117994032898366],[34.59484863315794,0.117143637568859],[34.59316635144603,0.116649225381479],[34.591308594016425,0.116372354700445],[34.58856201142771,0.115877941613746],[34.58626556380477,0.115482403590079],[34.585426330860514,0.112763128915333],[34.58534622195066,0.111121669229703],[34.58520889277622,0.109638422775049],[34.585029602134455,0.108372725920617],[34.58529663063507,0.107215792175111],[34.58680343662934,0.104324005948172],[34.58593368519149,0.104324005948172],[34.58512496984156,0.104359700939483],[34.58461379968713,0.104347802908819],[34.58409118655908,0.104157447907937],[34.58349609257067,0.103788628742279],[34.58282852131924,0.103503093093309],[34.582164764092624,0.103324637022411],[34.58155822713053,0.103039099574858],[34.5808906558791,0.102575100660431],[34.58031845143546,0.102301463042124],[34.579605102893254,0.102170593697963],[34.579101562587084,0.102063521314506],[34.578636169723495,0.101825572392272],[34.57825469979463,0.101480551086638],[34.577793120955846,0.101004660436786],[34.577468872190764,0.100552558653703],[34.577091217185966,0.099850617112338],[34.576828002710215,0.099160575400276],[34.57657623300679,0.098767965569209],[34.57626724213958,0.098530016646976],[34.57567214994981,0.098518125810926],[34.57520294216209,0.098506226880886],[34.57485961877643,0.098387248372887],[34.57451248136596,0.098089821887811],[34.57426452658666,0.097637720104728],[34.574157715006606,0.097054757071419],[34.574050903426496,0.096507474640305],[34.57382202056982,0.096162453334614],[34.57333755488429,0.095865025950218],[34.572776794313654,0.095674663754778],[34.57238388141104,0.095650873988689],[34.572002410582854,0.095793642262834],[34.57175445580356,0.096067279881083],[34.57145690880935,0.096555068561599],[34.57124328744783,0.096793011188538],[34.57087325959333,0.096911988797274],[34.5694046019409,0.09712614075886],[34.56773757902613,0.09747116296387],[34.56703567525625,0.097566336417344],[34.56654739374727,0.097542546651255],[34.565917969039106,0.097387880346446],[34.565174102902574,0.097138031594909],[34.56454467729509,0.096769221422505],[34.56410217307689,0.096519373570288],[34.56354522743038,0.09636470636616],[34.56295013434129,0.096293322678719],[34.5625457766663,0.096162453334614],[34.56221008312889,0.095936411436298],[34.561996459968725,0.095579490301304],[34.56174850429011,0.095115489588238],[34.56138992300657,0.094758577446441],[34.56080245976574,0.094235091975975],[34.560565948859505,0.094068527640502],[34.56034851077521,0.093925759366357]]]}},{"type":"Feature","properties":{"country":"Kenya","admin_level":"Admin1","name":"Kisumu"},"geometry":{"type":"Polygon","coordinates":[[[34.747074127568965,-0.024731903854217],[34.74481201156516,-0.024731903854217],[34.74340438820201,-0.024636726803465],[34.74256515525775,-0.024655762753184],[34.74171066261704,-0.024979369402331],[34.74062347399416,-0.025626582700568],[34.739936829021474,-0.025767555028608],[34.727569579772364,-0.006548205635113],[34.726356506747436,-0.00675983589764],[34.72540283237487,-0.006973987859226],[34.72416686980523,-0.007176241790091],[34.72340393084676,-0.007235728346132],[34.72271347005068,-0.007342803427605],[34.722167969176496,-0.00754505825779],[34.72159576383348,-0.007997156443594],[34.72087860126646,-0.008687199054918],[34.7203407284419,-0.009079809785362],[34.71980667144078,-0.009258270352859],[34.719257354743206,-0.009246372322195],[34.71850967368255,-0.009091707816026],[34.717761994420584,-0.008901351016505],[34.71720123295057,-0.008865658723096],[34.716819763021704,-0.009008426097921],[34.71644973786516,-0.009353448302932],[34.716094970606434,-0.009805545589415],[34.71576690691728,-0.010067286975641],[34.715160369955186,-0.010281438037907],[34.714767456153254,-0.010555076555477],[34.71437454235132,-0.011042866135313],[34.7139930724224,-0.011673422190654],[34.71363830606305,-0.012518131106845],[34.71335220294185,-0.01333904576029],[34.712940216317975,-0.014386008607346],[34.7124900813522,-0.015076052118047],[34.71197891209715,-0.015563841697883],[34.711418152425836,-0.015932659064902],[34.71107482904017,-0.016253885208585],[34.71084594708282,-0.016729777657076],[34.71071624775669,-0.017419820268458],[34.710536957114925,-0.018157454103175],[34.710227966247714,-0.018776113027172],[34.709701538195475,-0.019620822842626],[34.709236145331886,-0.020465530859497],[34.70878219634136,-0.021250752320327],[34.70832061840184,-0.021702851405394],[34.70774841305888,-0.02191700156834],[34.70704650838968,-0.022000283286388],[34.70616531397809,-0.022035974680421],[34.70503997791269,-0.022202538116574],[34.70437622068607,-0.022333406561415],[34.70351791402055,-0.022214435247918],[34.702758789086886,-0.021964590993036],[34.70186614990297,-0.021750440830147],[34.700420379996615,-0.02169095337473],[34.6990280154306,-0.021655261081378],[34.69789886444107,-0.02153628886856],[34.69704055777555,-0.021334034937695],[34.69631576536034,-0.02107229355147],[34.69549942016215,-0.020822450195851],[34.69471359255829,-0.020786758801819],[34.693943023751615,-0.020941423307988],[34.69333648678946,-0.021250752320327],[34.69278717009189,-0.021798029355523],[34.692337036025435,-0.022214435247918],[34.691715240266205,-0.022595148847017],[34.69099807769919,-0.02297586244606],[34.69042587235617,-0.023392267439135],[34.689937591746514,-0.023844367423578],[34.689556121817645,-0.024320258073431],[34.689273835419215,-0.024962712159379],[34.68906784030861,-0.025521885426599],[34.68873596169533,-0.025997778774411],[34.68824768108567,-0.026390388605478],[34.68771362318523,-0.026556952041631],[34.68698883076996,-0.026533156879623],[34.686279297151884,-0.026342800080101],[34.68635177621354,-0.026081058693876],[34.686851501595584,-0.025319632395053],[34.68717193633586,-0.024498717741608],[34.68746948243074,-0.023725393412121],[34.68785095235961,-0.023130528750869],[34.6884460454487,-0.022452380572872],[34.688896180414474,-0.021857516810883],[34.68948745768006,-0.021036602157437],[34.6899871830621,-0.0204179414348],[34.690330506447765,-0.019775487348795],[34.69073486322338,-0.019228212112239],[34.69113922089838,-0.018645243683011],[34.69143676789258,-0.017895713616269],[34.6916923534194,-0.01689633929459],[34.692096710195074,-0.015694711042045],[34.692512512642395,-0.014794852100692],[34.69256210305866,-0.014552571144179],[34.692512512642395,-0.014290829757954],[34.6923484798985,-0.013922013290255],[34.69226455696378,-0.013593605160679],[34.692245483242516,-0.01314647393059],[34.69215774538367,-0.012879529966312],[34.691936493274625,-0.01256572143086],[34.690574646302935,-0.010595218694334],[34.68692779558137,-0.011089424037664],[34.671955108741315,-0.015837997325661],[34.665584564076426,-0.015111744411456],[34.66033554055281,-0.013491642725057],[34.65625762858673,-0.008910666194254],[34.65324020257333,-0.006173252193776],[34.637535095268504,-0.000657576086212],[34.610626220423796,0.005369380792331],[34.608467101975236,0.006058811864705],[34.58889770496518,0.001210558620414],[34.58781814619056,-0.010585977260973],[34.58570480323414,-0.020978550919324],[34.58250427255416,-0.03120812155754],[34.57492828381328,-0.036049601108175],[34.57157135023766,-0.036518130807053],[34.56969451908685,-0.036440040875164],[34.567901611770026,-0.038470338635193],[34.56493377707221,-0.040110193030955],[34.56383895860114,-0.039095043701252],[34.56259155305776,-0.036752395206804],[34.56055831901125,-0.034019302448826],[34.560012817237805,-0.029255913729401],[34.56368255570544,-0.023555464712899],[34.563606262618976,-0.016293252131845],[34.55478286743545,-0.01551236810127],[34.549861907600985,-0.021290904351702],[34.54822158825573,-0.021603258683399],[34.54517745957213,-0.021290904351702],[34.5425987246515,-0.016917957197904],[34.540100097741345,-0.01574663340034],[34.5370559690578,-0.01566854526709],[34.534042357968474,-0.015427828231623],[34.53338241566598,-0.01619628273221],[34.53260040298625,-0.016881981618099],[34.53185653684977,-0.01747309970375],[34.53140640278332,-0.017957818098751],[34.53072357183544,-0.018714451910398],[34.52997207674997,-0.019465172679531],[34.52953338655658,-0.019938068586953],[34.52928543087796,-0.020458254444861],[34.48577499372101,-0.029869526557377],[34.455966949215394,-0.048253573043894],[34.4377098087607,-0.059065957427947],[34.416503906430194,-0.075425356594906],[34.41142654459941,-0.082996048328937],[34.42444610630281,-0.122545569922067],[34.42457962055312,-0.123288147330072],[34.42453384416166,-0.123949751579744],[34.42436218156945,-0.124584160330699],[34.42424392701565,-0.125153362837352],[34.42438888513897,-0.125934556234711],[34.42464065574171,-0.127013043017485],[34.425029754619516,-0.127855911920733],[34.42554855372282,-0.128762215403867],[34.42587280158858,-0.129450991769829],[34.42599487286515,-0.130102797905749],[34.483417510909476,-0.299272477442855],[34.70638275116306,-0.258051634175501],[34.75462341274033,-0.289642989332435],[34.75457382232412,-0.29081198568457],[34.75474548311763,-0.291326046259996],[34.75503158533945,-0.291836112946214],[34.75516891541315,-0.292257786167852],[34.75519561808335,-0.292720287711063],[34.755115509173436,-0.293737590017713],[34.754898071089144,-0.294999659007033],[34.754913329886335,-0.295556008403025],[34.75503158533945,-0.295901834601921],[34.75537109380099,-0.296240150562426],[34.75588226305604,-0.296473235051735],[34.75684356727686,-0.296781480380957],[34.75755310089494,-0.297074675555791],[34.75795745856993,-0.297420531432351],[34.758152008008835,-0.297781407785692],[34.75828170733496,-0.298435508991474],[34.75823974586763,-0.299223840307945],[34.75808715789606,-0.29986438243526],[34.757717132739515,-0.300600767111689],[34.757251739875926,-0.301405220574395],[34.756988525400175,-0.302232205651705],[34.7568626400988,-0.303045569597316],[34.756813049682535,-0.304021566941685],[34.756904601566134,-0.305051564977703],[34.75714492829587,-0.306013912412084],[34.757583617589944,-0.306810825958792],[34.75825118974069,-0.307645350952157],[34.75860595699936,-0.308291941919549],[34.75880050643826,-0.309246749437875],[34.758995055877165,-0.3102391657049],[34.75938034073022,-0.311126321722327],[34.75962066656058,-0.311630040094201],[34.759761810659086,-0.312088668257388],[34.759853363442005,-0.312825441440907],[34.75998687769231,-0.313396840991345],[34.760227204421994,-0.313667506350271],[34.760673522665,-0.313765227583133],[34.76104354872086,-0.313663363173646],[34.761436463422115,-0.313407779445413],[34.76177597008501,-0.312998354090723],[34.76191329925939,-0.31253975740384],[34.762035369636635,-0.312067448753737],[34.76219177343165,-0.31183302427462],[34.762454987008084,-0.311742812380828],[34.76296615626313,-0.311825514036173],[34.76361083976849,-0.312020987078824],[34.764060973834944,-0.312269092044914],[34.76433944710783,-0.312562316897356],[34.76477813730122,-0.313216388425531],[34.7650909421933,-0.313411860568863],[34.76546859719804,-0.313359230444064],[34.76581573460851,-0.313050985114842],[34.7660331726928,-0.312569827135746],[34.766242980928894,-0.311998426685989],[34.766460419013185,-0.311667620963874],[34.76677703882933,-0.31144076607842],[34.7672042842504,-0.31126165440179],[34.76752090496586,-0.311006039197309],[34.76768875083525,-0.310668021811694],[34.767921447716674,-0.310118884079202],[34.76825714125414,-0.309765517964252],[34.768619536562426,-0.309690327446617],[34.768970489796345,-0.309818148988313],[34.76922607442384,-0.310171515103264],[34.76930999735856,-0.310705304106477],[34.76933288600395,-0.311321794764979],[34.769393921192545,-0.312058597626105],[34.76955032318892,-0.312344282562549],[34.77006912229223,-0.312599897767029],[34.771060943208,-0.312916040043149],[34.77180480934453,-0.313186317794305],[34.77222824074079,-0.313456982253854],[34.77299499642197,-0.314216315830265],[34.7742347721171,-0.31556960934995],[34.775165557844275,-0.316562027415557],[34.775737762287974,-0.317005605424299],[34.77612304714097,-0.317148447442833],[34.776443481881245,-0.317073256025878],[34.77693939233916,-0.31676015255897],[34.77749633798567,-0.316471816421142],[34.77806854242937,-0.316321432687914],[34.778755188301375,-0.31634399308075],[34.77913665733092,-0.316539466123402],[34.779331207669145,-0.316802621243937],[34.77938461300954,-0.317186027413186],[34.779399871806675,-0.317877708589322],[34.77954101590524,-0.318516761439355],[34.77972412057176,-0.319343775294954],[34.77982711812706,-0.320366263092524],[34.7800102236929,-0.321065455406369],[34.78041458136789,-0.321621805701739],[34.78079986532157,-0.322125524073613],[34.781158448403744,-0.322757064886559],[34.78154373055878,-0.323050290638378],[34.78198623657562,-0.323080361269604],[34.782348632783226,-0.322914957958915],[34.78251647955193,-0.322535573557843],[34.78252792342499,-0.322260856753076],[34.78235626263148,-0.321524083569557],[34.782302856391766,-0.320924609882809],[34.782325745037156,-0.320561737034495],[34.78243637064202,-0.320373773330914],[34.78269195526957,-0.320328682222851],[34.78302383388291,-0.320629418213059],[34.7836647033634,-0.321396261128484],[34.78416824366957,-0.321839839137226],[34.78447341961265,-0.32191503055418],[34.78503036525922,-0.321892470161345],[34.78543853785828,-0.321899980399735],[34.785610198651796,-0.322080432965549],[34.78560256970286,-0.322403698771609],[34.78538513161857,-0.322869837173187],[34.785190582179666,-0.323388606598883],[34.78513717683927,-0.323854744101084],[34.78527069108958,-0.3241780099072],[34.78559493985466,-0.324313342586663],[34.786121368806164,-0.32427576171699],[34.78672409084419,-0.32427576171699],[34.78706741333053,-0.32438102376517],[34.78733825675522,-0.324704289571287],[34.78751373157348,-0.325268178883277],[34.78755569483951,-0.326042562614134],[34.787570953636646,-0.326809406428936],[34.78771209683583,-0.327457935435348],[34.788059234246305,-0.328320593020919],[34.78820419326894,-0.328933179722412],[34.78833007857031,-0.329628765754876],[34.78859329214674,-0.329989642108274],[34.789009094594064,-0.330162554758033],[34.78947448655833,-0.33013811658077],[34.78989028900571,-0.330209255652562],[34.79011917096301,-0.330418169063194],[34.790126800811265,-0.330748975684628],[34.78993225137236,-0.331095248846623],[34.78952026384917,-0.331463218152976],[34.788932800608336,-0.331816584267926],[34.7882423398122,-0.332094758965923],[34.7876319888253,-0.332184969960338],[34.787002563217754,-0.332019568448288],[34.78635406478833,-0.331673741350016],[34.785587310905726,-0.331342935627902],[34.784797668377735,-0.331207602948496],[34.78413009622699,-0.331245183818112],[34.78357315058048,-0.331493287884882],[34.78293228109993,-0.332117319358758],[34.782676695573116,-0.332621037730632],[34.78258895861359,-0.333312719806145],[34.7827529895589,-0.334282576579596],[34.78309249891976,-0.335192263312251],[34.78340148888765,-0.335733592231463],[34.78368377708472,-0.335989207435944],[34.78422546393409,-0.336252361657102],[34.78485107461745,-0.336483537785],[34.78516388040879,-0.336824804421155],[34.785388947442016,-0.337322622341105],[34.7854728685781,-0.337838709089112],[34.78543853785828,-0.338462709986004],[34.785255432292445,-0.339056670828654],[34.78516006458534,-0.339831054559454],[34.78522109977399,-0.340513736219918],[34.78546142560435,-0.341267019157556],[34.78579711914176,-0.341680527434335],[34.78619766279195,-0.341891050631432],[34.786624908213014,-0.34194368165555],[34.78721237055453,-0.341860980000206],[34.787639617774175,-0.341845929845761],[34.78781890841594,-0.341951190994621],[34.788097381688885,-0.342350125757662],[34.78827285740647,-0.342702299371581],[34.7884902945915,-0.342913538429002],[34.78884124782536,-0.343011259661864],[34.789360046029344,-0.342906028190612],[34.78976821862847,-0.342635363731006],[34.790264129985644,-0.342417329396199],[34.79061889634505,-0.342139154698202],[34.79095458988246,-0.341552734670927],[34.79121780435821,-0.341184318401531],[34.79151534955378,-0.340999096730854],[34.79185867293944,-0.340958773828277],[34.792377472042745,-0.341154247770248],[34.792793273590746,-0.341557473198804],[34.79309082058495,-0.34211659430531],[34.79322814975933,-0.342861234758118],[34.79322433483526,-0.343342065383979],[34.793083190736695,-0.343868345048065],[34.792858123703525,-0.344221711163016],[34.79234695444842,-0.34473293977328],[34.791473388985764,-0.345334410854321],[34.790813445783954,-0.345830618987804],[34.79034042397143,-0.346424550152847],[34.7901420596084,-0.346845597446304],[34.79007720859636,-0.347349315818235],[34.790195464948795,-0.347755283279639],[34.79058074980179,-0.348198861288381],[34.79126358074973,-0.348687559183475],[34.79196929944368,-0.349010854667142],[34.79291915889212,-0.349296539603586],[34.79383468672148,-0.349492014444877],[34.794864654180515,-0.349755138089108],[34.7954673771178,-0.350078433572776],[34.79594039893033,-0.350529521819908],[34.79639816284498,-0.351123481763238],[34.79693222074542,-0.35209333943601],[34.79735183721755,-0.353281229645006],[34.797668457033694,-0.353830039124944],[34.79810714722714,-0.354093194245479],[34.79885101336362,-0.354138285353542],[34.80000686612402,-0.354012668050132],[34.8010673520767,-0.353852600417156],[34.80202102644927,-0.353664636713575],[34.80299377544242,-0.353506773318884],[34.803901673423525,-0.353506773318884],[34.80506897005699,-0.353672176629573],[34.806037903226695,-0.353905231441217],[34.80678176756459,-0.354145825269597],[34.807353973806926,-0.354213475871177],[34.807735442836474,-0.35410070358455],[34.808059693400196,-0.353777409000202],[34.80832290607731,-0.353093266840744],[34.80858612055306,-0.351942956602102],[34.80877304104308,-0.351236254049809],[34.80900573702519,-0.350935518958977],[34.809368133232795,-0.350777625886678],[34.809940338575814,-0.350762605409841],[34.81037521384508,-0.350995660221486],[34.81072235125555,-0.351409166699625],[34.81094741828878,-0.351935446363711],[34.8110122684015,-0.352521300717399],[34.810886383100126,-0.353371442438061],[34.810623168624375,-0.354266106895295],[34.81044387798261,-0.354931980226638],[34.81041336038834,-0.355446487765164],[34.81063079757331,-0.355950206137038],[34.81098556483198,-0.356416345437935],[34.81156921404806,-0.357019901147453],[34.812652587746754,-0.35822769964858],[34.81405258216097,-0.359979987286522],[34.815208434921374,-0.361423492699998],[34.8162345883556,-0.362864256080513],[34.817298889232404,-0.364408254437365],[34.81834411638789,-0.365963607634342],[34.81896209722305,-0.367174953061578],[34.81942367516251,-0.368165969983465],[34.82011032103452,-0.369392842205855],[34.82063674908676,-0.370001822625966],[34.82124710097298,-0.370302557716798],[34.821857451959886,-0.370422840241815],[34.82238006598732,-0.370558172021958],[34.82260131809642,-0.370716065094257],[34.82275009114386,-0.371122062233326],[34.822765349940994,-0.371821255446548],[34.82264327956375,-0.372806131797518],[34.82255554170496,-0.373823345071287],[34.82253265395889,-0.375512718836831],[34.82242584237878,-0.376347243830196],[34.82217788670016,-0.377204329216397],[34.82196045041451,-0.378061413703222],[34.82190704327547,-0.378662854207334],[34.82205200229811,-0.379189133871364],[34.82254791275602,-0.379745512945021],[34.82347488355907,-0.380386470559131],[34.82414245570982,-0.380865722874773],[34.8245773318784,-0.381301790645068],[34.82486343410028,-0.381865650279508],[34.82506561158874,-0.382692665034426],[34.82514572139797,-0.383339464644507],[34.82511520380365,-0.384057611069863],[34.824924469288874,-0.384602307950104],[34.824546814284076,-0.385023325565953],[34.82413482676088,-0.385233819085443],[34.82370376641575,-0.385329515045044],[34.82312011719972,-0.385421782789024],[34.82275009114386,-0.385654866378957],[34.822635650614814,-0.386000692577852],[34.82270050072759,-0.386315673829245],[34.822937011633826,-0.386835217571161],[34.82354736441937,-0.38750433925378],[34.82403564412971,-0.387782513951834],[34.824703216280454,-0.387917846631296],[34.825538635199905,-0.387902826154459],[34.82638168306829,-0.387797564106279],[34.82739639262945,-0.387677251903597],[34.82857132001044,-0.387707352212487],[34.82992172220975,-0.387842655214342],[34.831111908387925,-0.387940407024132],[34.83193588343431,-0.387902826154459],[34.832698822392786,-0.387827634737505],[34.8333892822896,-0.387925356869687],[34.83404159564316,-0.388248652353354],[34.83456039384714,-0.388699740600487],[34.83523941077027,-0.38942903322328],[34.83555221566229,-0.389601945873039],[34.836048126120204,-0.38973367227112],[34.836906432785725,-0.390030473727336],[34.837635040125065,-0.390451490443866],[34.838119506709916,-0.390925168761498],[34.83846282919626,-0.391564219812835],[34.83869552607774,-0.392041145582368],[34.83896637040175,-0.392240851733845],[34.839260101572506,-0.392278432603518],[34.83969116191764,-0.392205595611699],[34.840213775945074,-0.392037867553483],[34.84113311779919,-0.391812295101317],[34.84199142356539,-0.391692579149151],[34.84340286275199,-0.391616821159346],[34.84644317741078,-0.391737282649444],[34.85030364859455,-0.39178976438609],[34.85359954878021,-0.391864925226059],[34.85614013715764,-0.391879975380505],[34.85737228390383,-0.391872466041434],[34.85788345315888,-0.392022818298358],[34.85816192643182,-0.392263412126738],[34.85821151774741,-0.392557472449369],[34.858108520192104,-0.392894953839004],[34.85792160060146,-0.393376111818043],[34.85787582421,-0.393744498409831],[34.85799026473899,-0.39416551602568],[34.858371734667855,-0.394736915576118],[34.85956573487084,-0.395902246291598],[34.860485076724956,-0.396639018575797],[34.861408234402575,-0.397142768423976],[34.86210250832414,-0.397323191312182],[34.86267852769197,-0.397323191312182],[34.86323547333848,-0.397180348394329],[34.86388397176796,-0.396842032433824],[34.86449813857831,-0.396413474901919],[34.86489105238019,-0.396007508339778],[34.865070343021955,-0.39553385969981],[34.865200042348135,-0.394932390417409],[34.86537170404097,-0.394451230639731],[34.86569595370537,-0.394180566180125],[34.86610794032924,-0.394075304131945],[34.86677551158067,-0.394067793893498],[34.86748504609807,-0.394180566180125],[34.86843109242102,-0.394438923417511],[34.86950683627151,-0.394706844944892],[34.87067031888017,-0.394962460149372],[34.87181091284339,-0.395309150596802],[34.87306594823497,-0.395811825755118],[34.87404632527773,-0.396488666318874],[34.87488937404544,-0.397278100204119],[34.87553024262667,-0.397924660594583],[34.875865936164075,-0.398172765560616],[34.87625122101707,-0.398278027608853],[34.876815795612515,-0.398247927299963],[34.87722778313571,-0.398014873387638],[34.877475738814326,-0.397676557427133],[34.87768554705042,-0.397097647638304],[34.87785339381912,-0.396571367974218],[34.87807846085235,-0.396308243430667],[34.878490448375544,-0.39610522957264],[34.87900161763059,-0.396120279727086],[34.879409790229715,-0.396293193276222],[34.880008697343555,-0.396729261046517],[34.88064193697585,-0.397090137399857],[34.881370544315246,-0.397247999895228],[34.88200759887167,-0.397255539811283],[34.88271331756562,-0.397166400808715],[34.883445739829085,-0.396969825197232],[34.88409042333444,-0.396789401409706],[34.88473129281499,-0.396744280623977],[34.885345458725965,-0.396804421886486],[34.88577651997048,-0.396992385590067],[34.88621139523974,-0.397405892967527],[34.88648223866443,-0.397887050946622],[34.88674545314018,-0.398661434677422],[34.886905670060685,-0.399496525344318],[34.88706970190526,-0.400601148224382],[34.88720321615557,-0.401097357257186],[34.8874092103668,-0.401337951085509],[34.88774490390426,-0.401443213133746],[34.888183594097654,-0.401383042193572],[34.8885345464322,-0.401202619305366],[34.88874435466829,-0.400924444607369],[34.88888168294335,-0.400435745812956],[34.88901519809298,-0.399465889039504],[34.88920593260775,-0.398616343569358],[34.889503478702636,-0.397992312994802],[34.88991546622583,-0.39752972241871],[34.8903923038618,-0.397202908787165],[34.8910903927075,-0.396842032433824],[34.89188766508374,-0.396255612406549],[34.892436980881996,-0.395609021439157],[34.89288711584777,-0.395000040119726],[34.893581390668714,-0.394173055941735],[34.89396285969826,-0.393759548564276],[34.894378662145584,-0.393579095998462],[34.89479827861771,-0.393549025367179],[34.895145416028186,-0.393661796754486],[34.89540863140326,-0.393924951874965],[34.89573669419315,-0.394376039222777],[34.89612960799508,-0.394699334706502],[34.89654922356789,-0.394804567077074],[34.896934509320204,-0.394751936052955],[34.89725494406048,-0.394568890741652],[34.897525786585845,-0.394263148225662],[34.897991180348754,-0.393639236361594],[34.89870834381509,-0.392791032679952],[34.89987945537263,-0.391579240289673],[34.90031051661708,-0.391301065591676],[34.90101623531109,-0.391105593448344],[34.90200805622686,-0.390895067553288],[34.90385818470753,-0.390481591652076],[34.90518188513596,-0.3900981549059],[34.90652847331046,-0.389704852596822],[34.90731430091432,-0.38943654256235],[34.90797805814094,-0.389143317709909],[34.90866088908882,-0.388654648593104],[34.90941238417423,-0.387842655214342],[34.909954071023606,-0.387196093924558],[34.910488128924044,-0.38657209302761],[34.910991668330894,-0.386090903572267],[34.91133117679243,-0.385887921190545],[34.91179656965602,-0.385804265354523],[34.91229248011393,-0.385820240012038],[34.913021086553954,-0.385764211349226],[34.913722992122416,-0.385609745593229],[34.91421890258033,-0.385354131288068],[34.914600373408575,-0.385098487305299],[34.91501617405726,-0.385083466828462],[34.91523361214155,-0.385248512209046],[34.91540527383438,-0.385767638665527],[34.91558456357677,-0.386639743629189],[34.91587066669797,-0.388113319673892],[34.91596603440502,-0.389428883935807],[34.91585540790078,-0.390316188341387],[34.91561508207042,-0.39103040113207],[34.9151458742827,-0.391667008725449],[34.91468429544392,-0.392143100823375],[34.914539337320605,-0.392541587724054],[34.91455078119367,-0.393518417840653],[34.914592742661,-0.394488812408724],[34.91454696626954,-0.394932390417409],[34.91437530457671,-0.395263195240204],[34.91400527942017,-0.395528853173971],[34.913501739114,-0.395812034397807],[34.91324615358718,-0.396075158941358],[34.913108825312065,-0.396373809403713],[34.91304397609866,-0.396909683934723],[34.91320419301917,-0.397511154116444],[34.91353988655658,-0.398330628955307],[34.9138259887784,-0.399074942054881],[34.91395568810458,-0.399706482867828],[34.91390991171312,-0.400338023680774],[34.91370010257771,-0.401924372012104],[34.91373062107135,-0.402585982557014],[34.913856506372724,-0.402879178631167],[34.91408157340595,-0.4031122622211],[34.914623260255325,-0.403240054984508],[34.91648101768487,-0.403328627414169],[34.91971206685844,-0.403679877424338],[34.92121124300451,-0.403803944296556],[34.92177200357514,-0.403751313272437],[34.92211151113736,-0.403585910861068],[34.92235183696778,-0.403285175770179],[34.92247390734502,-0.402796476975766],[34.922622680392465,-0.402232617341383],[34.922847747425635,-0.401969492797832],[34.923328399985735,-0.40184167035676],[34.92387008683511,-0.401796549571031],[34.92439651488729,-0.401758968701415],[34.924697875906304,-0.401622623385322],[34.92488861042108,-0.401418149028302],[34.92508697478411,-0.401337951085509],[34.92538833580312,-0.401375531955182],[34.92562866343212,-0.40152591478909],[34.92570114159446,-0.401721595575111],[34.92567443892426,-0.402127266260266],[34.925601958963284,-0.402887285120073],[34.925666809076006,-0.403247594900563],[34.92592239370356,-0.403480648812831],[34.926300048708356,-0.403585910861068],[34.926765441571945,-0.40354079007534],[34.9273529057121,-0.403222918402889],[34.927982330420264,-0.402804016891821],[34.92852401726964,-0.402593493694724],[34.92885589588292,-0.402616054087559],[34.929164886750186,-0.402826577284657],[34.9294128424288,-0.403157353329163],[34.92951583818541,-0.403405457395877],[34.929592132171194,-0.403811455434266],[34.929477691642205,-0.404239982389242],[34.92915725690193,-0.404615908897028],[34.928771972948255,-0.404969275011979],[34.92859268230649,-0.40533015136532],[34.92856216471216,-0.40582636039818],[34.928726196556795,-0.406570642920769],[34.92896652238716,-0.407247305418764],[34.929149627952995,-0.407878846231711],[34.92922973596359,-0.408668250439348],[34.929126739307605,-0.409721433897005],[34.92902755757575,-0.41054031158609],[34.9290885927644,-0.411111682358182],[34.92921829209058,-0.411465047573813],[34.929477691642205,-0.41172817391606],[34.92995452837886,-0.411938697113158],[34.93053054774663,-0.412013889429431],[34.93113327068397,-0.411938697113158],[34.931720733924806,-0.411683082807997],[34.9322242733316,-0.41148006894997],[34.93261337310872,-0.411412417449071],[34.933155059958096,-0.411407470278505],[34.93365097041601,-0.411352277085882],[34.93399810782648,-0.411179364436066],[34.93429946884544,-0.410893648922695],[34.93455886839712,-0.410670042388517],[34.93502044633658,-0.410570383116635],[34.93569564833558,-0.410577893355025],[34.9360351558978,-0.410698174980723],[34.93638229330821,-0.411006421209322],[34.9368095396286,-0.411645472260716],[34.93756103471401,-0.412607818795777],[34.93814086900596,-0.413028836411627],[34.938621520666686,-0.413156658852699],[34.939441680789,-0.413231849370277],[34.94050598166575,-0.413163721228727],[34.94143295156954,-0.412968695149118],[34.94217681860533,-0.412728101320795],[34.94266510011431,-0.412636875891053],[34.94329833974666,-0.412673533156976],[34.94403457603488,-0.412780732344856],[34.944442748634,-0.412946134756282],[34.944900513447976,-0.413329572401778],[34.94522857623787,-0.413788199665646],[34.94563674883693,-0.414156586257377],[34.94616317778849,-0.414337009145584],[34.94676589982646,-0.414306939413677],[34.947395325434,-0.414111464572386],[34.948074340558435,-0.413971334909149],[34.94836807262851,-0.413988590201257],[34.94859695458581,-0.41409909709563],[34.94871902496311,-0.414231776775011],[34.94879531894884,-0.414402932149528],[34.94884490936511,-0.414795637308771],[34.94897460959061,-0.415336936550318],[34.94907379132246,-0.415517390015509],[34.94920730557277,-0.415645211557205],[34.949371338316666,-0.415712863058161],[34.94984817505326,-0.41578051455906],[34.95059967013873,-0.415735422551677],[34.95132064942845,-0.415705352819714],[34.952110290157805,-0.415652721795652],[34.95293045028012,-0.415351986704763],[34.9534187317891,-0.415043741375541],[34.95381546141448,-0.414833218178444],[34.95433425871914,-0.414775401663405],[34.95484542887351,-0.414893359440953],[34.95521545403005,-0.415066301768377],[34.955478669405124,-0.415126443030886],[34.955986022836726,-0.414983481402487],[34.95654678340736,-0.414630233998025],[34.95705795266241,-0.414374619692921],[34.95751571657712,-0.414344549061639],[34.95793533304925,-0.41450241155701],[34.95822143527107,-0.414833218178444],[34.95834732057244,-0.415191293143607],[34.95843887335536,-0.415607601009924],[34.95856857268154,-0.415840684599857],[34.95882415730904,-0.41597601727932],[34.959095001633045,-0.41597601727932],[34.959560393597314,-0.415754705814948],[34.96064376819538,-0.415306865919092],[34.96181106572817,-0.414882272598732],[34.962570190661836,-0.414616882662983],[34.963256835634525,-0.414324969022061],[34.96361541781732,-0.413979350566535],[34.9637451171435,-0.413636743940515],[34.96373748819457,-0.413321763588499],[34.963588714247805,-0.413089901277885],[34.96329498307705,-0.412735998267635],[34.963172912699804,-0.412503899435364],[34.96309280378989,-0.412050783217012],[34.963150024054414,-0.411791056312154],[34.96330642695011,-0.41161423880601],[34.963630676614514,-0.411531329407296],[34.96453094474737,-0.411503702234029],[34.96569061243184,-0.411558955681187],[34.96600341822324,-0.411611974313132],[34.96627807657205,-0.411807626320865],[34.96640014604998,-0.412115961582288],[34.96643829259318,-0.412443131345412],[34.966495513757025,-0.412852108837683],[34.966720580790195,-0.413197099566446],[34.966957092595806,-0.413371503292183],[34.967292785233894,-0.413435936119527],[34.96791458099318,-0.413276702158043],[34.96881866494948,-0.412742226972171],[34.97084808317254,-0.411339432069099],[34.972469329695855,-0.410283446323945],[34.97354126042086,-0.409680783641193],[34.9744567873509,-0.409441947987489],[34.97510910070446,-0.40949502597465],[34.97577285793108,-0.409773677313297],[34.97648620557396,-0.410437136864346],[34.97716522159777,-0.411074042133293],[34.97785568239385,-0.411312877787054],[34.97867584341549,-0.411631345709964],[34.979259490832874,-0.412016153022989],[34.979965210426144,-0.412560194297498],[34.98085403468599,-0.412918448227742],[34.981700896579184,-0.413356334427249],[34.98235321083206,-0.413462490401571],[34.98289489768143,-0.413197099566446],[34.98338699321522,-0.412825554555639],[34.983985901228436,-0.412586718901935],[34.98482131924851,-0.412732690561199],[34.98603057824863,-0.413163721228727],[34.98662567133772,-0.413198113102396],[34.98704910273398,-0.412878633442119],[34.987407684017455,-0.412162095004646],[34.987716674884666,-0.410915702997272],[34.98809814481359,-0.409282714026006],[34.98852157620985,-0.408486574795518],[34.98907852185636,-0.407995612407547],[34.98995208731901,-0.407544970224137],[34.99071121225268,-0.407345443937061],[34.99165344275224,-0.407345443937061],[34.992542267012084,-0.40731888965496],[34.99355316164912,-0.407000452308978],[34.9948005671925,-0.406299264399479],[34.99624633799817,-0.405195832221807],[34.997055053348106,-0.40461200494002],[34.99782562215478,-0.404243826990978],[34.99839401257367,-0.404213935324833],[34.99893951434717,-0.404466033280755],[34.99950790386674,-0.405156046214529],[34.99997329673033,-0.405576705900216],[35.00041961677192,-0.405675798599191],[35.00111770741631,-0.405612081632228],[35.00176239002235,-0.405428051563263],[35.0024414060461,-0.405017465183846],[35.003158570411756,-0.404514849380746],[35.003623962376025,-0.404012263255311],[35.00411987283394,-0.40309199689807],[35.00464630088612,-0.402134359213278],[35.004863738970414,-0.401683300643754],[35.00492095923494,-0.401286900170248],[35.004856110021535,-0.400317073074405],[35.004913330286,-0.399920672600899],[35.00504684543563,-0.399652778952543],[35.00546646100844,-0.399354368609181],[35.00612258928612,-0.39911359581572],[35.00676727279148,-0.398873001088077],[35.0071716295671,-0.398568600360591],[35.00733947723512,-0.398265868774786],[35.00735473603231,-0.397881953589263],[35.00720596298487,-0.397209465744197],[35.00703048726723,-0.396374135857627],[35.0070533750133,-0.395631044936749],[35.00714111287209,-0.39510703066486],[35.00733566321031,-0.39454778994849],[35.007659911975395,-0.394059360051358],[35.00893402108824,-0.39265772707239],[35.00993728677639,-0.391468495074946],[35.01023101794715,-0.391227811314366],[35.010787963593714,-0.391015440010506],[35.01150894198412,-0.391050815742517],[35.012062072706556,-0.391277343274737],[35.01231002838517,-0.384716182805562],[35.01289367670188,-0.379548341083023],[35.01264572102326,-0.378215342563976],[35.00906372041442,-0.369515389223807],[35.008892059620905,-0.368131518754524],[35.00930023221997,-0.363948553383011],[35.00925826985332,-0.362833947128934],[35.00727081309759,-0.356671453424781],[35.00744247479042,-0.35569843643367],[35.00815582243331,-0.354401081644539],[35.00807189859927,-0.353709131571122],[35.00747299238475,-0.351927876770048],[35.0071830752388,-0.350617080713675],[35.00746536343581,-0.349903524428044],[35.0080490108532,-0.348887264435632],[35.00808334337165,-0.340323716666148],[35.00888824469678,-0.337522297915655],[35.010635375622144,-0.334283530760274],[35.012042998985294,-0.33210435473211],[35.01408004795587,-0.331260801444785],[35.01780700668809,-0.328378647856255],[35.023147582994625,-0.323530942299101],[35.02996444680184,-0.31464356215065],[35.03195190355757,-0.312135308897325],[35.03359603872627,-0.310855061012205],[35.0365219119567,-0.308764845021528],[35.04203796398093,-0.304192513673513],[35.04448699957544,-0.301698982322137],[35.04518890424458,-0.301137327825359],[35.045978545873254,-0.300800383330966],[35.046531676595635,-0.300503462264942],[35.04731369017469,-0.299698531262152],[35.04823303202886,-0.298420934578417],[35.048736572334974,-0.297506690081661],[35.049060821100056,-0.296931534962312],[35.04964828524021,-0.296345085257428],[35.05050659190573,-0.295792460853363],[35.051815032637705,-0.294924050304644],[35.052581787419626,-0.293153435382692],[35.05255889877424,-0.279042392592316],[35.053104401447,-0.273375302128443],[35.053577423259526,-0.271086364743894],[35.05475616466532,-0.268056929183899],[35.05540084817068,-0.263108998681275],[35.055667877570556,-0.261527954551411],[35.05667114235939,-0.257081807079658],[35.06350707988787,-0.215714603646006],[35.07246017439758,-0.208746850686566],[35.12130355801287,-0.171989426370885],[35.128410338966034,-0.156371503841797],[35.12853240934328,-0.156680031558153],[35.12907791111678,-0.157202363198451],[35.129890442290105,-0.15763314025719],[35.13058853113586,-0.157715201595238],[35.13099670373492,-0.157386988618555],[35.13095474226759,-0.156812607815539],[35.13038253782389,-0.156402349688619],[35.129928588833366,-0.15599209066238],[35.13005447413474,-0.155540793772559],[35.13062667857838,-0.155212580795933],[35.131736754947326,-0.155376687284217],[35.13267898544689,-0.155869006749242],[35.13333511372457,-0.156730562665302],[35.13399124110293,-0.157838270219941],[35.1351394649144,-0.158987015638218],[35.13604354887076,-0.159766524605402],[35.136413574027245,-0.160340890119926],[35.13632965109258,-0.161448597674621],[35.13649368293716,-0.162556321417071],[35.13727569561689,-0.16325376904615],[35.13833999559438,-0.16366402807239],[35.1390800477061,-0.163540959447687],[35.13928604101801,-0.163089662557809],[35.13903808623871,-0.162679389142454],[35.13829803502637,-0.162064001052784],[35.13829803502637,-0.161571681587759],[35.13862609871552,-0.161038340447021],[35.13928604101801,-0.161038340447021],[35.14018631005024,-0.161530659012669],[35.14143753141701,-0.162310153590681],[35.14229965210728,-0.162597343092841],[35.143569946296054,-0.162597343092841],[35.144474029353034,-0.162351190554944],[35.145355224663945,-0.162474260078966],[35.1464233395655,-0.16325376904615],[35.14724349968782,-0.16366402807239],[35.14822769165471,-0.163458899008958],[35.14908981324436,-0.163705050647536],[35.14966583261213,-0.164320454025699],[35.15060806311169,-0.164648667002325],[35.15184020985782,-0.164566606563596],[35.1525764461461,-0.164607644427178],[35.15360259958038,-0.165346116430101],[35.15442275970264,-0.166207671446841],[35.15557098441343,-0.16628973188557],[35.156742095971026,-0.165879457570838],[35.15854644806018,-0.165674329406727],[35.159980774093526,-0.165469199443976],[35.16121292083966,-0.164894820439542],[35.16236114465113,-0.163705050647536],[35.16301727292887,-0.162884532595058],[35.163509367563336,-0.162843495630796],[35.164085387830426,-0.163212745571684],[35.1645355227962,-0.163705050647536],[35.16519165017456,-0.163540959447687],[35.16593170138697,-0.163294793419936],[35.16630172744283,-0.163581982022777],[35.16601181029688,-0.164443537938894],[35.16601181029688,-0.165099963892146],[35.16638183635274,-0.165551244594212],[35.16699600226377,-0.165510222019066],[35.16765594456626,-0.16452558308913],[35.16824722273117,-0.163787111985584],[35.168907165933035,-0.163787111985584],[35.170055389744505,-0.163869157135821],[35.1710395817114,-0.163335815095763],[35.17193984984425,-0.162884532595058],[35.17292785673527,-0.162843495630796],[35.17403411907941,-0.163048639982719],[35.1754684451127,-0.163828134560731],[35.17653656001431,-0.164607644427178],[35.17731475866924,-0.164976879979008],[35.17858886688276,-0.164894820439542],[35.18004226663737,-0.164976879979008],[35.181030274427656,-0.165017902554098],[35.1819725040279,-0.165469199443976],[35.1827125552403,-0.1660435649585],[35.183368682618664,-0.166125625397228],[35.18394088706236,-0.16575637455702],[35.18443298259615,-0.164730713051938],[35.184597015340046,-0.16366402807239],[35.18490600620726,-0.163130686032275],[35.18568420396292,-0.162884532595058],[35.18597412110887,-0.162515297942605],[35.18572616543025,-0.162105023627873],[35.18498611421785,-0.161858871989295],[35.18449401868406,-0.161489636437523],[35.18420791556292,-0.160997316073235],[35.184291839396906,-0.160422936169539],[35.18490600620726,-0.160176783631584],[35.18581008926424,-0.160176783631584],[35.18650436408518,-0.160053700617766],[35.187244415297585,-0.160546020082734],[35.18798446740931,-0.161489636437523],[35.189334869608615,-0.162515297942605],[35.19110107425524,-0.163417876433812],[35.19282531743448,-0.163746089410438],[35.194095611623254,-0.163746089410438],[35.195568085099126,-0.163090750737524],[35.19625091514769,-0.162805214189234],[35.196899413577114,-0.162824242944396],[35.19766235343491,-0.162976533240396],[35.19851684607562,-0.163414359185253],[35.19937515274114,-0.16396638733886],[35.200267791925114,-0.164708778587226],[35.20074462866171,-0.165260822029268],[35.20089721663328,-0.166079342687453],[35.20116424603316,-0.166345849581262],[35.20178985581725,-0.166383922380078],[35.20241928142474,-0.16604128517713],[35.202934264704595,-0.16575574862884],[35.20354461659082,-0.165812850182817],[35.20401763930266,-0.166136458630604],[35.20422744843802,-0.166517168632367],[35.20409393328845,-0.167012095231939],[35.203506470047614,-0.167659312127512],[35.20331573463352,-0.168040022129276],[35.20346832260503,-0.168611094326479],[35.20378875734531,-0.168991804328243],[35.20426559408196,-0.16918216742306],[35.20470428427535,-0.169467702172653],[35.20544815041188,-0.170229122176181],[35.20618820162423,-0.170895383115408],[35.207008361746546,-0.171352237815483],[35.20774841295895,-0.171599700665581],[35.20863342319399,-0.171685352996576],[35.209320068166676,-0.171742468939726],[35.209720611816806,-0.171913787990889],[35.20991134633164,-0.172218352395021],[35.209873199788376,-0.172865569290536],[35.20989227261032,-0.173265323335954],[35.21031188998177,-0.173550858984925],[35.21070861780851,-0.173474714286613],[35.21129989597347,-0.173055930586656],[35.21191024785969,-0.172846541434694],[35.212383270571536,-0.172903642089352],[35.21274566677914,-0.173189177738323],[35.21289825475071,-0.173798322734342],[35.213088989265486,-0.174274206189637],[35.21347045919441,-0.17455974183855],[35.214191436685496,-0.174693003379332],[35.21483993511498,-0.17484527838684],[35.215145111058064,-0.175073713381096],[35.21527862530837,-0.175663814333518],[35.21522140504385,-0.176482349380876],[35.21516418477938,-0.176958248124606],[35.21537399301542,-0.177262813428058],[35.21583938587901,-0.177500770444169],[35.21616363644273,-0.177843406747797],[35.21616363644273,-0.178262188649057],[35.21587753332153,-0.178642898650821],[35.21543884312814,-0.179118797394551],[35.21528625515663,-0.179575652094627],[35.21541976940688,-0.180108650593695],[35.2158012393358,-0.180565506193091],[35.21625900235114,-0.180755868388587],[35.21686935423736,-0.180698752445437],[35.21739959721367,-0.180793941187403],[35.21766662571423,-0.181079476836317],[35.217761993421334,-0.181974143092191],[35.21780013996454,-0.182944968435493],[35.21800994909995,-0.183782533137332],[35.218334197864976,-0.18465818502716],[35.218685150199576,-0.18546719805272],[35.21878051790662,-0.185962125551612],[35.218666075578994,-0.186457053050503],[35.2181701660204,-0.186837762152948],[35.21777343729434,-0.187180414644388],[35.217582702779566,-0.18767534214328],[35.217697143308555,-0.188189296598694],[35.21805572459209,-0.188627123442927],[35.21860885621379,-0.189122050941876],[35.218837738171146,-0.189750224693057],[35.21887588471435,-0.190416470343791],[35.21918106065749,-0.190911396943363],[35.219638824572144,-0.191444397241071],[35.21986770742882,-0.191920295085481],[35.21987533457906,-0.192405700562574],[35.21962738069914,-0.192767381809176],[35.21916961678443,-0.193052916558827],[35.21873474241448,-0.193281351553082],[35.218467712115284,-0.193509772158222],[35.21841049185076,-0.193871453404824],[35.2186584484287,-0.194290235306084],[35.21924591077021,-0.194670945307848],[35.22004699717121,-0.195013597799232],[35.22050476108592,-0.195070697554627],[35.22092056263392,-0.194918423446438],[35.2214355468131,-0.19446155435719],[35.22185516328523,-0.194309279349739],[35.22242736772887,-0.194442525602028],[35.22311019867681,-0.194880352446262],[35.22381591827008,-0.195127815296416],[35.224464416699504,-0.195280090303868],[35.225166319570064,-0.195527553154022],[35.22594833404844,-0.196003451897752],[35.22652816744102,-0.196336582367337],[35.227043151620194,-0.196374639877661],[35.22744369527038,-0.196241393625371],[35.227878571438964,-0.195822611724111],[35.22824096674725,-0.195251540426227],[35.22848892242587,-0.195004075777433],[35.228889465176735,-0.194985047022271],[35.229328155370126,-0.195175394828539],[35.22966766383166,-0.195232510771689],[35.229991912596745,-0.195023119821087],[35.230430602790136,-0.194356858881861],[35.230812072719004,-0.193976148880097],[35.231269836633714,-0.193842902627807],[35.231838226153286,-0.193938076081281],[35.23242950431825,-0.194280714183549],[35.2331352230122,-0.19485178458217],[35.233982085804655,-0.195451407556391],[35.234683989574535,-0.19577501690344],[35.23517990093171,-0.196212842848354],[35.23556137086064,-0.196879087599768],[35.23577117909667,-0.197697624445766],[35.23579025281799,-0.198516160392444],[35.23590469334698,-0.19903013103567],[35.23626708955459,-0.199772522284036],[35.2363204957943,-0.200362622337082],[35.2363204957943,-0.200800448281996],[35.23653030403034,-0.20104791203147],[35.236873627416,-0.201085984830286],[35.237636566374476,-0.200781405137661],[35.23811340311113,-0.200552985431898],[35.23852920555845,-0.200096130731822],[35.23883438240085,-0.199772522284036],[35.23933029195945,-0.199696376686404],[35.23990249640315,-0.199905767637006],[35.24035644539367,-0.200381666380736],[35.24069976788002,-0.200914651390008],[35.24097824115296,-0.201704636559668],[35.241355896157756,-0.202789679400155],[35.241851806615614,-0.203474953806051],[35.242595672752145,-0.204026997248093],[35.243278503700026,-0.20421734415504],[35.24375534043668,-0.204160244399702],[35.24390792840825,-0.203836635052596],[35.243850708143725,-0.202941954407606],[35.24392700212951,-0.202218607202894],[35.24421310435133,-0.201799824402315],[35.244556426837676,-0.201685607804507],[35.24478530879503,-0.201761753402138],[35.24501037582826,-0.202427998153553],[35.24529647805008,-0.203417852252016],[35.24575424196473,-0.20450288070333],[35.246345520129694,-0.205492734801794],[35.2471237178853,-0.206730067938224],[35.24765014683686,-0.207310646868791],[35.2480468746636,-0.207539081863104],[35.24829483034222,-0.207843646267236],[35.2482757566209,-0.208300500967312],[35.24806594838486,-0.208643152559375],[35.24753570540855,-0.208814471610538],[35.247097015215104,-0.208985790661643],[35.24681091299328,-0.209366500663407],[35.2467346190075,-0.209899500061852],[35.24688720697907,-0.210394427560743],[35.24738311743698,-0.210756107908026],[35.247817993605565,-0.211022615701097],[35.248085022106125,-0.211422353558703],[35.24806594838486,-0.211936325101249],[35.24776458736585,-0.212469323600374],[35.24759292567302,-0.212945207954931],[35.24774551364459,-0.213287860446371],[35.248123168649386,-0.213364005144683],[35.24869537309303,-0.213021352653243],[35.24915313700774,-0.212850035400777],[35.24955368065787,-0.212945207954931],[35.24981689423436,-0.213287860446371],[35.24983596795562,-0.214049279550579],[35.249732971299636,-0.214782163166262],[35.24990463299247,-0.21512480036921],[35.250305175743335,-0.215219974722004],[35.25085449244091,-0.2152580466215],[35.25135040289882,-0.21554358316979],[35.251941681063784,-0.216228872864122],[35.25247573896422,-0.217180654163826],[35.253082275027,-0.21826568261514],[35.25346374495592,-0.218836754812344],[35.253902435149314,-0.21893194355431],[35.25451278703554,-0.219046145762945],[35.25481414805455,-0.219331681411916],[35.25492858858354,-0.219807580155646],[35.255176544262156,-0.220150217358594],[35.25565338099881,-0.22053094174953],[35.255882262956106,-0.220987795550286],[35.256034850927676,-0.22159692615719],[35.256366730440334,-0.221891984727279],[35.257186889663274,-0.222063302879064],[35.25785064688989,-0.22215849162103],[35.25849914531938,-0.222463056025163],[35.259147643748804,-0.222900881970077],[35.26004028293278,-0.223167373575393],[35.26063156109774,-0.223300620727002],[35.26101303102661,-0.223624229174789],[35.26124191298396,-0.224081083874864],[35.26124191298396,-0.224499881064617],[35.260993957305345,-0.225051910117486],[35.26045990030423,-0.225642010170588],[35.260097504096564,-0.226022734561525],[35.25994491612505,-0.226460546117266],[35.259983062668255,-0.22703161831447],[35.260135650639825,-0.227621734555385],[35.2600784303753,-0.228154733953772],[35.25973510698964,-0.228725806150976],[35.25933456423883,-0.229182660851052],[35.25926971412605,-0.22949674727704],[35.25946045043946,-0.229839383580668],[35.25997543371932,-0.230048775430589],[35.260467529253106,-0.230239137626029],[35.26081085173945,-0.230581775728297],[35.26105880741807,-0.231305137322181],[35.261306763096684,-0.232409208917829],[35.26155471787598,-0.233360991116797],[35.26176452611202,-0.233627483621433],[35.262050628333895,-0.233646526765767],[35.26227569536712,-0.233284846418485],[35.2624855054018,-0.232847019574251],[35.262714385560514,-0.232637628623593],[35.26305770894618,-0.232599556724097],[35.263439178875046,-0.232770890164375],[35.26378250136139,-0.233284846418485],[35.26419830290939,-0.233836874572035],[35.26478958107435,-0.234350845215261],[35.26547622694636,-0.234693482418209],[35.26609420778152,-0.23474107723888],[35.26668548594648,-0.23474107723888],[35.267120361215746,-0.234893366635504],[35.26740646343757,-0.235140830384978],[35.26755905140914,-0.235559612286238],[35.26773071310197,-0.236016466986314],[35.268112183030894,-0.236378148232916],[35.2687225340178,-0.236549467284021],[35.26927185071537,-0.236682712637048],[35.269786834894546,-0.236987292329616],[35.27013015738089,-0.237482219828507],[35.27043533332403,-0.237824857031455],[35.27096557630034,-0.23788195858549],[35.27136611905121,-0.237748712333143],[35.27193832439423,-0.237348959187045],[35.27242279007976,-0.237130060603761],[35.27284240655189,-0.237225234956554],[35.27318572993755,-0.237624988102652],[35.273509979601954,-0.237758234354999],[35.27384948716417,-0.237720161556183],[35.27407836912147,-0.237434625907213],[35.274326324800086,-0.236901625609505],[35.274593353300645,-0.236635134004189],[35.27497482322957,-0.236578017161719],[35.275432586244904,-0.236825480911193],[35.27592468267801,-0.237377524353235],[35.27645874057845,-0.237605944058998],[35.2772598269795,-0.237663060002149],[35.27824783297115,-0.237682089656687],[35.2790489193722,-0.237567872159502],[35.27989578216466,-0.23736800233138],[35.280826568791156,-0.237082466682466],[35.281818389706984,-0.236968249185281],[35.28274917633348,-0.237006321984097],[35.28366470326347,-0.236968249185281],[35.284065246913656,-0.236720785435864],[35.284309386768825,-0.236187786037476],[35.28459548989002,-0.235940322288002],[35.28509140034788,-0.235902248589866],[35.28556823708453,-0.236149713238603],[35.28624343908348,-0.236711263414008],[35.286949157777485,-0.236996799962299],[35.287784576696936,-0.237053915905449],[35.288452148847625,-0.23684452495479],[35.28906249983453,-0.236597061205373],[35.289745330782466,-0.236520917406381],[35.29052734256288,-0.236654162759351],[35.291248321852606,-0.237034871861795],[35.29183960001757,-0.237510770605525],[35.292354583297424,-0.237644016857871],[35.292877197324856,-0.237501248583726],[35.29320144608994,-0.237387031086541],[35.293582916018806,-0.237501248583726],[35.29386901824063,-0.237862929830328],[35.2941894529809,-0.238224611076873],[35.2947616574246,-0.238300755775185],[35.29539108303209,-0.238243639832092],[35.29586410484461,-0.2383578564299],[35.296474456730834,-0.238434002027532],[35.297199249146104,-0.238338827674681],[35.29773330704654,-0.238262682976369],[35.298320770287376,-0.238319785429724],[35.29881668074529,-0.238605320179317],[35.29914855935857,-0.238995552202937],[35.299530029287496,-0.239680841897268],[35.30012130655308,-0.240194797252059],[35.30080413840034,-0.240442261001476],[35.30141448938724,-0.240480333800292],[35.30192947356642,-0.240232870050875],[35.30266952477882,-0.2399854063014],[35.30337524437209,-0.239928304747423],[35.30423355103761,-0.240118652553747],[35.305088042779005,-0.240651651952135],[35.305660248122024,-0.241241768192992],[35.30611801113736,-0.242269695090329],[35.306583404900266,-0.243040636216335],[35.307533264348706,-0.243859172163013],[35.30850601244259,-0.244734808764349],[35.30919265741528,-0.245591416610523],[35.30966568012707,-0.246238634405415],[35.3104095462636,-0.246676460350329],[35.31100082442856,-0.246981024754461],[35.311435699697824,-0.247590169750481],[35.31183624244869,-0.248370632898343],[35.31238937407039,-0.248618095748498],[35.31331253084869,-0.24881796557662],[35.31426239029713,-0.24881796557662],[35.315425872905735,-0.248570501827146],[35.3165283203258,-0.248132675882232],[35.317577362405416,-0.247751965880468],[35.318679809825426,-0.247675821182156],[35.31946945235342,-0.247666314448793],[35.32036590556214,-0.247285589158537],[35.321544646967936,-0.246638387551513],[35.322498321340504,-0.246048271310599],[35.32316207856712,-0.245800807561182],[35.32373428301082,-0.245762735661685],[35.32440185516151,-0.245591416610523],[35.32517242396824,-0.245029866435118],[35.32596969634449,-0.244611085433178],[35.32678985556743,-0.244401693583256],[35.32779693617971,-0.244154229833782],[35.32875061055228,-0.243811577342399],[35.32964324973625,-0.24331665074277],[35.33046340985851,-0.242859796042694],[35.33124542343762,-0.242612332293277],[35.3320732116095,-0.242583782415579],[35.3328132628219,-0.242469564019132],[35.33349990869391,-0.242145955571345],[35.33399581915177,-0.242031738074218],[35.334697723820966,-0.242069810873033],[35.33528900108661,-0.241898491821871],[35.33574676500126,-0.241403565222299],[35.336353301963356,-0.240737318672245],[35.33700180039284,-0.240470811778493],[35.33819961641922,-0.240356609569801],[35.339351654255495,-0.240270942849691],[35.339942932420456,-0.240061550999712],[35.340324400550685,-0.239795059394453],[35.34041976915705,-0.239243015952354],[35.3405151368641,-0.238576769402357],[35.340744018821454,-0.2379676253056],[35.34159851056285,-0.237053915905449],[35.3422126773732,-0.236475616756252],[35.33043289226424,-0.19218504470399],[35.29573822044256,-0.176042690617635],[35.28904342611327,-0.165237978349978],[35.288097381588955,-0.165444835910421],[35.28676986713572,-0.165651679081691],[35.28582382171203,-0.165755108311544],[35.284790039328925,-0.165902867823036],[35.283710479654985,-0.165843769774085],[35.28280639659795,-0.16559258103274],[35.28215789816852,-0.16553348298379],[35.28144836544976,-0.165710792419077],[35.28057861311254,-0.165932416847511],[35.280296325814845,-0.16538573786147],[35.28019332915886,-0.164809494562462],[35.27986907859514,-0.164440125011708],[35.27958679219677,-0.163908213792979],[35.27966308618255,-0.163376316064102],[35.28004455611142,-0.162475020006127],[35.28053283672108,-0.161366895166054],[35.28106307969745,-0.160391733291817],[35.28187560997145,-0.159268811006768],[35.28258514358953,-0.158323213445499],[35.28334045359912,-0.157673105229549],[35.284198761163964,-0.157215073316934],[35.277366638559556,-0.144801676256293],[35.25331497190848,-0.120541751800374],[35.23647689779068,-0.119590841044442],[35.22648239104956,-0.067726478194345],[35.221157074439475,-0.03899628644939],[35.22107315060549,-0.03868233402244],[35.22108077955437,-0.038061257720813],[35.22101211541684,-0.03757145276029],[35.22091674770979,-0.037276376203749],[35.22075271586522,-0.037090614040551],[35.22049331631354,-0.036989722697513],[35.22004318224714,-0.036962311361549],[35.219547271789224,-0.037114598060214],[35.21910095174758,-0.037433351967593],[35.21866989140244,-0.037837951560164],[35.218208312563604,-0.038027130247826],[35.21770477315681,-0.037999831327113],[35.21691894555295,-0.037647596559282],[35.216331482312114,-0.037285916211999],[35.21593093866193,-0.036962311361549],[35.21581649813294,-0.036714849410714],[35.215797424411676,-0.036334134912352],[35.21587371839746,-0.035849939922741],[35.21585464467614,-0.035496563015897],[35.21572113042589,-0.035153921316351],[35.21541595358343,-0.034468636118618],[35.21518707342477,-0.034125995318391],[35.21483612019085,-0.033959400405934],[35.21446990995844,-0.033923082184458],[35.21393203713387,-0.03393563672023],[35.21334838881717,-0.033802423742827],[35.213008880355574,-0.033570371675239],[35.21275329572808,-0.033188167899596],[35.21252822869485,-0.032831922155424],[35.21232604940769,-0.032648991957387],[35.21208572357733,-0.032587565563631],[35.21181869507677,-0.03264120922438],[35.21103668239704,-0.033040959672519],[35.21045684810508,-0.033336013746009],[35.210075378176214,-0.033374082048226],[35.209827423396916,-0.033259869047697],[35.209674835425346,-0.032898191398374],[35.20956039399704,-0.032389637371807],[35.209320068166676,-0.032027911159105],[35.208858490227215,-0.031679905902877],[35.20841980003382,-0.031413409800962],[35.207866668412066,-0.031108837302952],[35.20740890539673,-0.030737975776901],[35.206897735242364,-0.03002380165708],[35.20655059783189,-0.029550417417795],[35.20626831143346,-0.029262375358314],[35.20597839338819,-0.029140913822062],[35.20561599718059,-0.029195515260767],[35.205337524806964,-0.02935249192393],[35.2050590524334,-0.029595500431924],[35.2046890245789,-0.029932620294119],[35.20399475065727,-0.030356926730747],[35.20336914087318,-0.030546875238031],[35.20278930658128,-0.030533224428723],[35.202468871841006,-0.030425671807279],[35.202167510821994,-0.030178321372375],[35.20195770258596,-0.029823929130998],[35.20176696807118,-0.029441217238343],[35.201519012392566,-0.029176714034065],[35.20116043110909,-0.028902036799536],[35.20074081463696,-0.028757929434846],[35.200332642037836,-0.02865633572128],[35.20016860929394,-0.028499359058117],[35.20001602132237,-0.028148787136786],[35.1998367306806,-0.027810029609157],[35.19957733112898,-0.027543851867222],[35.199119568113645,-0.027292181089251],[35.19880676232225,-0.027244591664498],[35.198455810887026,-0.027298150788965],[35.19791412313833,-0.027530128212788],[35.197093963915336,-0.027815662063119],[35.19629287841366,-0.027986984711504],[35.19551467885941,-0.028063127611176],[35.19499587975611,-0.027987480237982],[35.19472122230661,-0.027850980238497],[35.19456100358752,-0.027530128212788],[35.19440841741459,-0.026929598721949],[35.194252015418215,-0.026629295305668],[35.194011687789214,-0.026445092566917],[35.19374084436453,-0.026376769272417],[35.19351196330649,-0.026419117448256],[35.19311523458049,-0.026597378366262],[35.19239044216522,-0.026825807964599],[35.19184112456827,-0.026943247732675],[35.191677093623014,-0.027044717339777],[35.19158172591597,-0.027223073585901],[35.19163894618049,-0.027634823688118],[35.191715240166275,-0.02832010978517],[35.19161987335855,-0.028558506569766],[35.191410065122454,-0.02873889258575],[35.1911811831651,-0.028758711845001],[35.19055557158242,-0.028681787434493],[35.189971924165036,-0.028635861755561],[35.189426422391534,-0.02877918671004],[35.188785552910986,-0.029176714034065],[35.18806075959645,-0.029645968586522],[35.18760299658106,-0.029901603576093],[35.187194823982,-0.029966745968522],[35.186710357397146,-0.029881036080894],[35.18644332889659,-0.029721043990946],[35.18626785317895,-0.029468516159056],[35.186080932688924,-0.029140913822062],[35.185852050731626,-0.028929250284648],[35.18555068971261,-0.028834073233838],[35.18511200041854,-0.028872143334695],[35.184711455869035,-0.029119607084169],[35.18432235699123,-0.029528875057508],[35.18403625476941,-0.029947660556047],[35.18386459307658,-0.03013054668736],[35.183517455666106,-0.030232922811081],[35.18302536013232,-0.030103245968007],[35.18275833163176,-0.029843894979706],[35.182552337420475,-0.029420740574665],[35.18222808865539,-0.028824554809319],[35.1819725040279,-0.02865532218533],[35.181541442783384,-0.028539018261029],[35.180988312061004,-0.028577091059844],[35.18069457999093,-0.028768446106881],[35.18030548111312,-0.02930044725781],[35.17986679091973,-0.02987802065411],[35.17949676486387,-0.03019197308106],[35.17901992812722,-0.030369423709885],[35.17854690541543,-0.030383072720554],[35.178234101422674,-0.030301172361192],[35.17801666243906,-0.030116896777315],[35.17784881567036,-0.029662124907077],[35.17769622769879,-0.02897028814823],[35.17757797224567,-0.028629035001927],[35.17736434908551,-0.028491429735652],[35.177101136408396,-0.028472058338764],[35.176818847312006,-0.028593215904152],[35.176334380727155,-0.028910216133511],[35.175918579179154,-0.029052189406968],[35.17486953709948,-0.029176714034065],[35.17340469257255,-0.029456971561956],[35.17255020173047,-0.029775643631012],[35.17165374762243,-0.030223676881121],[35.171073913330474,-0.030389898574924],[35.170364379712396,-0.030451324069304],[35.16986083940628,-0.030499098754376],[35.16955947838727,-0.030628775597449],[35.16930389375972,-0.030937515553831],[35.169040680183286,-0.031434130180912],[35.16878890958054,-0.031756050601189],[35.16846084589139,-0.031891409360981],[35.168159484872376,-0.031870935395318],[35.167835235207974,-0.031737014651469],[35.16747283900037,-0.03164183760066],[35.16725158689127,-0.031686659811442],[35.16696166974532,-0.031908337299853],[35.16657638579164,-0.032300457000417],[35.16625595105137,-0.032517477799331],[35.165851593376374,-0.032601214574356],[35.165424347056046,-0.032539789079976],[35.16503906220299,-0.032308086848673],[35.16433334440836,-0.031584728852124],[35.164016723692896,-0.031202079912021],[35.16382598917812,-0.031051928203851],[35.16352462725979,-0.03101097757451],[35.16328048740462,-0.031086053878255],[35.16297531056216,-0.031291518388798],[35.16273498563112,-0.03138635639516],[35.16233062705686,-0.031359053877168],[35.16189575178754,-0.031249854597093],[35.16145706159415,-0.031243029642042],[35.16112518298087,-0.031441960577979],[35.16099548365469,-0.031645707383461],[35.16099166873056,-0.03193689167415],[35.16118240324539,-0.03235567357541],[35.16136550881123,-0.032663342439264],[35.16141510012682,-0.032976593395006],[35.16134262106516,-0.033208644563274],[35.161128997904996,-0.033467995551518],[35.16052246094284,-0.033932100585901],[35.16002273556086,-0.034316349419953],[35.15964126563193,-0.034735135817812],[35.15939331085269,-0.03524909926648],[35.15913772622514,-0.035843114967747],[35.15878295896641,-0.036327693967849],[35.1582145694469,-0.036867134310739],[35.15772628793786,-0.037228598820718],[35.15733718906006,-0.037400133709184],[35.156948089282935,-0.037428683586825],[35.15663146856747,-0.037337802597449],[35.156261444310246,-0.036990865735845],[35.15602493340401,-0.036798622158642],[35.15576934787714,-0.036743402885691],[35.155311584861806,-0.036743402885691],[35.154567718725275,-0.037047970887102],[35.15375137442646,-0.037638079034082],[35.15281677287584,-0.038437579030983],[35.15184402478195,-0.039245664855514],[35.14382553092355,-0.032152075158081],[35.10029983496946,-0.003722388277538],[35.10021591203474,-0.004213546717779],[35.100311279741845,-0.004746546116166],[35.10076904275718,-0.005450866364356],[35.10111236614284,-0.005831580862719],[35.10130310065762,-0.006231330411538],[35.101284026936355,-0.006897578760231],[35.10103607215706,-0.00762093495814],[35.100273132299264,-0.011523251596714],[35.10029220602053,-0.012018179095662],[35.10046386681404,-0.012379856744928],[35.10067367594945,-0.012513106594554],[35.10094070355069,-0.012475035594377],[35.10118865922931,-0.012379856744928],[35.10145568862919,-0.012436964594201],[35.10174179085101,-0.012779606293748],[35.10192871134103,-0.013350677591632],[35.101966857884236,-0.014207282739847],[35.10189056389845,-0.014911603887356],[35.10158920287944,-0.015368458587432],[35.10103607215706,-0.015711102984994],[35.10068511982246,-0.016025191209565],[35.100513458129626,-0.016386870657527],[35.100513458129626,-0.016672405407121],[35.10074234008698,-0.016996011156948],[35.101177215356245,-0.017509974605616],[35.101444244756124,-0.01777647430481],[35.10155868528517,-0.018062010853043],[35.10146331757812,-0.018461760401863],[35.10111999509178,-0.019051866750203],[35.101062774827255,-0.019432580349246],[35.101329803327815,-0.019908470999098],[35.10155868528517,-0.020327257396957],[35.10157775900643,-0.020727006945776],[35.10129165678461,-0.021240970394445],[35.10113906881304,-0.021754933843056],[35.10123443562077,-0.022459254091245],[35.101482391299385,-0.023068396389363],[35.10186386122825,-0.023639466787927],[35.10213851957707,-0.023972590962273],[35.10221481356285,-0.02433426861154],[35.101947784162974,-0.02492437495988],[35.10158920287944,-0.02562869520807],[35.101436614907925,-0.026333017254899],[35.1013793946434,-0.026694694904222],[35.101055144979,-0.02694215775432],[35.10059738196367,-0.027208658352833],[35.10040664744889,-0.027589371052557],[35.10034942628505,-0.028255621199889],[35.10021591203474,-0.028617299748532],[35.09994888263486,-0.028864762598687],[35.09938049311529,-0.028883797649087],[35.098903656378695,-0.028883797649087],[35.09869384724328,-0.029017048398032],[35.09825515704989,-0.029531010947323],[35.0977249149729,-0.03015919009448],[35.097095489365415,-0.03053990369358],[35.096305846837424,-0.030892064716966],[35.09586715664403,-0.030987242667095],[35.09548568761443,-0.03115856261752],[35.09506607024298,-0.031558312166339],[35.09476470922402,-0.032034203715455],[35.09461212125245,-0.032643347812211],[35.09438324019442,-0.033271525160728],[35.09411621079454,-0.033956811257781],[35.09398269744361,-0.034851487406172],[35.094058991429335,-0.035727129403426],[35.09411621079454,-0.036355305852624],[35.094058991429335,-0.036983482301821],[35.09379196202946,-0.037706841197689],[35.09338378943039,-0.038249358121334],[35.093154906573716,-0.038553927022065],[35.09300232040084,-0.039029822168516],[35.09296417205894,-0.039829321266097],[35.09279251126543,-0.040495566916832],[35.092487335322346,-0.041276030064694],[35.09214782686075,-0.042113601961091],[35.09199523888924,-0.04291310195805],[35.091880798360194,-0.043941028855329],[35.091651916402895,-0.044626314053119],[35.09127044557465,-0.045178346703267],[35.09073638857353,-0.045501955151053],[35.08988952668034,-0.045682795324694],[35.08924484227572,-0.045854114375857],[35.0887107852746,-0.046215791125803],[35.08813857993158,-0.04686300442404],[35.087490082401416,-0.047776717421527],[35.086940765703844,-0.048690430418958],[35.08655929577492,-0.049451861214379],[35.08592987016743,-0.050137143714153],[35.08522796639761,-0.050555929212692],[35.08448410026108,-0.050651107162821],[35.083835601831595,-0.050498824960755],[35.08316040073197,-0.050203769987945],[35.082683563096,-0.050146662138673],[35.08219146756221,-0.050241839189482],[35.08188629161913,-0.050584483586988],[35.081829071354605,-0.051155552186913],[35.08180999763334,-0.05166951923286],[35.08161926311857,-0.052031196882183],[35.08123779318964,-0.05235480173269],[35.081008911232345,-0.052735515331733],[35.08078002927499,-0.053211409578864],[35.08053588941982,-0.053401764579746],[35.080173492312895,-0.05336369178093],[35.07981109610523,-0.053059123779519],[35.07962036159046,-0.052773587231229],[35.0793914796331,-0.052735515331733],[35.07910537741128,-0.052830695979765],[35.07870864868522,-0.053230446427904],[35.07840347274214,-0.053630190580805],[35.07796478344807,-0.053953799927854],[35.077442169420635,-0.054096568201999],[35.07681274381315,-0.054096568201999],[35.07622146564819,-0.054229818051624],[35.07527160619969,-0.054724745550516],[35.0742225650194,-0.055295817747719],[35.073215484407115,-0.056019172147046],[35.07226181003455,-0.056856744043444],[35.07154083344278,-0.057484921391961],[35.07108306862875,-0.058170206589693],[35.07064437843536,-0.059026810838589],[35.07020568824197,-0.059674024136882],[35.06987380962869,-0.060483042558303],[35.06968307511386,-0.061491932606543],[35.06958770740681,-0.062557928705417],[35.06967163124085,-0.063048452224223],[35.06983566308543,-0.06343357340063],[35.07006454504278,-0.063890427201386],[35.070083617864725,-0.064224653045244],[35.069969177335736,-0.064461499398647],[35.06926345864173,-0.065260997596909],[35.06835174573655,-0.06646024444467],[35.067180633279634,-0.067859373711087],[35.066646576278515,-0.068125866215723],[35.066078185859624,-0.068354301209979],[35.065612792996035,-0.068770796135311],[35.0422554011659,-0.036192819043322],[35.00753021264927,-0.029763279751535],[34.9894218443427,-0.020129623283424],[34.97877502424802,-0.024580869911176],[34.9578742978606,-0.026516195665863],[34.955165862714466,-0.030967442293559],[34.92371749886354,-0.036676648908156],[34.92119979823218,-0.026806494124344],[34.89159011808954,-0.025645297592348],[34.835369110096394,-0.028257986416918],[34.8162078856854,-0.025161467727514],[34.80682373083056,-0.020226389436289],[34.80496597340101,-0.019435541816733],[34.804801940657114,-0.019186811821839],[34.80444717429771,-0.018897096124022],[34.80388259880294,-0.018408689609316],[34.80342102086348,-0.017748020654608],[34.80319213890613,-0.017234165124592],[34.80308532732607,-0.016705629960825],[34.8030776965785,-0.015883462551699],[34.803302765410365,-0.014160766206373],[34.80349349992514,-0.013365576659965],[34.80369186428817,-0.012851722928644],[34.804138183430496,-0.012206407199869],[34.804798126632306,-0.011448592578461],[34.805271148444774,-0.010934995153832],[34.80556488141417,-0.010473311094358],[34.80573272728361,-0.010032681063308],[34.80595397939271,-0.009482306763005],[34.80627059920886,-0.009005155263651],[34.80703353906665,-0.008300441112397],[34.80800247223635,-0.007573704362926],[34.809116364428746,-0.006931630690133],[34.80982971207163,-0.006531313669143],[34.810268402265024,-0.006112889698045],[34.81053543076558,-0.005643080263894],[34.810821532987404,-0.00518061109625],[34.8111801151702,-0.004806231422378],[34.8118057249543,-0.004219458860916],[34.81206893943005,-0.003851930222368],[34.812225341426426,-0.003481589403805],[34.81241989176465,-0.002603998575637],[34.8125457761667,-0.001781832065831],[34.81869125379836,0.021942779036067],[34.8180923457852,0.020873123595834],[34.81764221171875,0.019917788175405],[34.81724548299269,0.019034555000758],[34.81659698456326,0.018331573843113],[34.81594848613378,0.017664642908983],[34.814956665218006,0.016637207940846],[34.814235686827544,0.015663849207328],[34.81358718839806,0.015249269837966],[34.812828064363714,0.014978892262093],[34.81209182717612,0.014329986439748],[34.811351775963715,0.01353687882397],[34.810684203813025,0.012707721883885],[34.81016159068491,0.011788437586347],[34.809783935680116,0.011175581987573],[34.80938720695411,0.010797053741101],[34.808685302284914,0.010616801724041],[34.807773590279,0.010715940288435],[34.806785583388034,0.010820049405822],[34.80573654130836,0.01078804073552],[34.80483627317551,0.010607789617836],[34.804008484104315,0.010319386930234],[34.78979110727386,-0.004864351008962],[34.78726959261763,-0.007096302852062],[34.786647796858404,-0.008263394440064],[34.785762786623366,-0.009911433565776],[34.784030913595814,-0.012358505040936],[34.78280639669788,-0.014452964932332],[34.78205490071315,-0.016336746943296],[34.7814788822447,-0.018874892762028],[34.78097534193853,-0.021393576352409],[34.78036880497643,-0.020514517830691],[34.77976226801428,-0.019811269574404],[34.779170989849376,-0.019267853328699],[34.77832412705686,-0.018916230999196],[34.77722167963685,-0.018612554225967],[34.776374816844395,-0.018292898298569],[34.775524139127754,-0.017813410360532],[34.77471160885369,-0.017238026813459],[34.7740707393732,-0.017110164802205],[34.77319335898636,-0.017142130305047],[34.7721862792734,-0.017158113056439],[34.77162551870276,-0.017222044961386],[34.77112197839665,-0.017453797554651],[34.77069091805146,-0.017613625068691],[34.770339965716914,-0.017821404434244],[34.769844055259,-0.018220974118606],[34.7692451481451,-0.018468708564001],[34.76794815038687,-0.01862853787668],[34.76655960074504,-0.018500674066786],[34.76544189542716,-0.018181016340804],[34.764522552673725,-0.017821404434244],[34.764106750226404,-0.017565676814513],[34.76373672506986,-0.017453797554651],[34.76325988743389,-0.017469779406724],[34.76288986227735,-0.017709521577103],[34.76257324156188,-0.01826892237284],[34.762187957608205,-0.019435674017075],[34.76166152955602,-0.021033961747889],[34.76131057722142,-0.021801140110483],[34.76070022623452,-0.0229199417019],[34.759895324909394,-0.024046733769694],[34.75922393783452,-0.02476596477743],[34.75824737571588,-0.025597075044914],[34.75719451871214,-0.026348268857475],[34.75501251341683,-0.033196933591569],[34.75461196886732,-0.033420693010498],[34.75354003904164,-0.033388730205672],[34.7524070740273,-0.033180951739496],[34.75037765490492,-0.032190013957916],[34.75012207027737,-0.03049582612141],[34.7494506832025,-0.02822625833511],[34.748588561612905,-0.02681976362112],[34.74726867700787,-0.025021690598521],[34.747074127568965,-0.024731903854217]]]}},{"type":"Feature","properties":{"country":"Kenya","admin_level":"Admin1","name":"Homabay"},"geometry":{"type":"Polygon","coordinates":[[[33.947662353235046,-0.337183326349361],[33.91997909555886,-0.561803161786429],[34.08097839383788,-0.802415072797316],[34.09692382787239,-0.782304703898944],[34.111289977750346,-0.780140578924545],[34.120723723920776,-0.78293931499735],[34.13571166955796,-0.772529602059421],[34.15586090085992,-0.76601749690991],[34.16813278240204,-0.772126972881438],[34.17668151833743,-0.768291473172894],[34.1835327146631,-0.762236774007874],[34.20004272419243,-0.753351152033986],[34.20218658474312,-0.750880896935826],[34.202411651776345,-0.75182080268786],[34.20261383016418,-0.752368092313588],[34.203090667800154,-0.753022432739044],[34.20383834796144,-0.753879010907553],[34.20442199717746,-0.754438221046996],[34.204875946168045,-0.754878401417045],[34.205642700050646,-0.755705296562155],[34.20640182498431,-0.756538093058509],[34.20728302029522,-0.757287621326611],[34.208007812710434,-0.757906257767559],[34.20867538486118,-0.758465468806321],[34.20934295611261,-0.759274482731144],[34.2097282409656,-0.760018050292729],[34.20993042025276,-0.760862767302797],[34.21007156255263,-0.761374354742657],[34.2104911808234,-0.761909722955295],[34.210895537599015,-0.762492656310997],[34.21121978726342,-0.763390898271268],[34.21148300173917,-0.764354586594834],[34.21165084940725,-0.765461087259325],[34.21178054783405,-0.766389071598326],[34.21200561486728,-0.767031490610748],[34.21237564092314,-0.767602562807951],[34.21293258656965,-0.768054663691714],[34.213844298575566,-0.768703102765926],[34.21447372418305,-0.768929123979831],[34.215282440432304,-0.769107580050729],[34.21623611480493,-0.769512116690805],[34.21726608316328,-0.770005822011058],[34.218299866445705,-0.770398438137363],[34.21903610273398,-0.771005213419812],[34.220237731885845,-0.772028387400098],[34.22145462073422,-0.772801697340412],[34.22225570713522,-0.773414433329378],[34.222946167032035,-0.774389981912066],[34.22381591757062,-0.775508343735055],[34.22474288927299,-0.77666234928796],[34.22553253180098,-0.777750968732164],[34.22605895985316,-0.778548120599226],[34.22654342643801,-0.778940677370315],[34.227401733103534,-0.779238164109927],[34.22832870480596,-0.779511749567519],[34.22905349722117,-0.779868721963908],[34.22969818072653,-0.780415952234364],[34.23039245644674,-0.780755043410466],[34.23136901856543,-0.781135738123794],[34.23214340229623,-0.78169494826318],[34.23264312767827,-0.782408774345413],[34.23309326174467,-0.783158302613515],[34.23354721073525,-0.784062504381041],[34.2338371278812,-0.784984528912844],[34.2342529294292,-0.7856983540957],[34.23468780559779,-0.786620437982776],[34.23502349823593,-0.788202762747233],[34.23510360714579,-0.789559066297841],[34.23522567842235,-0.790272890581377],[34.23555755613637,-0.790760696349025],[34.236759186187555,-0.791343629704727],[34.237247466797214,-0.791557788860814],[34.23758697525875,-0.792075336107814],[34.23776245097639,-0.792955756203128],[34.23794174161816,-0.79370528357191],[34.23822784383998,-0.794383406568897],[34.23871612534896,-0.795002043009845],[34.239406585245774,-0.795870542591445],[34.24003219592913,-0.796911596892642],[34.24065017676429,-0.797732471975962],[34.241016387896025,-0.798410654328165],[34.24137496917956,-0.799088776425833],[34.24186325068854,-0.799695551708282],[34.24269485468386,-0.80048078306163],[34.243438720820336,-0.801236272036306],[34.24412918071715,-0.80206906763334],[34.24459457358074,-0.802949487728654],[34.244956969788404,-0.803883433673491],[34.245395659981796,-0.804787576085744],[34.245906830136164,-0.805667996181057],[34.246704101613034,-0.80647701010588],[34.24751281696297,-0.807119487574255],[34.24815750136764,-0.807916581884683],[34.248989105362966,-0.809011161136141],[34.24961471514706,-0.809635758283548],[34.2501487730475,-0.810147344824031],[34.25040817259912,-0.810572207041673],[34.254211426216386,-0.811330616115015],[34.258602142175164,-0.812414467353733],[34.26407623273201,-0.814094543028716],[34.26618957478911,-0.815937161270938],[34.26868438677508,-0.817400396011408],[34.271663665345955,-0.81913459288711],[34.27583694501902,-0.824066340988793],[34.27773284899183,-0.825963139787007],[34.28195953400535,-0.826450884400742],[34.28426361057723,-0.82658857240466],[34.28496551524637,-0.827492773272809],[34.2857360840531,-0.828337490282877],[34.286403656203845,-0.828813373738171],[34.287094116100604,-0.829217851022975],[34.28807067911862,-0.82991981504739],[34.28894806040472,-0.830633640230246],[34.28979492229786,-0.831430792996628],[34.290531158586134,-0.832180321264786],[34.292072296199535,-0.833590149765541],[34.29299926790196,-0.834470511404902],[34.29346466076555,-0.835077285788088],[34.294010163438315,-0.835850596627665],[34.29454040641468,-0.836546599945564],[34.294956207063365,-0.836915434399714],[34.29561233534105,-0.837165295741784],[34.29648208587963,-0.837224781398504],[34.29739761370894,-0.837200938572437],[34.297843932851265,-0.83715933593453],[34.29814147984547,-0.83715933593453],[34.298305511690046,-0.837290168406525],[34.29842758206729,-0.837801754047689],[34.298614501657994,-0.838360965086395],[34.298900603879815,-0.83932465340996],[34.29943847670438,-0.840978384344908],[34.29969787625606,-0.841715991199976],[34.30005645843886,-0.842441737795923],[34.30051803457968,-0.843012809993127],[34.30123901386946,-0.843554138912339],[34.301895141247826,-0.844018101853862],[34.30261993366304,-0.84443449965238],[34.30294036840331,-0.844755768963523],[34.30321502675213,-0.845350622832939],[34.30361938442712,-0.846326172314946],[34.30392837529433,-0.847004353767886],[34.30428695657781,-0.847646772780308],[34.3047447195932,-0.848188102598783],[34.30514907816746,-0.848521232169105],[34.305446625161665,-0.84885436263869],[34.319274902215,-0.865088225441184],[34.32019043004436,-0.865314305111042],[34.335338592602,-0.861283600357808],[34.3366851807765,-0.854907512271836],[34.36909484884825,-0.851091384859501],[34.369457245055855,-0.850770950119227],[34.36985015885779,-0.850402116564396],[34.3702545174321,-0.850140393164565],[34.37063598556233,-0.849866746553062],[34.370826720976424,-0.849521755824298],[34.370735168193505,-0.849206447219728],[34.37049865728727,-0.848718702605993],[34.370407105403615,-0.84838306932312],[34.370403289580224,-0.848066508862246],[34.37049865728727,-0.847814499939147],[34.370796203382156,-0.847457587797408],[34.37110519424937,-0.84717202157151],[34.37129211384001,-0.846867739554511],[34.371307372637204,-0.846577167702094],[34.37125015237268,-0.846353232915305],[34.371070861730914,-0.846002936186494],[34.37100982744164,-0.845780014935713],[34.3710937503763,-0.845482587551317],[34.37129592876414,-0.845264017220586],[34.37150955192436,-0.845173299008479],[34.37186813320784,-0.845197081580011],[34.37221908644176,-0.845347404159327],[34.372451782423866,-0.845411777631398],[34.372711181975546,-0.845339834565664],[34.37306213341077,-0.845198333436315],[34.37329864521638,-0.845170914905736],[34.37356185879281,-0.845274389101746],[34.373683929170056,-0.845436335418469],[34.37392425500042,-0.845991968954138],[34.37407684297199,-0.846243798912155],[34.374217987070494,-0.846358716081852],[34.374481202445565,-0.846424400765443],[34.37475585899574,-0.846408009721813],[34.37497329708003,-0.846271157188085],[34.37513351400054,-0.846083403026569],[34.37539291355216,-0.845536172756113],[34.375602721788255,-0.845160007028653],[34.37581253092361,-0.844941258632105],[34.376132964764565,-0.844722092050858],[34.37658309973034,-0.844552398074654],[34.37709045406126,-0.844431995939829],[34.37739181508027,-0.844311594704266],[34.377700805947484,-0.844109058386266],[34.37801742576363,-0.843972205852594],[34.3783645631741,-0.843912184199894],[34.3786125179534,-0.84400504819439],[34.37892150882061,-0.844257175827977],[34.37939071660833,-0.844689249709063],[34.37993240255838,-0.845256567236731],[34.38049316402834,-0.845931768336413],[34.38089752170333,-0.846279740317698],[34.38117218005215,-0.846339225974475],[34.381576537727085,-0.846244037232509],[34.38194274885882,-0.845946609848113],[34.38225173972609,-0.845423102793916],[34.38252258315072,-0.844703316904486],[34.3828201292456,-0.843941926578623],[34.383075713873154,-0.84321141267651],[34.383209228123405,-0.842954456582845],[34.3834953312446,-0.842716454600634],[34.38399505572727,-0.842502355699082],[34.384220123659816,-0.842341064988091],[34.38431930539167,-0.842116653560652],[34.384349822985996,-0.841695189881079],[34.38440322832639,-0.841339409086402],[34.384525298703636,-0.841114580373528],[34.384723663066666,-0.840872407335667],[34.38500595126368,-0.84045600863783],[34.38515472431112,-0.840020418407562],[34.38523864724584,-0.839571416587546],[34.38533401495289,-0.839260339293162],[34.38552856439179,-0.839062393114887],[34.38592910804198,-0.838808238409399],[34.386226654136806,-0.838546454755033],[34.38642883342396,-0.838165760041761],[34.38654708887708,-0.83764231234278],[34.38672638041817,-0.837083101304017],[34.38702392561373,-0.83640497920635],[34.38729095501361,-0.835601866632771],[34.387542724717036,-0.835018932377807],[34.387924194645905,-0.834388375423146],[34.388362884839296,-0.83362692574201],[34.38883972157595,-0.832889318886885],[34.38927841176934,-0.832246839619927],[34.38938522334945,-0.831842363234443],[34.38942718481678,-0.831146359017225],[34.3895187375997,-0.830643951856871],[34.389663696622335,-0.830420613320598],[34.39002227790587,-0.830170750179946],[34.39055252088218,-0.829916000123262],[34.39083480817993,-0.829837679964896],[34.3910217286699,-0.8298558004048],[34.39118194559035,-0.829965234408007],[34.39130020104352,-0.830184221124853],[34.39151001017888,-0.830550908897294],[34.39184951774109,-0.830945015200257],[34.392127991014036,-0.831092834066965],[34.39245605470319,-0.831125676408817],[34.392684936660544,-0.831027150282694],[34.39287185625119,-0.830797254789445],[34.392986297679556,-0.830456316405844],[34.393009185425626,-0.829976200741044],[34.39295959500936,-0.829314172011379],[34.39284896940444,-0.828695356605351],[34.39271163933074,-0.827934085889297],[34.39259719880175,-0.827273785656644],[34.39245605470319,-0.82680696287099],[34.39229965180755,-0.826593518675907],[34.392086028647384,-0.826488554303296],[34.391822815070896,-0.826417148132805],[34.39141845739596,-0.826330780840806],[34.39115905784428,-0.8262103796053],[34.390918732013915,-0.82589370043388],[34.39070510885375,-0.82546538122233],[34.390480041820524,-0.824941934422668],[34.3901939395987,-0.824525474570919],[34.38978958102439,-0.824085295100247],[34.38943481466504,-0.823823570801096],[34.38889694184047,-0.823538004575198],[34.388492584165476,-0.823216796417967],[34.38805770889621,-0.822770655341401],[34.38773727415594,-0.822306633044604],[34.38761901870282,-0.821902632400509],[34.38759613005743,-0.821426272304564],[34.387718200434676,-0.820933818840615],[34.38789367705158,-0.820414960382095],[34.38788223227925,-0.819962858599013],[34.38766479509428,-0.819570302727243],[34.38732147260794,-0.819213330330911],[34.38683319109896,-0.818713665203461],[34.38654708887708,-0.818237781748167],[34.38637161226018,-0.817619145307276],[34.38627624455307,-0.817036151696982],[34.386253356807,-0.816357850634233],[34.38632583586866,-0.815925419722305],[34.38651657128281,-0.815712809198715],[34.386798858580505,-0.815613449401098],[34.387489317578,-0.815584659404465],[34.38782501201473,-0.815503955143356],[34.38808441156641,-0.8153110145916],[34.38840103138256,-0.815109848840393],[34.38866424585831,-0.815001726048763],[34.38911819484889,-0.814929246987106],[34.389308929363665,-0.814823269977865],[34.405105591250106,-0.822270274353627],[34.45326232899333,-0.852819919603576],[34.47581863442247,-0.832045972443609],[34.47618484465488,-0.830987096277397],[34.47647094687676,-0.83040410266716],[34.477100371584925,-0.829856872396704],[34.47791671768243,-0.829113244580526],[34.47866821276784,-0.828197181654559],[34.479286193603,-0.82722157281728],[34.47966766443125,-0.826436400819205],[34.480117797598325,-0.825996160194563],[34.480651854599444,-0.825817704123722],[34.48141479535656,-0.825615464581972],[34.48204422006478,-0.825318038096952],[34.48308563229614,-0.824479281793344],[34.484573364569144,-0.822777927259494],[34.485404968564524,-0.821647703378744],[34.48643112199875,-0.820434213068438],[34.488578796574245,-0.818013071745838],[34.48946762083409,-0.816989898664872],[34.49008178674512,-0.816186845446509],[34.490631103442695,-0.815615773249306],[34.49129486066931,-0.815116107222536],[34.49191284240379,-0.81481867983814],[34.49350738535759,-0.814188122883536],[34.49407958980129,-0.813807367915672],[34.49459075905634,-0.813379108958657],[34.49526214613121,-0.812575994586439],[34.49582290670185,-0.811719417317192],[34.49657058686313,-0.810672461664751],[34.496749878404216,-0.810125172039022],[34.49671554588576,-0.809577882413294],[34.49654769911706,-0.809161484614776],[34.496311187311505,-0.808721304244727],[34.49612426772086,-0.808203756997727],[34.49607849132934,-0.80762076338749],[34.49617385903639,-0.807002126946543],[34.49636459355122,-0.806264520091474],[34.49648284900434,-0.805503070410339],[34.49645996125827,-0.80506289004029],[34.49625778197111,-0.804836808571793],[34.4959220884337,-0.804670273913985],[34.49552917463177,-0.804301440359154],[34.49507141071706,-0.803783894011474],[34.49453735371594,-0.803260445413173],[34.49399185194244,-0.802796423116376],[34.4932899472733,-0.802011191763029],[34.49259948737648,-0.801190316679708],[34.49166870074998,-0.800357460828081],[34.49103927604182,-0.799941063029564],[34.490646362239886,-0.799631773587407],[34.49055862438104,-0.799292683310625],[34.490474701446374,-0.798745393684896],[34.490249634413146,-0.798519373370311],[34.489833831965825,-0.798459887713591],[34.489021301691764,-0.798412263215312],[34.488334655819756,-0.798257589715945],[34.48766708366901,-0.797900676674828],[34.487213134678484,-0.797650873788768],[34.4867858883581,-0.797174930978258],[34.486328125342766,-0.796978652143025],[34.48549652134744,-0.796978652143025],[34.4846382137826,-0.796907245972591],[34.48387908974826,-0.796633601159726],[34.48300933831035,-0.79627668901793],[34.48202133141939,-0.795800804663372],[34.48092651384758,-0.794872820324372],[34.48064041162576,-0.794515908182575],[34.480667114295954,-0.794254183883425],[34.48093795772064,-0.79387342891556],[34.481616973744394,-0.793457031117043],[34.482475280409915,-0.793147742574206],[34.483753204446884,-0.792975186955289],[34.48563385142114,-0.792879999112643],[34.486679076778046,-0.792653977898738],[34.48524093671989,-0.788370967446156],[34.48514556901284,-0.786812424353855],[34.485202789277366,-0.784885048606043],[34.48686981219214,-0.784361541551846],[34.48817062397518,-0.783974886132057],[34.49002838140473,-0.783415734448511],[34.49135971078209,-0.782880366235872],[34.49253463726376,-0.78252935364668],[34.506534576009926,-0.769988655751831],[34.50646209694827,-0.769571304671899],[34.50635147134341,-0.76901215298841],[34.50611496043712,-0.768619537761424],[34.50592422502302,-0.768084168649409],[34.50588226355569,-0.767459572401322],[34.50577545197558,-0.76706695537564],[34.50551605242396,-0.766864657377994],[34.505146026368095,-0.766817093134307],[34.50481414775476,-0.766971766633674],[34.50438308740962,-0.767162084762333],[34.50395584108924,-0.76712644103236],[34.50357437116037,-0.76690035956392],[34.503208160028635,-0.766424477007945],[34.50279998742951,-0.765698731311375],[34.50236129723612,-0.765091956028925],[34.502529144004825,-0.764913499058707],[34.50331497160869,-0.764913499058707],[34.50392150857084,-0.76485401430125],[34.50433731101816,-0.764639854245843],[34.50466918963144,-0.76429486261776],[34.50523376422689,-0.763670264571033],[34.505805969569906,-0.76301592594416],[34.506473540821275,-0.762385368090236],[34.50699615484871,-0.762004614021691],[34.507591247937796,-0.761814295892975],[34.508255005164415,-0.761826157950793],[34.50899505637682,-0.761885642708194],[34.50951767040419,-0.761873782449072],[34.50983810424515,-0.761659622393609],[34.510154724061294,-0.761320531217507],[34.51065444944334,-0.761058807817676],[34.51137924185855,-0.760892212005956],[34.512260437169516,-0.76079702416331],[34.51360321041989,-0.760808944677024],[34.51440048189676,-0.760785162105492],[34.51485824581147,-0.760565042242831],[34.5154190063821,-0.7601367239306],[34.51594162040948,-0.759756028318009],[34.51628875692063,-0.759648978417545],[34.516609191660905,-0.759672760989076],[34.51708602929688,-0.759791731403254],[34.5177612303965,-0.759934485288227],[34.519035340408664,-0.759958266960382],[34.521148681566444,-0.759952367407777],[34.52223205526519,-0.760095118594791],[34.52300262407192,-0.760285496978042],[34.52375412005665,-0.760511517292628],[34.52439498863788,-0.760749459020246],[34.524932860563126,-0.76096594292386],[34.52888488812715,-0.754287361572437],[34.533596038826204,-0.747704387147678],[34.53582763633642,-0.742955982932244],[34.53668975792601,-0.738927066031238],[34.53719329823218,-0.735401749690936],[34.53776931759995,-0.731732547219224],[34.5391387944199,-0.72763168815186],[34.53964233382669,-0.724394203429711],[34.539894104429436,-0.714213966901013],[34.539390564123266,-0.709105849155549],[34.54032516477457,-0.704285502773701],[34.54356384289707,-0.69809824263973],[34.545719146421504,-0.6896806953078],[34.54658508293528,-0.688889264927582],[34.547016144179736,-0.6896806953078],[34.54766464260922,-0.690759837696305],[34.54845428423789,-0.690184294969185],[34.549678802934466,-0.685723662117255],[34.55277252203433,-0.679104745387633],[34.55521774270471,-0.674572168570649],[34.55562210127903,-0.672250032712782],[34.55580139192074,-0.671678961414898],[34.55596542376537,-0.671048402661597],[34.556247711063065,-0.670328616772224],[34.55662918099193,-0.669793248559529],[34.55716323889243,-0.669257879447514],[34.557853698789245,-0.668651104165065],[34.55843734710595,-0.668187081868268],[34.55926132215234,-0.66759818780605],[34.559822082722974,-0.66699141342292],[34.560237884270975,-0.666456043411642],[34.56069183326156,-0.666087209856812],[34.5610694882663,-0.665932536357445],[34.56159591631854,-0.665849268129193],[34.56196212655095,-0.665849268129193],[34.56239318869473,-0.66626566682703],[34.56310653723693,-0.666884362623193],[34.56357955904946,-0.667050898180378],[34.56391525258687,-0.667050898180378],[34.564289092667536,-0.666890263974437],[34.56484985323817,-0.666664242760532],[34.565525055237174,-0.666604757103812],[34.56600189197377,-0.666402517562062],[34.56631088284104,-0.666009903234396],[34.56672668438904,-0.665426909624159],[34.5670967104449,-0.665153264811295],[34.56764602624315,-0.664962947581898],[34.56846618636547,-0.66472500585428],[34.56901931798717,-0.664516747150117],[34.569469452053625,-0.664255022850966],[34.56983947721017,-0.663814841581654],[34.57015991195044,-0.663553119081143],[34.57075500503953,-0.663386524168686],[34.57143402106328,-0.663160502954781],[34.5723266602472,-0.663017690613856],[34.57337188740274,-0.663005828556095],[34.573986053313774,-0.663178324819796],[34.57454299896028,-0.663297295233917],[34.575176238592576,-0.663225889063483],[34.575839996718514,-0.662999868748898],[34.57673263590249,-0.662714361878272],[34.57730484034613,-0.662666738279313],[34.57813644434151,-0.662559688378849],[34.578964233412705,-0.662268161446434],[34.57968902582792,-0.661887466733162],[34.580486297304844,-0.661566257676611],[34.58119964584705,-0.661340177107434],[34.58195114093246,-0.661030888564596],[34.58261871308321,-0.6605668662678],[34.58309173579505,-0.660257518369747],[34.5836029050501,-0.660090982812562],[34.5842475885554,-0.659972012398384],[34.5849494932246,-0.659793555428166],[34.585311889432205,-0.659740029578643],[34.58565521281787,-0.659823298706215],[34.585884093875904,-0.660001754777113],[34.58618164087011,-0.660382448591065],[34.58663177493651,-0.6609178186024],[34.587249755771666,-0.661488890799603],[34.58807373081805,-0.6619529130964],[34.58763885464947,-0.654118538339844],[34.59383773762153,-0.653357088658652],[34.600601196088405,-0.652970433238863],[34.604568482449565,-0.65173906080895],[34.60661315857044,-0.652060269865501],[34.61038971041688,-0.652999460656531],[34.61132812509294,-0.65343964102658],[34.6121139526968,-0.653630019409832],[34.61333846959474,-0.653677582754199],[34.61443328896519,-0.653618097097478],[34.61539077736256,-0.653707325132928],[34.61616516109336,-0.653969049432021],[34.616889954407895,-0.654349804399885],[34.61760330205078,-0.654849470426655],[34.61835479713625,-0.655480027381316],[34.6191635133855,-0.656134366907452],[34.619834899561,-0.656556725412486],[34.62045288129548,-0.656687617239697],[34.620990753220724,-0.656723320324943],[34.62135696435246,-0.656889855882071],[34.622287750079636,-0.657306253680588],[34.62283325185314,-0.657389581264113],[34.623451232688296,-0.657294393421466],[34.624046325777385,-0.657199203780181],[34.62490844736698,-0.657335996958636],[34.6258621217396,-0.65755015611478],[34.626564026408744,-0.657811880413931],[34.62712478608006,-0.658168851910943],[34.62750244108486,-0.658620953694026],[34.627906799659115,-0.65925151064863],[34.62818145710861,-0.659739256161686],[34.628700256211914,-0.660423338066551],[34.629245757985416,-0.661053895920531],[34.629756927240464,-0.661529838731042],[34.63062667867831,-0.662160396584966],[34.63148498534383,-0.662648141198702],[34.63217163121584,-0.663064538997219],[34.632732391786476,-0.663266837894184],[34.633411407810286,-0.663647532607513],[34.63597869885791,-0.664658785174765],[34.644504547047234,-0.633547604138585],[34.685859679780435,-0.600237250648547],[34.751476287400806,-0.557625114807138],[34.80213165295345,-0.526828765734876],[34.85404586792254,-0.506716847304631],[34.88044357261282,-0.488993197278205],[34.93876647968932,-0.465487390330736],[35.00086212188944,-0.427777529109619],[35.0141868604353,-0.417972981667731],[35.014728546385356,-0.417247116361295],[35.01556396440549,-0.416611998944575],[35.016273498922885,-0.415886133638082],[35.016586303814904,-0.415256232289266],[35.01684188844246,-0.414434105349642],[35.01725387596565,-0.413868903926755],[35.018321990867264,-0.413037152442598],[35.01960754385311,-0.41240471590487],[35.019618987726176,-0.411576062585198],[35.019821167013276,-0.410631805913056],[35.02110671999918,-0.40682950557715],[35.02144241443591,-0.405506372620948],[35.02131271331115,-0.404928356758205],[35.02084732044756,-0.404465913670947],[35.019023896435726,-0.403136253435321],[35.018432617371445,-0.402494043065587],[35.01817703274389,-0.401985943196678],[35.018127441428305,-0.401177435590114],[35.017993927178054,-0.400461643589949],[35.01772308375337,-0.400062441728267],[35.01723480224439,-0.399753928401026],[35.0170173641601,-0.39939099529812],[35.0170173641601,-0.398774027998968],[35.01747131315062,-0.397703379707139],[35.01772308375337,-0.396886796188653],[35.01761627217326,-0.396269827990125],[35.01725006104152,-0.395979463881133],[35.01663589513049,-0.395816146997561],[35.01589202899402,-0.395598411237643],[35.01538085973891,-0.395235479034056],[35.01496505729159,-0.394582181822159],[35.0144920345798,-0.39338687040771],[35.013961791603435,-0.39267188330075],[35.01273345978137,-0.391660601055833],[35.012062072706556,-0.391277343274737],[35.01150894198412,-0.391050815742517],[35.010787963593714,-0.391015440010506],[35.01023101794715,-0.391227811314366],[35.00993728677639,-0.391468495074946],[35.00893402108824,-0.39265772707239],[35.007659911975395,-0.394059360051358],[35.00733566321031,-0.39454778994849],[35.00714111287209,-0.39510703066486],[35.0070533750133,-0.395631044936749],[35.00703048726723,-0.396374135857627],[35.00720596298487,-0.397209465744197],[35.00735473603231,-0.397881953589263],[35.00733947723512,-0.398265868774786],[35.0071716295671,-0.398568600360591],[35.00676727279148,-0.398873001088077],[35.00612258928612,-0.39911359581572],[35.00546646100844,-0.399354368609181],[35.00504684543563,-0.399652778952543],[35.004913330286,-0.399920672600899],[35.004856110021535,-0.400317073074405],[35.00492095923494,-0.401286900170248],[35.004863738970414,-0.401683300643754],[35.00464630088612,-0.402134359213278],[35.00411987283394,-0.40309199689807],[35.003623962376025,-0.404012263255311],[35.003158570411756,-0.404514849380746],[35.0024414060461,-0.405017465183846],[35.00176239002235,-0.405428051563263],[35.00111770741631,-0.405612081632228],[35.00041961677192,-0.405675798599191],[34.99997329673033,-0.405576705900216],[34.99950790386674,-0.405156046214529],[34.99893951434717,-0.404466033280755],[34.99839401257367,-0.404213935324833],[34.99782562215478,-0.404243826990978],[34.997055053348106,-0.40461200494002],[34.99624633799817,-0.405195832221807],[34.9948005671925,-0.406299264399479],[34.99355316164912,-0.407000452308978],[34.992542267012084,-0.40731888965496],[34.99165344275224,-0.407345443937061],[34.99071121225268,-0.407345443937061],[34.98995208731901,-0.407544970224137],[34.98907852185636,-0.407995612407547],[34.98852157620985,-0.408486574795518],[34.98809814481359,-0.409282714026006],[34.987716674884666,-0.410915702997272],[34.987407684017455,-0.412162095004646],[34.98704910273398,-0.412878633442119],[34.98662567133772,-0.413198113102396],[34.98603057824863,-0.413163721228727],[34.98482131924851,-0.412732690561199],[34.983985901228436,-0.412586718901935],[34.98338699321522,-0.412825554555639],[34.98289489768143,-0.413197099566446],[34.98235321083206,-0.413462490401571],[34.981700896579184,-0.413356334427249],[34.98085403468599,-0.412918448227742],[34.979965210426144,-0.412560194297498],[34.979259490832874,-0.412016153022989],[34.97867584341549,-0.411631345709964],[34.97785568239385,-0.411312877787054],[34.97716522159777,-0.411074042133293],[34.97648620557396,-0.410437136864346],[34.97577285793108,-0.409773677313297],[34.97510910070446,-0.40949502597465],[34.9744567873509,-0.409441947987489],[34.97354126042086,-0.409680783641193],[34.972469329695855,-0.410283446323945],[34.97084808317254,-0.411339432069099],[34.96881866494948,-0.412742226972171],[34.96791458099318,-0.413276702158043],[34.967292785233894,-0.413435936119527],[34.966957092595806,-0.413371503292183],[34.966720580790195,-0.413197099566446],[34.966495513757025,-0.412852108837683],[34.96643829259318,-0.412443131345412],[34.96640014604998,-0.412115961582288],[34.96627807657205,-0.411807626320865],[34.96600341822324,-0.411611974313132],[34.96569061243184,-0.411558955681187],[34.96453094474737,-0.411503702234029],[34.963630676614514,-0.411531329407296],[34.96330642695011,-0.41161423880601],[34.963150024054414,-0.411791056312154],[34.96309280378989,-0.412050783217012],[34.963172912699804,-0.412503899435364],[34.96329498307705,-0.412735998267635],[34.963588714247805,-0.413089901277885],[34.96373748819457,-0.413321763588499],[34.9637451171435,-0.413636743940515],[34.96361541781732,-0.413979350566535],[34.963256835634525,-0.414324969022061],[34.962570190661836,-0.414616882662983],[34.96181106572817,-0.414882272598732],[34.96064376819538,-0.415306865919092],[34.959560393597314,-0.415754705814948],[34.959095001633045,-0.41597601727932],[34.95882415730904,-0.41597601727932],[34.95856857268154,-0.415840684599857],[34.95843887335536,-0.415607601009924],[34.95834732057244,-0.415191293143607],[34.95822143527107,-0.414833218178444],[34.95793533304925,-0.41450241155701],[34.95751571657712,-0.414344549061639],[34.95705795266241,-0.414374619692921],[34.95654678340736,-0.414630233998025],[34.955986022836726,-0.414983481402487],[34.955478669405124,-0.415126443030886],[34.95521545403005,-0.415066301768377],[34.95484542887351,-0.414893359440953],[34.95433425871914,-0.414775401663405],[34.95381546141448,-0.414833218178444],[34.9534187317891,-0.415043741375541],[34.95293045028012,-0.415351986704763],[34.952110290157805,-0.415652721795652],[34.95132064942845,-0.415705352819714],[34.95059967013873,-0.415735422551677],[34.94984817505326,-0.41578051455906],[34.949371338316666,-0.415712863058161],[34.94920730557277,-0.415645211557205],[34.94907379132246,-0.415517390015509],[34.94897460959061,-0.415336936550318],[34.94884490936511,-0.414795637308771],[34.94879531894884,-0.414402932149528],[34.94871902496311,-0.414231776775011],[34.94859695458581,-0.41409909709563],[34.94836807262851,-0.413988590201257],[34.948074340558435,-0.413971334909149],[34.947395325434,-0.414111464572386],[34.94676589982646,-0.414306939413677],[34.94616317778849,-0.414337009145584],[34.94563674883693,-0.414156586257377],[34.94522857623787,-0.413788199665646],[34.944900513447976,-0.413329572401778],[34.944442748634,-0.412946134756282],[34.94403457603488,-0.412780732344856],[34.94329833974666,-0.412673533156976],[34.94266510011431,-0.412636875891053],[34.94217681860533,-0.412728101320795],[34.94143295156954,-0.412968695149118],[34.94050598166575,-0.413163721228727],[34.939441680789,-0.413231849370277],[34.938621520666686,-0.413156658852699],[34.93814086900596,-0.413028836411627],[34.93756103471401,-0.412607818795777],[34.9368095396286,-0.411645472260716],[34.93638229330821,-0.411006421209322],[34.9360351558978,-0.410698174980723],[34.93569564833558,-0.410577893355025],[34.93502044633658,-0.410570383116635],[34.93455886839712,-0.410670042388517],[34.93429946884544,-0.410893648922695],[34.93399810782648,-0.411179364436066],[34.93365097041601,-0.411352277085882],[34.933155059958096,-0.411407470278505],[34.93261337310872,-0.411412417449071],[34.9322242733316,-0.41148006894997],[34.931720733924806,-0.411683082807997],[34.93113327068397,-0.411938697113158],[34.93053054774663,-0.412013889429431],[34.92995452837886,-0.411938697113158],[34.929477691642205,-0.41172817391606],[34.92921829209058,-0.411465047573813],[34.9290885927644,-0.411111682358182],[34.92902755757575,-0.41054031158609],[34.929126739307605,-0.409721433897005],[34.92922973596359,-0.408668250439348],[34.929149627952995,-0.407878846231711],[34.92896652238716,-0.407247305418764],[34.928726196556795,-0.406570642920769],[34.92856216471216,-0.40582636039818],[34.92859268230649,-0.40533015136532],[34.928771972948255,-0.404969275011979],[34.92915725690193,-0.404615908897028],[34.929477691642205,-0.404239982389242],[34.929592132171194,-0.403811455434266],[34.92951583818541,-0.403405457395877],[34.9294128424288,-0.403157353329163],[34.929164886750186,-0.402826577284657],[34.92885589588292,-0.402616054087559],[34.92852401726964,-0.402593493694724],[34.927982330420264,-0.402804016891821],[34.9273529057121,-0.403222918402889],[34.926765441571945,-0.40354079007534],[34.926300048708356,-0.403585910861068],[34.92592239370356,-0.403480648812831],[34.925666809076006,-0.403247594900563],[34.925601958963284,-0.402887285120073],[34.92567443892426,-0.402127266260266],[34.92570114159446,-0.401721595575111],[34.92562866343212,-0.40152591478909],[34.92538833580312,-0.401375531955182],[34.92508697478411,-0.401337951085509],[34.92488861042108,-0.401418149028302],[34.924697875906304,-0.401622623385322],[34.92439651488729,-0.401758968701415],[34.92387008683511,-0.401796549571031],[34.923328399985735,-0.40184167035676],[34.922847747425635,-0.401969492797832],[34.922622680392465,-0.402232617341383],[34.92247390734502,-0.402796476975766],[34.92235183696778,-0.403285175770179],[34.92211151113736,-0.403585910861068],[34.92177200357514,-0.403751313272437],[34.92121124300451,-0.403803944296556],[34.91971206685844,-0.403679877424338],[34.91648101768487,-0.403328627414169],[34.914623260255325,-0.403240054984508],[34.91408157340595,-0.4031122622211],[34.913856506372724,-0.402879178631167],[34.91373062107135,-0.402585982557014],[34.91370010257771,-0.401924372012104],[34.91390991171312,-0.400338023680774],[34.91395568810458,-0.399706482867828],[34.9138259887784,-0.399074942054881],[34.91353988655658,-0.398330628955307],[34.91320419301917,-0.397511154116444],[34.91304397609866,-0.396909683934723],[34.913108825312065,-0.396373809403713],[34.91324615358718,-0.396075158941358],[34.913501739114,-0.395812034397807],[34.91400527942017,-0.395528853173971],[34.91437530457671,-0.395263195240204],[34.91454696626954,-0.394932390417409],[34.914592742661,-0.394488812408724],[34.91455078119367,-0.393518417840653],[34.914539337320605,-0.392541587724054],[34.91468429544392,-0.392143100823375],[34.9151458742827,-0.391667008725449],[34.91561508207042,-0.39103040113207],[34.91585540790078,-0.390316188341387],[34.91596603440502,-0.389428883935807],[34.91587066669797,-0.388113319673892],[34.91558456357677,-0.386639743629189],[34.91540527383438,-0.385767638665527],[34.91523361214155,-0.385248512209046],[34.91501617405726,-0.385083466828462],[34.914600373408575,-0.385098487305299],[34.91421890258033,-0.385354131288068],[34.913722992122416,-0.385609745593229],[34.913021086553954,-0.385764211349226],[34.91229248011393,-0.385820240012038],[34.91179656965602,-0.385804265354523],[34.91133117679243,-0.385887921190545],[34.910991668330894,-0.386090903572267],[34.910488128924044,-0.38657209302761],[34.909954071023606,-0.387196093924558],[34.90941238417423,-0.387842655214342],[34.90866088908882,-0.388654648593104],[34.90797805814094,-0.389143317709909],[34.90731430091432,-0.38943654256235],[34.90652847331046,-0.389704852596822],[34.90518188513596,-0.3900981549059],[34.90385818470753,-0.390481591652076],[34.90200805622686,-0.390895067553288],[34.90101623531109,-0.391105593448344],[34.90031051661708,-0.391301065591676],[34.89987945537263,-0.391579240289673],[34.89870834381509,-0.392791032679952],[34.897991180348754,-0.393639236361594],[34.897525786585845,-0.394263148225662],[34.89725494406048,-0.394568890741652],[34.896934509320204,-0.394751936052955],[34.89654922356789,-0.394804567077074],[34.89612960799508,-0.394699334706502],[34.89573669419315,-0.394376039222777],[34.89540863140326,-0.393924951874965],[34.895145416028186,-0.393661796754486],[34.89479827861771,-0.393549025367179],[34.894378662145584,-0.393579095998462],[34.89396285969826,-0.393759548564276],[34.893581390668714,-0.394173055941735],[34.89288711584777,-0.395000040119726],[34.892436980881996,-0.395609021439157],[34.89188766508374,-0.396255612406549],[34.8910903927075,-0.396842032433824],[34.8903923038618,-0.397202908787165],[34.88991546622583,-0.39752972241871],[34.889503478702636,-0.397992312994802],[34.88920593260775,-0.398616343569358],[34.88901519809298,-0.399465889039504],[34.88888168294335,-0.400435745812956],[34.88874435466829,-0.400924444607369],[34.8885345464322,-0.401202619305366],[34.888183594097654,-0.401383042193572],[34.88774490390426,-0.401443213133746],[34.8874092103668,-0.401337951085509],[34.88720321615557,-0.401097357257186],[34.88706970190526,-0.400601148224382],[34.886905670060685,-0.399496525344318],[34.88674545314018,-0.398661434677422],[34.88648223866443,-0.397887050946622],[34.88621139523974,-0.397405892967527],[34.88577651997048,-0.396992385590067],[34.885345458725965,-0.396804421886486],[34.88473129281499,-0.396744280623977],[34.88409042333444,-0.396789401409706],[34.883445739829085,-0.396969825197232],[34.88271331756562,-0.397166400808715],[34.88200759887167,-0.397255539811283],[34.881370544315246,-0.397247999895228],[34.88064193697585,-0.397090137399857],[34.880008697343555,-0.396729261046517],[34.879409790229715,-0.396293193276222],[34.87900161763059,-0.396120279727086],[34.878490448375544,-0.39610522957264],[34.87807846085235,-0.396308243430667],[34.87785339381912,-0.396571367974218],[34.87768554705042,-0.397097647638304],[34.877475738814326,-0.397676557427133],[34.87722778313571,-0.398014873387638],[34.876815795612515,-0.398247927299963],[34.87625122101707,-0.398278027608853],[34.875865936164075,-0.398172765560616],[34.87553024262667,-0.397924660594583],[34.87488937404544,-0.397278100204119],[34.87404632527773,-0.396488666318874],[34.87306594823497,-0.395811825755118],[34.87181091284339,-0.395309150596802],[34.87067031888017,-0.394962460149372],[34.86950683627151,-0.394706844944892],[34.86843109242102,-0.394438923417511],[34.86748504609807,-0.394180566180125],[34.86677551158067,-0.394067793893498],[34.86610794032924,-0.394075304131945],[34.86569595370537,-0.394180566180125],[34.86537170404097,-0.394451230639731],[34.865200042348135,-0.394932390417409],[34.865070343021955,-0.39553385969981],[34.86489105238019,-0.396007508339778],[34.86449813857831,-0.396413474901919],[34.86388397176796,-0.396842032433824],[34.86323547333848,-0.397180348394329],[34.86267852769197,-0.397323191312182],[34.86210250832414,-0.397323191312182],[34.861408234402575,-0.397142768423976],[34.860485076724956,-0.396639018575797],[34.85956573487084,-0.395902246291598],[34.858371734667855,-0.394736915576118],[34.85799026473899,-0.39416551602568],[34.85787582421,-0.393744498409831],[34.85792160060146,-0.393376111818043],[34.858108520192104,-0.392894953839004],[34.85821151774741,-0.392557472449369],[34.85816192643182,-0.392263412126738],[34.85788345315888,-0.392022818298358],[34.85737228390383,-0.391872466041434],[34.85614013715764,-0.391879975380505],[34.85359954878021,-0.391864925226059],[34.85030364859455,-0.39178976438609],[34.84644317741078,-0.391737282649444],[34.84340286275199,-0.391616821159346],[34.84199142356539,-0.391692579149151],[34.84113311779919,-0.391812295101317],[34.840213775945074,-0.392037867553483],[34.83969116191764,-0.392205595611699],[34.839260101572506,-0.392278432603518],[34.83896637040175,-0.392240851733845],[34.83869552607774,-0.392041145582368],[34.83846282919626,-0.391564219812835],[34.838119506709916,-0.390925168761498],[34.837635040125065,-0.390451490443866],[34.836906432785725,-0.390030473727336],[34.836048126120204,-0.38973367227112],[34.83555221566229,-0.389601945873039],[34.83523941077027,-0.38942903322328],[34.83456039384714,-0.388699740600487],[34.83404159564316,-0.388248652353354],[34.8333892822896,-0.387925356869687],[34.832698822392786,-0.387827634737505],[34.83193588343431,-0.387902826154459],[34.831111908387925,-0.387940407024132],[34.82992172220975,-0.387842655214342],[34.82857132001044,-0.387707352212487],[34.82739639262945,-0.387677251903597],[34.82638168306829,-0.387797564106279],[34.825538635199905,-0.387902826154459],[34.824703216280454,-0.387917846631296],[34.82403564412971,-0.387782513951834],[34.82354736441937,-0.38750433925378],[34.822937011633826,-0.386835217571161],[34.82270050072759,-0.386315673829245],[34.822635650614814,-0.386000692577852],[34.82275009114386,-0.385654866378957],[34.82312011719972,-0.385421782789024],[34.82370376641575,-0.385329515045044],[34.82413482676088,-0.385233819085443],[34.824546814284076,-0.385023325565953],[34.824924469288874,-0.384602307950104],[34.82511520380365,-0.384057611069863],[34.82514572139797,-0.383339464644507],[34.82506561158874,-0.382692665034426],[34.82486343410028,-0.381865650279508],[34.8245773318784,-0.381301790645068],[34.82414245570982,-0.380865722874773],[34.82347488355907,-0.380386470559131],[34.82254791275602,-0.379745512945021],[34.82205200229811,-0.379189133871364],[34.82190704327547,-0.378662854207334],[34.82196045041451,-0.378061413703222],[34.82217788670016,-0.377204329216397],[34.82242584237878,-0.376347243830196],[34.82253265395889,-0.375512718836831],[34.82255554170496,-0.373823345071287],[34.82264327956375,-0.372806131797518],[34.822765349940994,-0.371821255446548],[34.82275009114386,-0.371122062233326],[34.82260131809642,-0.370716065094257],[34.82238006598732,-0.370558172021958],[34.821857451959886,-0.370422840241815],[34.82124710097298,-0.370302557716798],[34.82063674908676,-0.370001822625966],[34.82011032103452,-0.369392842205855],[34.81942367516251,-0.368165969983465],[34.81896209722305,-0.367174953061578],[34.81834411638789,-0.365963607634342],[34.817298889232404,-0.364408254437365],[34.8162345883556,-0.362864256080513],[34.815208434921374,-0.361423492699998],[34.81405258216097,-0.359979987286522],[34.812652587746754,-0.35822769964858],[34.81156921404806,-0.357019901147453],[34.81098556483198,-0.356416345437935],[34.81063079757331,-0.355950206137038],[34.81041336038834,-0.355446487765164],[34.81044387798261,-0.354931980226638],[34.810623168624375,-0.354266106895295],[34.810886383100126,-0.353371442438061],[34.8110122684015,-0.352521300717399],[34.81094741828878,-0.351935446363711],[34.81072235125555,-0.351409166699625],[34.81037521384508,-0.350995660221486],[34.809940338575814,-0.350762605409841],[34.809368133232795,-0.350777625886678],[34.80900573702519,-0.350935518958977],[34.80877304104308,-0.351236254049809],[34.80858612055306,-0.351942956602102],[34.80832290607731,-0.353093266840744],[34.808059693400196,-0.353777409000202],[34.807735442836474,-0.35410070358455],[34.807353973806926,-0.354213475871177],[34.80678176756459,-0.354145825269597],[34.806037903226695,-0.353905231441217],[34.80506897005699,-0.353672176629573],[34.803901673423525,-0.353506773318884],[34.80299377544242,-0.353506773318884],[34.80202102644927,-0.353664636713575],[34.8010673520767,-0.353852600417156],[34.80000686612402,-0.354012668050132],[34.79885101336362,-0.354138285353542],[34.79810714722714,-0.354093194245479],[34.797668457033694,-0.353830039124944],[34.79735183721755,-0.353281229645006],[34.79693222074542,-0.35209333943601],[34.79639816284498,-0.351123481763238],[34.79594039893033,-0.350529521819908],[34.7954673771178,-0.350078433572776],[34.794864654180515,-0.349755138089108],[34.79383468672148,-0.349492014444877],[34.79291915889212,-0.349296539603586],[34.79196929944368,-0.349010854667142],[34.79126358074973,-0.348687559183475],[34.79058074980179,-0.348198861288381],[34.790195464948795,-0.347755283279639],[34.79007720859636,-0.347349315818235],[34.7901420596084,-0.346845597446304],[34.79034042397143,-0.346424550152847],[34.790813445783954,-0.345830618987804],[34.791473388985764,-0.345334410854321],[34.79234695444842,-0.34473293977328],[34.792858123703525,-0.344221711163016],[34.793083190736695,-0.343868345048065],[34.79322433483526,-0.343342065383979],[34.79322814975933,-0.342861234758118],[34.79309082058495,-0.34211659430531],[34.792793273590746,-0.341557473198804],[34.792377472042745,-0.341154247770248],[34.79185867293944,-0.340958773828277],[34.79151534955378,-0.340999096730854],[34.79121780435821,-0.341184318401531],[34.79095458988246,-0.341552734670927],[34.79061889634505,-0.342139154698202],[34.790264129985644,-0.342417329396199],[34.78976821862847,-0.342635363731006],[34.789360046029344,-0.342906028190612],[34.78884124782536,-0.343011259661864],[34.7884902945915,-0.342913538429002],[34.78827285740647,-0.342702299371581],[34.788097381688885,-0.342350125757662],[34.78781890841594,-0.341951190994621],[34.787639617774175,-0.341845929845761],[34.78721237055453,-0.341860980000206],[34.786624908213014,-0.34194368165555],[34.78619766279195,-0.341891050631432],[34.78579711914176,-0.341680527434335],[34.78546142560435,-0.341267019157556],[34.78522109977399,-0.340513736219918],[34.78516006458534,-0.339831054559454],[34.785255432292445,-0.339056670828654],[34.78543853785828,-0.338462709986004],[34.7854728685781,-0.337838709089112],[34.785388947442016,-0.337322622341105],[34.78516388040879,-0.336824804421155],[34.78485107461745,-0.336483537785],[34.78422546393409,-0.336252361657102],[34.78368377708472,-0.335989207435944],[34.78340148888765,-0.335733592231463],[34.78309249891976,-0.335192263312251],[34.7827529895589,-0.334282576579596],[34.78258895861359,-0.333312719806145],[34.782676695573116,-0.332621037730632],[34.78293228109993,-0.332117319358758],[34.78357315058048,-0.331493287884882],[34.78413009622699,-0.331245183818112],[34.784797668377735,-0.331207602948496],[34.785587310905726,-0.331342935627902],[34.78635406478833,-0.331673741350016],[34.787002563217754,-0.332019568448288],[34.7876319888253,-0.332184969960338],[34.7882423398122,-0.332094758965923],[34.788932800608336,-0.331816584267926],[34.78952026384917,-0.331463218152976],[34.78993225137236,-0.331095248846623],[34.790126800811265,-0.330748975684628],[34.79011917096301,-0.330418169063194],[34.78989028900571,-0.330209255652562],[34.78947448655833,-0.33013811658077],[34.789009094594064,-0.330162554758033],[34.78859329214674,-0.329989642108274],[34.78833007857031,-0.329628765754876],[34.78820419326894,-0.328933179722412],[34.788059234246305,-0.328320593020919],[34.78771209683583,-0.327457935435348],[34.787570953636646,-0.326809406428936],[34.78755569483951,-0.326042562614134],[34.78751373157348,-0.325268178883277],[34.78733825675522,-0.324704289571287],[34.78706741333053,-0.32438102376517],[34.78672409084419,-0.32427576171699],[34.786121368806164,-0.32427576171699],[34.78559493985466,-0.324313342586663],[34.78527069108958,-0.3241780099072],[34.78513717683927,-0.323854744101084],[34.785190582179666,-0.323388606598883],[34.78538513161857,-0.322869837173187],[34.78560256970286,-0.322403698771609],[34.785610198651796,-0.322080432965549],[34.78543853785828,-0.321899980399735],[34.78503036525922,-0.321892470161345],[34.78447341961265,-0.32191503055418],[34.78416824366957,-0.321839839137226],[34.7836647033634,-0.321396261128484],[34.78302383388291,-0.320629418213059],[34.78269195526957,-0.320328682222851],[34.78243637064202,-0.320373773330914],[34.782325745037156,-0.320561737034495],[34.782302856391766,-0.320924609882809],[34.78235626263148,-0.321524083569557],[34.78252792342499,-0.322260856753076],[34.78251647955193,-0.322535573557843],[34.782348632783226,-0.322914957958915],[34.78198623657562,-0.323080361269604],[34.78154373055878,-0.323050290638378],[34.781158448403744,-0.322757064886559],[34.78079986532157,-0.322125524073613],[34.78041458136789,-0.321621805701739],[34.7800102236929,-0.321065455406369],[34.77982711812706,-0.320366263092524],[34.77972412057176,-0.319343775294954],[34.77954101590524,-0.318516761439355],[34.779399871806675,-0.317877708589322],[34.77938461300954,-0.317186027413186],[34.779331207669145,-0.316802621243937],[34.77913665733092,-0.316539466123402],[34.778755188301375,-0.31634399308075],[34.77806854242937,-0.316321432687914],[34.77749633798567,-0.316471816421142],[34.77693939233916,-0.31676015255897],[34.776443481881245,-0.317073256025878],[34.77612304714097,-0.317148447442833],[34.775737762287974,-0.317005605424299],[34.775165557844275,-0.316562027415557],[34.7742347721171,-0.31556960934995],[34.77299499642197,-0.314216315830265],[34.77222824074079,-0.313456982253854],[34.77180480934453,-0.313186317794305],[34.771060943208,-0.312916040043149],[34.77006912229223,-0.312599897767029],[34.76955032318892,-0.312344282562549],[34.769393921192545,-0.312058597626105],[34.76933288600395,-0.311321794764979],[34.76930999735856,-0.310705304106477],[34.76922607442384,-0.310171515103264],[34.768970489796345,-0.309818148988313],[34.768619536562426,-0.309690327446617],[34.76825714125414,-0.309765517964252],[34.767921447716674,-0.310118884079202],[34.76768875083525,-0.310668021811694],[34.76752090496586,-0.311006039197309],[34.7672042842504,-0.31126165440179],[34.76677703882933,-0.31144076607842],[34.766460419013185,-0.311667620963874],[34.766242980928894,-0.311998426685989],[34.7660331726928,-0.312569827135746],[34.76581573460851,-0.313050985114842],[34.76546859719804,-0.313359230444064],[34.7650909421933,-0.313411860568863],[34.76477813730122,-0.313216388425531],[34.76433944710783,-0.312562316897356],[34.764060973834944,-0.312269092044914],[34.76361083976849,-0.312020987078824],[34.76296615626313,-0.311825514036173],[34.762454987008084,-0.311742812380828],[34.76219177343165,-0.31183302427462],[34.762035369636635,-0.312067448753737],[34.76191329925939,-0.31253975740384],[34.76177597008501,-0.312998354090723],[34.761436463422115,-0.313407779445413],[34.76104354872086,-0.313663363173646],[34.760673522665,-0.313765227583133],[34.760227204421994,-0.313667506350271],[34.75998687769231,-0.313396840991345],[34.759853363442005,-0.312825441440907],[34.759761810659086,-0.312088668257388],[34.75962066656058,-0.311630040094201],[34.75938034073022,-0.311126321722327],[34.758995055877165,-0.3102391657049],[34.75880050643826,-0.309246749437875],[34.75860595699936,-0.308291941919549],[34.75825118974069,-0.307645350952157],[34.757583617589944,-0.306810825958792],[34.75714492829587,-0.306013912412084],[34.756904601566134,-0.305051564977703],[34.756813049682535,-0.304021566941685],[34.7568626400988,-0.303045569597316],[34.756988525400175,-0.302232205651705],[34.757251739875926,-0.301405220574395],[34.757717132739515,-0.300600767111689],[34.75808715789606,-0.29986438243526],[34.75823974586763,-0.299223840307945],[34.75828170733496,-0.298435508991474],[34.758152008008835,-0.297781407785692],[34.75795745856993,-0.297420531432351],[34.75755310089494,-0.297074675555791],[34.75684356727686,-0.296781480380957],[34.75588226305604,-0.296473235051735],[34.75537109380099,-0.296240150562426],[34.75503158533945,-0.295901834601921],[34.754913329886335,-0.295556008403025],[34.754898071089144,-0.294999659007033],[34.755115509173436,-0.293737590017713],[34.75519561808335,-0.292720287711063],[34.75516891541315,-0.292257786167852],[34.75503158533945,-0.291836112946214],[34.75474548311763,-0.291326046259996],[34.75457382232412,-0.29081198568457],[34.75462341274033,-0.289642989332435],[34.70638275116306,-0.258051634175501],[34.483417510909476,-0.299272477442855],[34.42244338985063,-0.333618938962843],[34.37054443367873,-0.377950399591214],[34.32048797613925,-0.420476943356221],[34.31663131718159,-0.422914117792232],[34.313110351761395,-0.424268096595313],[34.30755615229464,-0.425351292228299],[34.30193710361448,-0.425419003084471],[34.296657561597215,-0.4244711985869],[34.291717528940865,-0.422304838797231],[34.28677368136033,-0.418513685558082],[34.28216934224139,-0.41309773886951],[34.23979187009877,-0.337477773380499],[33.947662353235046,-0.337183326349361]]]}},{"type":"Feature","properties":{"country":"Kenya","admin_level":"Admin2","name":"Alego-Usonga"},"geometry":{"type":"Polygon","coordinates":[[[34.21848249900006,0.164791960000059],[34.214205255000024,0.16209266900006],[34.21156589900005,0.159896063000076],[34.20936589900003,0.159196063000024],[34.20527246800003,0.16061069400007],[34.20333950500003,0.161427661000062],[34.19865106300006,0.164575382000066],[34.19616536500007,0.166786276000039],[34.194852043000026,0.168381899000053],[34.19268901200007,0.170476567000037],[34.18969067100005,0.169800073000033],[34.18783879700004,0.169147836000036],[34.182972061000044,0.168840170000067],[34.180084298000054,0.16756116800002],[34.17836589900003,0.166396063000036],[34.17742865800005,0.163011374000064],[34.17526877500006,0.159321682000041],[34.17252562500005,0.157433383000068],[34.169645280000054,0.157989101000055],[34.16677814600007,0.15771645600006],[34.16454233700006,0.157121124000071],[34.15928382800007,0.154901645000052],[34.15448249600007,0.150674427000069],[34.15068118200003,0.148485770000036],[34.14910366500004,0.146123386000056],[34.14647513700004,0.143858481000052],[34.14408053300008,0.143077147000042],[34.143096670000034,0.145310385000073],[34.14315132000007,0.14781410300003],[34.14008816200004,0.147204230000057],[34.138429925000025,0.146499753000057],[34.13316282000005,0.145662772000037],[34.13115991600006,0.145513738000034],[34.12790152800005,0.145042162000038],[34.125122729000054,0.143126124000048],[34.12141786500007,0.141927174000045],[34.11786589900004,0.14109606300002],[34.118660498000054,0.13955977300003],[34.12023646500006,0.137264161000076],[34.11786048500005,0.13403014000005],[34.11968601800004,0.131410609000056],[34.12066589900007,0.12969606300004],[34.11695188700003,0.126769197000044],[34.114965899000026,0.123896063000075],[34.11298575400008,0.124652017000074],[34.11035612300003,0.125640894000071],[34.110665899000026,0.122996063000073],[34.10936589900007,0.121296063000045],[34.10764163400006,0.122443799000052],[34.102946806000034,0.12611851500003],[34.102480058000026,0.129697373000056],[34.10337120300005,0.132771271000024],[34.10482936300008,0.13518528100002],[34.10388184000004,0.136001575000023],[34.10172879700008,0.136207618000071],[34.09944711800006,0.136409159000038],[34.095124371000054,0.132702130000041],[34.092555461000075,0.129773079000074],[34.09044520800006,0.126554380000073],[34.086990849000074,0.126905656000019],[34.08526438400003,0.126220742000044],[34.08483466100006,0.124063500000034],[34.082837605000066,0.123142827000038],[34.079340294000076,0.12265539200007],[34.077132024000036,0.121331171000065],[34.075136892000046,0.120393359000047],[34.07218637900007,0.118913815000042],[34.07284571300005,0.116458568000041],[34.073478873000056,0.11371142500002],[34.07368266000003,0.11008262200005],[34.073735433000024,0.107572890000029],[34.073581956000055,0.10427849000007],[34.07279052400003,0.101904238000031],[34.06904265400004,0.096590757000058],[34.06811129700003,0.094172582000056],[34.06622437500005,0.090554975000032],[34.06624033300005,0.08860863700005],[34.049735018000035,0.028041493000046],[34.048080801000026,0.009891879000065],[34.09587606500003,0.033835287000045],[34.11107494200007,0.037849448000031],[34.11248458400007,0.035273361000066],[34.11562467300007,0.033138010000073],[34.117321170000025,0.031173354000032],[34.11859019900004,0.028281414000048],[34.118761724000024,0.025000229000057],[34.11916589900005,0.022896063000076],[34.12322845700004,0.019483139000045],[34.12937732300003,0.018574888000046],[34.131465899000034,0.018444858000066],[34.13669232500007,0.018444858000066],[34.14090302100004,0.017607092000048],[34.14512323300005,0.016437778000068],[34.14971525100003,0.016074740000022],[34.15414726600005,0.014992938000034],[34.15582484400005,0.010860678000029],[34.15648002000006,0.006286621000072],[34.15600391800007,0.001867169000036],[34.15882020500004,-0.003602505999936],[34.16222919000006,-0.008715981999956],[34.165427685000054,-0.010553240999968],[34.16981686300005,-0.007669815999975],[34.17155773200005,-0.006490852999946],[34.17406589900003,-0.003703936999955],[34.17706461700004,-0.003805845999977],[34.17955913700007,-0.00531459299998],[34.18212549400005,-0.007531280999956],[34.18306589900004,-0.009403936999945],[34.18503926000005,-0.011005238999928],[34.18466589900004,-0.013603936999971],[34.18594831000007,-0.014874076999945],[34.188416446000076,-0.016348486999959],[34.19145000300006,-0.014539001999935],[34.19466335300007,-0.013037748999977],[34.19825674000003,-0.01109796399993],[34.199517757000024,-0.009385838999947],[34.20342855500007,-0.009401674999935],[34.20835408700003,-0.010737010999947],[34.21227308600004,-0.011186684999927],[34.21708397500004,-0.011711342999945],[34.21827377400007,-0.014435989999924],[34.21934433800004,-0.017295304999948],[34.22006581900007,-0.020617303999927],[34.220824110000024,-0.02381024999994],[34.222079989000065,-0.027253522999956],[34.22329676800007,-0.029714028999933],[34.22826684800003,-0.034311492999962],[34.23056384100005,-0.035507831999951],[34.23209541800003,-0.036569050999958],[34.234665680000035,-0.03780317099995],[34.23899819300004,-0.037888599999974],[34.24405339500004,-0.03855348299993],[34.24686651400003,-0.040903219999961],[34.24889199100005,-0.042672809999942],[34.25204180700007,-0.04534715799997],[34.25591974500003,-0.047299320999969],[34.25888938600008,-0.046388749999949],[34.26153517900008,-0.044902907999926],[34.26468768600006,-0.043894106999971],[34.269150473000025,-0.043694302999938],[34.27667242900003,-0.043517792999978],[34.28275218700003,-0.042374268999936],[34.285627530000056,-0.042004413999962],[34.28888622200003,-0.041737486999978],[34.29263532400006,-0.040843615999961],[34.29634653000005,-0.038847980999947],[34.29837318800003,-0.03817887699995],[34.301879402000054,-0.038211013999955],[34.30548182800004,-0.036941079999963],[34.30827723700003,-0.035815786999933],[34.311705560000064,-0.034932753999954],[34.31544299400008,-0.034622988999956],[34.31739653400007,-0.033969876999947],[34.320497903000046,-0.033610683999939],[34.32292093800004,-0.034111294999946],[34.32647138400006,-0.033486576999962],[34.32963890700006,-0.032215249999979],[34.333025821000035,-0.030954897999948],[34.33683336300004,-0.029950601999928],[34.341620352000064,-0.028806264999957],[34.34411203500008,-0.027510150999944],[34.34717745200004,-0.026979026999925],[34.34886394600005,-0.02687932799995],[34.35192777000003,-0.026633901999958],[34.355447842000046,-0.027554360999943],[34.359086657000034,-0.024849853999967],[34.36250044700006,-0.022296559999972],[34.36397162000003,-0.019061510999961],[34.365039102000026,-0.013787905999948],[34.36883119200007,-0.006456313999934],[34.375093985000035,-0.003047329999958],[34.38098470700004,-0.001403872999958],[34.388618887000064,0.000633725000057],[34.38982923900005,0.00670496500004],[34.38753537000008,0.012136174000034],[34.387333253000065,0.019683193000049],[34.38629150400004,0.023315430000025],[34.383966755000074,0.027498416000071],[34.37944125000007,0.030356821000055],[34.375312189000056,0.034918044000051],[34.374328613000046,0.037292480000076],[34.37532778800005,0.041106753000065],[34.375093985000035,0.045050522000054],[34.37412518600007,0.053461948000063],[34.37407518600003,0.059402670000054],[34.37243172900003,0.065260287000058],[34.37383363300006,0.070637387000033],[34.37509544300008,0.07392758900005],[34.37794779300003,0.07695018000004],[34.37729261800007,0.082649350000054],[34.37446000600005,0.084411247000048],[34.37220185800004,0.086622532000035],[34.36932615300003,0.089479702000062],[34.366381697000065,0.093700820000038],[34.36349564500006,0.099250131000019],[34.36349564500006,0.105290854000032],[34.36247684600005,0.111362094000071],[34.361556922000034,0.11938574900006],[34.36006589900006,0.124496063000038],[34.35703336700004,0.127058526000042],[34.35217857500004,0.131100433000029],[34.35062277800006,0.135880134000047],[34.348718302000066,0.139216831000056],[34.342529297000056,0.143127441000047],[34.338950874000034,0.144698532000064],[34.333496094000054,0.144104004000042],[34.32766305000007,0.145727468000075],[34.31992557700005,0.148033676000068],[34.31533675800006,0.150645932000032],[34.30933870600006,0.153115843000023],[34.30657410600003,0.153467190000072],[34.30227822300003,0.155499254000063],[34.29685837900007,0.155643422000026],[34.29465779900005,0.155471274000035],[34.28849445600002,0.155487927000024],[34.28522211000006,0.156908725000051],[34.28011309500005,0.153172564000045],[34.27394584000007,0.150312826000061],[34.26782460000004,0.149707651000028],[34.26347360600005,0.149658583000075],[34.259685244000025,0.150212826000029],[34.25168744200005,0.150695932000076],[34.24602982500005,0.150887485000055],[34.242682280000054,0.151591128000064],[34.23849564500006,0.150262826000073],[34.23401116300005,0.150600171000065],[34.23222143100003,0.151564999000072],[34.22751595100004,0.154620201000057],[34.225572130000046,0.157091875000049],[34.22203978500005,0.159041911000031],[34.21947416000006,0.160045639000032],[34.21701361800007,0.160649714000044],[34.21616589900003,0.161796063000054],[34.21848249900006,0.164791960000059]]]}},{"type":"Feature","properties":{"country":"Kenya","admin_level":"Admin2","name":"Bondo"},"geometry":{"type":"Polygon","coordinates":[[[34.04425648800003,0.008035844000062],[34.03609025600008,-0.008600919999935],[34.029548920000025,-0.017863825999939],[34.02795153300008,-0.019046876999937],[34.020875086000046,-0.024175953999929],[34.01855543100004,-0.025747791999947],[34.016475967000076,-0.027265511999929],[34.01394714800006,-0.027041642999961],[34.00728957200005,-0.02618281599996],[33.94938506700004,-0.026509239999939],[33.98306589900005,-0.12880393699993],[33.950865899000064,-0.338103936999971],[34.04236589900006,-0.338103936999971],[34.11296589900007,-0.338103936999971],[34.144065899000054,-0.338103936999971],[34.21056589900007,-0.338103936999971],[34.24216589900004,-0.271603936999952],[34.24483779800005,-0.235279347999949],[34.24779813600003,-0.231258569999966],[34.249330815000064,-0.228745817999936],[34.25075560500005,-0.226837759999967],[34.25297268600008,-0.223106273999974],[34.257065899000054,-0.219803936999938],[34.26045589900008,-0.217383936999965],[34.263095899000064,-0.216263936999951],[34.26621470400005,-0.213362221999944],[34.26722099800003,-0.211740185999929],[34.26914482400008,-0.208887298999969],[34.271365899000045,-0.206703936999929],[34.273450523000065,-0.203377522999972],[34.27502646600004,-0.201974831999962],[34.276765899000054,-0.197303936999958],[34.27833330800007,-0.193656691999934],[34.28056589900007,-0.190303936999953],[34.280572508000034,-0.187308371999961],[34.28174946100006,-0.184197771999948],[34.28238010000007,-0.182509853999932],[34.283558597000024,-0.179698662999954],[34.286165899000025,-0.177503936999926],[34.28696589900005,-0.172303936999924],[34.28798132400004,-0.168268438999974],[34.289565899000024,-0.165703936999932],[34.29089190700006,-0.162916420999977],[34.292903298000056,-0.160237755999958],[34.29436669200004,-0.156387935999931],[34.29429628500003,-0.154421901999967],[34.292765899000074,-0.150603936999971],[34.29486589900006,-0.146903936999934],[34.29844799000006,-0.144173398999953],[34.30106538700005,-0.140356821999944],[34.30181525300003,-0.138091583999937],[34.302661286000045,-0.134970541999962],[34.30681589900007,-0.134753936999971],[34.30739425200005,-0.131346309999969],[34.307865899000035,-0.128103936999935],[34.30908513000003,-0.124507782999956],[34.309623344000045,-0.120755380999924],[34.31083945000006,-0.116856675999941],[34.31316589900007,-0.113303936999955],[34.31565831800003,-0.110399491999942],[34.31779107600005,-0.107488965999949],[34.32108490500008,-0.105206574999954],[34.32406727800003,-0.10412738499997],[34.32639894700003,-0.10266164199993],[34.328165899000055,-0.099603936999927],[34.331565899000054,-0.096403936999934],[34.33517043300003,-0.095221164999941],[34.33806451800007,-0.095330179999962],[34.34176589900005,-0.094403936999925],[34.34394965700005,-0.091899159999969],[34.345565899000064,-0.089303936999954],[34.34995622400004,-0.087706795999964],[34.35223810000008,-0.084797764999962],[34.35501589900008,-0.081553936999967],[34.35776589900007,-0.07810393699998],[34.36256589900006,-0.075003936999963],[34.36485071000004,-0.071964686999934],[34.36716589900004,-0.068203936999964],[34.36876589900004,-0.067703936999976],[34.370332285000075,-0.06552666999994],[34.371865899000056,-0.062403936999942],[34.37486995300003,-0.060528260999945],[34.37767523800005,-0.061050570999953],[34.382365899000035,-0.061037269999929],[34.380154392000065,-0.058514621999961],[34.37835194000007,-0.056516861999967],[34.37566589900007,-0.053603936999934],[34.372965899000064,-0.049603936999972],[34.369103307000046,-0.045184786999926],[34.36626589900004,-0.04320393699993],[34.36147450000004,-0.04198981899998],[34.358365899000034,-0.041403936999927],[34.35594348500007,-0.037638268999956],[34.35586888700004,-0.033305732999963],[34.35560837100007,-0.030699891999973],[34.35319928300004,-0.02685179499997],[34.35067014300006,-0.026657406999959],[34.34808349600007,-0.026910219999934],[34.34487398300007,-0.027356483999938],[34.343321323000055,-0.027809505999926],[34.33908861400005,-0.029602993999958],[34.335338601000046,-0.030496563999975],[34.33147394300005,-0.031524850999972],[34.32745092600004,-0.033166147999964],[34.32515985200007,-0.033768257999952],[34.32134768800006,-0.03368285199997],[34.31956920500005,-0.033721844999945],[34.316516576000026,-0.034279443999935],[34.31275182600007,-0.034892756999966],[34.310701753000046,-0.035037790999979],[34.30631093400007,-0.036763469999926],[34.304478043000074,-0.037230129999955],[34.30057128200008,-0.038133122999966],[34.29748704900004,-0.038394884999946],[34.29423871100005,-0.039496840999959],[34.29136660200004,-0.041207286999963],[34.28736573100008,-0.041901809999956],[34.28387451200007,-0.042175292999957],[34.28021966800003,-0.042905825999981],[34.27303925000007,-0.044009396999968],[34.26702787100004,-0.043399965999924],[34.26260077200004,-0.044411953999941],[34.25988731900003,-0.046200035999959],[34.25676129200008,-0.04708729999993],[34.25310636700004,-0.045926678999933],[34.25091065200007,-0.044533447999925],[34.24791290300004,-0.041822305999972],[34.24494886700006,-0.039223807999974],[34.24024705800008,-0.038073173999976],[34.23692167000007,-0.037187173999939],[34.23388252400008,-0.038007074999939],[34.23146274700008,-0.036070196999958],[34.229062283000076,-0.034710781999934],[34.22539561100007,-0.031362871999931],[34.222554854000066,-0.02785810499995],[34.22103332200004,-0.024744142999964],[34.22066372900008,-0.022904478999976],[34.21954363200007,-0.018288389999952],[34.21871542300005,-0.01532237999993],[34.21778733600007,-0.01354873799994],[34.215063420000035,-0.010832052999945],[34.20927807800007,-0.011131343999978],[34.20583611600006,-0.009902298999975],[34.20122992200004,-0.008110805999934],[34.198895021000055,-0.010060058999954],[34.19712420900004,-0.012891176999972],[34.193899206000026,-0.013010145999942],[34.190582532000064,-0.015350541999965],[34.18762563700005,-0.015667380999957],[34.18528675300007,-0.014295924999942],[34.185168246000046,-0.011903805999964],[34.18466327800007,-0.010301671999969],[34.18267617200007,-0.008423671999935],[34.18052102900003,-0.006115018999935],[34.17791737600004,-0.00418039799996],[34.17606589900004,-0.003503936999948],[34.17328060300002,-0.004635802999928],[34.170720310000036,-0.007089536999956],[34.16752318400006,-0.009593227999972],[34.16431339600007,-0.010023015999934],[34.16049418000006,-0.006408690999933],[34.15732601700006,-0.001966592999963],[34.156404708000025,0.005103908000024],[34.15640156500007,0.007487598000068],[34.154953834000025,0.013591794000035],[34.151050492000024,0.015835974000026],[34.14816746200006,0.016215865000049],[34.14199290300007,0.017287875000022],[34.13957146400003,0.017925600000069],[34.133696963000034,0.018494858000054],[34.13049194600006,0.018468076000033],[34.12627381900006,0.019050034000031],[34.12088827200006,0.021107114000074],[34.11888732700004,0.024106706000055],[34.11876191300007,0.027295890000062],[34.11820679300007,0.029216824000059],[34.11662342100004,0.032223169000019],[34.11335614500007,0.034682327000041],[34.11166589900006,0.035796063000021],[34.112058217000026,0.04019145500007],[34.07524164100005,0.023447299000054],[34.048080801000026,0.009891879000065],[34.04425648800003,0.008035844000062]]]}},{"type":"Feature","properties":{"country":"Kenya","admin_level":"Admin2","name":"Emuhaya"},"geometry":{"type":"Polygon","coordinates":[[[34.68031226000005,0.126136836000057],[34.679448544000024,0.127655945000072],[34.67830633500006,0.129778532000046],[34.67676820400004,0.130479703000049],[34.674576209000065,0.129869099000075],[34.67272428500007,0.129201881000029],[34.67050239300005,0.128526228000055],[34.66782867000006,0.128303796000068],[34.665805317000036,0.128329106000024],[34.66415783700006,0.126839852000046],[34.662412216000064,0.126663620000045],[34.66023445800005,0.126902520000044],[34.65836950800008,0.127329919000033],[34.65618599100003,0.127443632000052],[34.654273258000046,0.127509662000023],[34.651847546000056,0.127616011000043],[34.64981091200008,0.12787208900005],[34.64768845100008,0.128086796000048],[34.645195718000025,0.128341511000031],[34.64289901500007,0.128332936000049],[34.64059552700007,0.127955023000027],[34.63815227500004,0.128506192000032],[34.63589911300005,0.128920308000033],[34.63375494500008,0.128823158000046],[34.63190669000005,0.128738422000026],[34.62976099600007,0.128317189000029],[34.62760919300007,0.127655158000039],[34.62558441400006,0.127158413000075],[34.62277036100005,0.12660014100004],[34.62078596600003,0.126487119000046],[34.61799503800006,0.125837046000072],[34.615157974000056,0.124788731000024],[34.613225345000046,0.124211540000033],[34.610790716000054,0.123400984000057],[34.60810145800008,0.12248308300002],[34.606087280000054,0.121904418000042],[34.603917109000065,0.121622857000034],[34.60187771100004,0.121514752000053],[34.60030826700006,0.120736535000049],[34.59864472100003,0.119577213000071],[34.59734667400005,0.11852314600003],[34.59526856600007,0.117180852000047],[34.593270053000026,0.116654221000033],[34.591079817000036,0.116259528000057],[34.589260111000044,0.115986044000067],[34.58759807100006,0.115776028000028],[34.58584573700006,0.114934394000045],[34.585374512000044,0.112688039000034],[34.58530816800004,0.110824923000052],[34.58479261100007,0.108600015000036],[34.58541300400003,0.106360920000043],[34.58610452800008,0.10461523500004],[34.58443377800006,0.104785994000054],[34.58232415800006,0.103902188000063],[34.58100234600005,0.103092054000058],[34.57890983800007,0.10298369000003],[34.57740858200003,0.102142853000032],[34.57656840200008,0.100310888000024],[34.57572165600004,0.098392321000063],[34.574115146000054,0.098943064000025],[34.573345363000044,0.097207300000036],[34.57127458100007,0.096225418000074],[34.570061261000035,0.097285267000075],[34.56822460400008,0.098269896000033],[34.56623732800006,0.098300400000028],[34.563976368000056,0.097493991000022],[34.56175279200005,0.096711020000043],[34.560307280000075,0.095050827000023],[34.55944358800008,0.093714660000046],[34.55846594600007,0.092343318000076],[34.55657538400004,0.091259924000042],[34.554802781000035,0.090054369000029],[34.55433324100005,0.087660874000051],[34.555357756000035,0.08546853200005],[34.55672784700005,0.082976850000023],[34.55703201000006,0.081026333000068],[34.55742065700008,0.079014980000068],[34.55764962400008,0.076861959000041],[34.558334986000034,0.074866286000031],[34.55863243600004,0.072485972000038],[34.55855310100003,0.066454063000037],[34.55830823300005,0.063317783000059],[34.557813675000034,0.060904024000024],[34.55717753000005,0.058474910000029],[34.557136084000035,0.056354842000076],[34.55784847000007,0.053744460000075],[34.558715033000055,0.052012759000036],[34.55938742300003,0.04995918000003],[34.55989574400007,0.048020520000023],[34.56220626800007,0.045720313000061],[34.564323425000055,0.043795809000073],[34.56592941300005,0.042128],[34.56740188600003,0.040524188000063],[34.56985092200006,0.039043125000035],[34.57292175300006,0.037124187000074],[34.57636261000005,0.035020873000065],[34.57952880900007,0.032954440000026],[34.58381748200003,0.029486811000027],[34.58455276500007,0.031361248000053],[34.585601807000046,0.033097561000034],[34.58667373700007,0.034654405000026],[34.58756510400008,0.036215416000061],[34.586572011000044,0.038329650000037],[34.585609754000075,0.040201467000031],[34.585083961000066,0.04206571800006],[34.58646564500003,0.044014652000044],[34.588965607000034,0.043752437000023],[34.59174176600004,0.04395077700002],[34.594379124000056,0.043728355000042],[34.59621656000007,0.043765804000031],[34.59824272900005,0.043595218000064],[34.60060796600004,0.042122174000042],[34.602245982000056,0.042779171000063],[34.60175116000005,0.045102730000053],[34.60134472900006,0.047535943000071],[34.60172681100005,0.049819830000047],[34.60176022400003,0.051888137000049],[34.603057816000046,0.05162133400006],[34.60418690000006,0.049883729000044],[34.605649250000056,0.048726506000037],[34.60691518300007,0.047593888000051],[34.60773277200008,0.045810515000028],[34.609123219000026,0.046556878000047],[34.61125364900005,0.047490240000059],[34.613038792000054,0.048037135000072],[34.61490046200004,0.049415380000028],[34.613733739000054,0.050699024000039],[34.61357415700007,0.052755625000032],[34.61430723900003,0.055400182000028],[34.61385781000007,0.057526796000047],[34.61523416700004,0.060065738000048],[34.61404658500004,0.061752148000039],[34.614012064000065,0.063242995000053],[34.61603382200008,0.06427439600003],[34.617442711000024,0.06611661200003],[34.61872281400008,0.067113189000054],[34.62035025100005,0.067035544000021],[34.621785663000026,0.067644766000058],[34.62352775800008,0.068362231000037],[34.62618651400004,0.069560484000021],[34.628617879000046,0.070297362000019],[34.63110416100005,0.070802300000025],[34.632904514000074,0.071194344000048],[34.63517886000005,0.071906354000021],[34.636954607000064,0.072922819000041],[34.638784506000036,0.073914526000067],[34.641062900000065,0.074774325000021],[34.64189790700004,0.073856809000063],[34.64217004000005,0.071923059000028],[34.64292225000003,0.070465375000026],[34.644591717000026,0.071066233000067],[34.64604502000003,0.071557441000039],[34.64735650800003,0.072924668000041],[34.64952450800007,0.071928752000019],[34.65087303700005,0.072799628000041],[34.65139711000006,0.074803347000056],[34.65306239900008,0.076328929000056],[34.65500929800004,0.075722908000046],[34.656891416000065,0.07530854700002],[34.65918307700008,0.075462759000061],[34.66061356800003,0.077268997000033],[34.66299638900006,0.07722549500005],[34.66469740300005,0.07702757800007],[34.666132997000034,0.077821412000048],[34.667943656000034,0.078669895000075],[34.67008610600004,0.080481684000063],[34.67184161600005,0.081208896000021],[34.673236915000075,0.08288630200002],[34.67386681800008,0.084852727000055],[34.67468536800004,0.086682920000044],[34.67533335300004,0.089037941000072],[34.67585468500005,0.090602131000026],[34.67685514500005,0.092294934000051],[34.67696968800004,0.094089160000067],[34.67742756900003,0.096190669000066],[34.67758510500005,0.098287022000022],[34.67674443800007,0.099967347000074],[34.675109863000046,0.101684570000032],[34.673706055000025,0.10348510700004],[34.673706055000025,0.104675293000071],[34.67608642600004,0.10632324200003],[34.67749023400006,0.107482910000044],[34.67828369100005,0.109985352000024],[34.67852783200004,0.112121582000043],[34.67907714800003,0.114074707000043],[34.67968750000006,0.116271973000039],[34.67999267600004,0.118225098000039],[34.67907714800003,0.120910645000038],[34.67871093700006,0.124084473000039],[34.67968750000006,0.125122070000032],[34.68031226000005,0.126136836000057]]]}},{"type":"Feature","properties":{"country":"Kenya","admin_level":"Admin2","name":"Homa Bay"},"geometry":{"type":"Polygon","coordinates":[[[34.56611589900007,-0.66170393699997],[34.566362353000045,-0.657753634999949],[34.56645240300003,-0.654204291999974],[34.56637648700007,-0.651206289999948],[34.56766345400007,-0.647858284999927],[34.56545591300005,-0.644487169999934],[34.562370427000076,-0.643379785999969],[34.560706863000064,-0.643208757999957],[34.55816589900007,-0.641503936999925],[34.557065899000065,-0.637403936999931],[34.55531023900005,-0.634759125999949],[34.55576589900005,-0.631603936999966],[34.55718605100003,-0.628432833999966],[34.55756589900005,-0.62600393699995],[34.55478576000007,-0.621693154999946],[34.55375348300004,-0.619710532999932],[34.55227481000003,-0.61649304599996],[34.55206589900007,-0.613303936999955],[34.54945460500005,-0.612330759999963],[34.547264892000044,-0.610548231999928],[34.54566589900003,-0.610103936999963],[34.543421668000065,-0.61215778299993],[34.541265802000055,-0.60854967299997],[34.54246213400006,-0.604594995999946],[34.54471589900004,-0.603103936999958],[34.545200445000035,-0.599894325999969],[34.54507261400005,-0.596928710999975],[34.54507083400006,-0.59365657799998],[34.54396589900006,-0.591003936999925],[34.54286589900005,-0.588203936999946],[34.54096589900007,-0.585603936999973],[34.539254398000026,-0.583316396999976],[34.53916589900007,-0.577903936999974],[34.534533725000074,-0.576211762999947],[34.53255820700008,-0.57501547499993],[34.52965114500006,-0.573116231999961],[34.527665899000056,-0.570003936999967],[34.52356589900006,-0.566403936999961],[34.521065899000064,-0.562303936999967],[34.521142714000064,-0.559103108999977],[34.521049987000026,-0.55692877499996],[34.51969053400006,-0.553192440999965],[34.518862064000075,-0.551105251999957],[34.51801295800004,-0.548492171999953],[34.51667504200003,-0.545743450999964],[34.51610808400005,-0.542259014999956],[34.51597605300003,-0.539440661999947],[34.51713519300006,-0.53643311299993],[34.51806589900008,-0.534703936999961],[34.51726589900005,-0.530903936999948],[34.51441729700008,-0.52803075199995],[34.51321881800004,-0.526225410999928],[34.51207648700006,-0.523601583999948],[34.51222901400007,-0.521109674999934],[34.511665899000036,-0.518003936999946],[34.510270234000075,-0.515300757999967],[34.50865022900007,-0.512742179999975],[34.50580019300003,-0.510124104999932],[34.503610399000024,-0.507417436999958],[34.50324172100005,-0.503101128999958],[34.50326589900004,-0.50040393699993],[34.50274372800004,-0.494359471999928],[34.501285395000025,-0.491247284999929],[34.499925061000056,-0.489342441999952],[34.497251653000035,-0.486619278999967],[34.49436589900006,-0.484303936999936],[34.48334185400006,-0.478355824999937],[34.460542589000056,-0.456226191999974],[34.38816589900006,-0.385503936999953],[34.36366589900007,-0.383603936999975],[34.41226589900003,-0.453553936999924],[34.44816589900006,-0.49590393699998],[34.44336589900007,-0.50240393699994],[34.41596589900007,-0.530503936999935],[34.41336589900004,-0.535703936999937],[34.411765899000045,-0.539703936999956],[34.40787679500005,-0.544913971999961],[34.40649104500005,-0.546621606999963],[34.40336589900005,-0.551703936999957],[34.40426240600004,-0.555810631999975],[34.406865899000024,-0.558903936999968],[34.41246589900004,-0.562803936999956],[34.41626589900005,-0.567603936999944],[34.41956589900008,-0.571403936999957],[34.42211589900006,-0.576953936999928],[34.423165899000026,-0.582203936999974],[34.42626589900004,-0.588903936999941],[34.427765899000065,-0.594403936999925],[34.43336589900008,-0.593303936999973],[34.43356589900003,-0.600203936999947],[34.435465899000064,-0.60630393699995],[34.438265899000044,-0.612103936999972],[34.43906589900007,-0.618203936999976],[34.43926589900008,-0.624503936999929],[34.44136589900006,-0.631603936999966],[34.44533835000004,-0.635134437999966],[34.446865899000045,-0.637503936999963],[34.45276589900004,-0.639503936999972],[34.45919999800003,-0.644651031999956],[34.462883918000045,-0.647778910999932],[34.465765899000075,-0.649803936999945],[34.469365899000024,-0.65340393699995],[34.472865899000055,-0.65620393699993],[34.47596589900007,-0.659603936999929],[34.48216589900005,-0.662203936999958],[34.48856589900004,-0.664203936999968],[34.49426589900003,-0.666803936999941],[34.49976589900007,-0.667303936999929],[34.50046589900006,-0.662203936999958],[34.50546589900006,-0.661203936999925],[34.51220960300003,-0.661341660999938],[34.51856711700003,-0.661392022999962],[34.52546589900004,-0.661603936999938],[34.53086589900005,-0.661803936999945],[34.53671589900006,-0.660553936999975],[34.53542941100005,-0.655987546999938],[34.53480914200003,-0.652213395999979],[34.53376205300003,-0.648773167999934],[34.531792358000075,-0.645980590999955],[34.531215899000074,-0.642753936999952],[34.53656589900004,-0.645603936999976],[34.54376589900005,-0.651403936999941],[34.54969598800005,-0.655117111999971],[34.552536291000024,-0.657638769999949],[34.554965899000024,-0.66110393699995],[34.558315899000036,-0.664853936999975],[34.56446589900003,-0.663603936999948],[34.56611589900007,-0.66170393699997]]]}},{"type":"Feature","properties":{"country":"Kenya","admin_level":"Admin2","name":"Kisumu West"},"geometry":{"type":"Polygon","coordinates":[[[34.74621559900004,-0.021219281999947],[34.742234360000054,-0.022409535999941],[34.74067766100006,-0.022321130999956],[34.739106123000056,-0.022419583999977],[34.73789726800004,-0.020366518999936],[34.73593709900007,-0.017515260999971],[34.73285974100003,-0.011796821999951],[34.731681354000045,-0.01006777799995],[34.72918336500004,-0.007158628999946],[34.72737755000003,-0.005174719999957],[34.72581861300006,-0.003605661999927],[34.72258867600004,-0.004634330999977],[34.72054115800006,-0.005885709999973],[34.718365223000035,-0.006012723999959],[34.71715283300006,-0.007012187999976],[34.71563270200005,-0.007692003999978],[34.71472404900004,-0.009010977999935],[34.714428799000075,-0.01084480999998],[34.71310872500004,-0.012859645999924],[34.71188402400003,-0.014789328999939],[34.71029679900005,-0.01778612499993],[34.70875941800006,-0.019041559999948],[34.70673014100004,-0.019223314999977],[34.70413830800004,-0.018966801999966],[34.70148544700004,-0.018696292999948],[34.69966718500007,-0.01886250299998],[34.69783135800003,-0.018108653999946],[34.695752267000046,-0.017725462999977],[34.69399770100006,-0.019498059999933],[34.69205296100006,-0.020642043999942],[34.689793664000035,-0.023483691999957],[34.687576267000054,-0.023288590999925],[34.68833685200008,-0.021588749999978],[34.68952338300005,-0.019833648999963],[34.690576358000044,-0.018444207999949],[34.69237702700008,-0.01654192999996],[34.69302202700004,-0.014042264999944],[34.69323404900007,-0.011854635999953],[34.691180200000076,-0.010540291999973],[34.68945239300007,-0.009818066999969],[34.68716383200007,-0.009364072999972],[34.68436015200007,-0.010115144999929],[34.67231765400004,-0.013504158999979],[34.65377903600006,-0.005566921999957],[34.651843332000055,-0.004932750999956],[34.650403495000035,-0.004314011999952],[34.64834336400003,-0.003425229999948],[34.64188834000004,-0.00129385799994],[34.639987603000066,-0.000648298999977],[34.63807616100007,0.000692388000061],[34.63629380500004,0.002262155000039],[34.63428980000003,0.002839767000069],[34.63194487100003,0.002889002000074],[34.62993294300003,0.003954706000059],[34.62761202000007,0.00486150200004],[34.62541949800004,0.004474104000053],[34.62335498400006,0.004052569000066],[34.62171823400007,0.003358221000042],[34.619910471000026,0.002671885000041],[34.61765611200008,0.002264850000074],[34.61543234100003,0.002348328000039],[34.61313794400007,0.002023085000076],[34.61343955500007,0.003879898000037],[34.61292801400003,0.005382733000033],[34.610995514000024,0.005965751000019],[34.60835965600006,0.005366251000055],[34.605374969000025,0.010098647000063],[34.60322910200006,0.012514021000072],[34.601458011000034,0.012866595000048],[34.594560743000045,0.006993986000055],[34.58897964200003,0.00251189200003],[34.59171724200007,-0.005087205999928],[34.58961500600003,-0.008553860999939],[34.58680255000007,-0.017053922999935],[34.58610972300005,-0.020546638999974],[34.582990763000055,-0.025307847999954],[34.582954407000045,-0.033049009999957],[34.583129883000026,-0.035084619999964],[34.58366012600004,-0.03679796299997],[34.58427111300006,-0.039282664999973],[34.584884644000056,-0.041774805999978],[34.58602523800005,-0.044222432999959],[34.58737182600004,-0.045772600999953],[34.588432312000066,-0.047118793999971],[34.58896255500008,-0.049117695999939],[34.589778900000056,-0.051728493999974],[34.591045380000025,-0.053808979999928],[34.59198379500003,-0.055644701999938],[34.593206406000036,-0.057235659999947],[34.59495925900006,-0.058663445999969],[34.59610366800007,-0.060376788999974],[34.59683609000007,-0.062212507999959],[34.59773254400005,-0.064619339999979],[34.59867095900006,-0.067066974999932],[34.59928512600004,-0.069147459999954],[34.60022354100005,-0.071799054999929],[34.60079193100006,-0.073838740999975],[34.60079193100006,-0.076449550999939],[34.59993743900003,-0.07865241899998],[34.59891700700007,-0.080956980999929],[34.59830474900008,-0.083262115999958],[34.59712219200003,-0.08640324299995],[34.595367432000046,-0.089625954999974],[34.593898773000035,-0.090605005999976],[34.59204610200004,-0.091470521999952],[34.591922760000045,-0.093195408999975],[34.592042923000065,-0.094786367999973],[34.59198379500003,-0.09664248699994],[34.591453552000075,-0.098763770999938],[34.59080123900003,-0.100354723999942],[34.58986282300003,-0.102394416999971],[34.58844375600006,-0.104443214999947],[34.58660888700007,-0.106073222999953],[34.58514785800003,-0.107703238999932],[34.58345222500003,-0.109282314999973],[34.58168411300005,-0.111031181999977],[34.581605911000054,-0.113572224999928],[34.58097457900004,-0.116804144999946],[34.580497742000034,-0.119215204999932],[34.579612732000044,-0.121592305999968],[34.57828903200004,-0.125667333999957],[34.57733917200005,-0.128927364999925],[34.57653045700005,-0.132397509999976],[34.57563209500006,-0.134522050999976],[34.57426834100005,-0.138320892999957],[34.573410988000035,-0.141375179999955],[34.58129119900008,-0.190056547999973],[34.73819732700008,-0.087845310999967],[34.72298049900007,-0.073680512999942],[34.725509644000056,-0.073978669999974],[34.72787094100005,-0.074268310999969],[34.73035812400008,-0.074566475999973],[34.73271942100007,-0.074830561999931],[34.734668732000046,-0.075171313999931],[34.736740112000064,-0.075631334999969],[34.73893737800006,-0.076202101999968],[34.74115371700003,-0.076926208999964],[34.74324035600006,-0.077820687999974],[34.745231628000056,-0.078715174999957],[34.747407913000075,-0.079792811999937],[34.74918270100005,-0.079946156999938],[34.75084559100003,-0.080747045999942],[34.75206375100004,-0.07868044099996],[34.75240325900006,-0.076694927999938],[34.75122070300006,-0.074878401999968],[34.75062942500006,-0.07285064499996],[34.75138855000006,-0.070949628999927],[34.75210571300005,-0.068837388999953],[34.75227737400007,-0.066640659999962],[34.75215148900003,-0.064317188999951],[34.75126266500007,-0.061866986999974],[34.75062942500006,-0.060261681999975],[34.75009346000007,-0.058582978999937],[34.75244522100007,-0.057304538999972],[34.75383758500004,-0.056206177999968],[34.754726410000046,-0.054727607999951],[34.756416321000074,-0.05422066899996],[34.75850677500006,-0.053016690999925],[34.75992202800006,-0.052643527999976],[34.760894775000054,-0.052108425999961],[34.76245307900007,-0.051045528999964],[34.76284637500004,-0.048586679999971],[34.764125824000075,-0.046933430999957],[34.76507568400007,-0.045027601999948],[34.764259338000045,-0.042829911999945],[34.76400756800007,-0.040605442999947],[34.762706757000046,-0.038606946999948],[34.76071071600006,-0.037450068999931],[34.75862693800008,-0.03695191099996],[34.756847382000046,-0.03584288199994],[34.755268097000055,-0.034771743999954],[34.75366210900006,-0.033711939999932],[34.75192260700004,-0.032547069999964],[34.750371845000075,-0.030714419999924],[34.74974424200008,-0.028717078999932],[34.74930586000005,-0.026688102999969],[34.74838302100005,-0.024793213999942],[34.74764989500005,-0.022719719999941],[34.747294984000064,-0.02168058899997],[34.74621559900004,-0.021219281999947]]]}},{"type":"Feature","properties":{"country":"Kenya","admin_level":"Admin2","name":"Luanda"},"geometry":{"type":"Polygon","coordinates":[[[34.55989574400007,0.048020520000023],[34.55759748600008,0.048332727000059],[34.554954491000046,0.047005472000023],[34.55371590500005,0.045294757000022],[34.55271028300007,0.043263810000042],[34.55221777700007,0.04161025600007],[34.55284659500006,0.03965276200006],[34.552409915000055,0.037610254000072],[34.551136014000065,0.035844774000054],[34.54946605500004,0.035326366000049],[34.549327851000044,0.032608277000065],[34.549381348000054,0.029824205000068],[34.54969265100004,0.026928883000039],[34.549876794000056,0.024898083000039],[34.54885380600007,0.023304505000056],[34.54826680200006,0.021082990000025],[34.547533961000056,0.018403582000076],[34.54593410500007,0.016845896000063],[34.544031131000054,0.016076539000039],[34.543151418000036,0.014455680000026],[34.54389461900007,0.01047638700004],[34.54229153000006,0.009152544000074],[34.54028855700005,0.007906018000028],[34.538209745000074,0.00700800900006],[34.536167585000044,0.006237228000032],[34.53438347400004,0.005343717000073],[34.534000621000075,0.004057359000058],[34.53550442200003,0.002637278000066],[34.53671043800006,0.001449029000071],[34.538951731000054,0.000594040000067],[34.54133898900005,-0.000961876999952],[34.54183129200004,-0.002652316999956],[34.54114154500007,-0.004408940999951],[34.53952579700007,-0.005803402999959],[34.537636356000064,-0.007869375999974],[34.53613829500006,-0.009411711999974],[34.53547830400004,-0.011346942999978],[34.53364425600006,-0.013220261999948],[34.53405766700007,-0.014625118999959],[34.53583878300003,-0.015976095999974],[34.53927629800006,-0.017285755999978],[34.541792791000034,-0.017582197999957],[34.544042098000034,-0.019090411999969],[34.54767665000003,-0.021849523999947],[34.54948617800005,-0.021219754999947],[34.551301539000065,-0.02096677399993],[34.553342573000066,-0.018664677999936],[34.563041498000075,-0.017353420999939],[34.56111600600008,-0.020512098999973],[34.564010722000035,-0.023200274999965],[34.56385767900008,-0.026357085999962],[34.562411817000054,-0.027790681999932],[34.56053491600005,-0.029320764999966],[34.56124016800004,-0.032077826999966],[34.56082797900007,-0.033672503999981],[34.56265849400006,-0.036289221999937],[34.56467205100006,-0.039233060999948],[34.566167277000034,-0.03930786199993],[34.568523421000066,-0.038432603999979],[34.57030180000004,-0.036317763999932],[34.57301494200004,-0.036811675999957],[34.58303722200003,-0.031297724999945],[34.58299091500004,-0.024279773999979],[34.58599351300006,-0.019675649999954],[34.58882505300005,-0.01109635499995],[34.589998614000024,-0.00677679599994],[34.59015020000004,-0.000571770999954],[34.59115791200003,0.004261691000067],[34.59854347100003,0.010476230000052],[34.602476497000055,0.01334371400003],[34.60437863800007,0.011288974000024],[34.60603089400007,0.009097687000065],[34.61016053000003,0.004926603000058],[34.611715348000075,0.005596302000072],[34.61352933100005,0.004816325000036],[34.61243169200003,0.002323237000041],[34.61440964600007,0.002250430000061],[34.61654613600007,0.002320118000057],[34.618945960000076,0.002390269000045],[34.62071533100004,0.002848787000062],[34.62261192900007,0.003351447000057],[34.62452439900005,0.004181200000062],[34.62671524500007,0.006770330000052],[34.62859619900007,0.008869253000057],[34.63025580000004,0.010504498000046],[34.633086268000056,0.011968797000065],[34.635649700000045,0.013262302000044],[34.63916287100005,0.014677751000022],[34.64224133000005,0.016405794000036],[34.64483950700003,0.019107407000035],[34.64790334400004,0.022975823000024],[34.65094644100003,0.027648657000043],[34.65276489100006,0.031191920000026],[34.65510420000004,0.035545413000023],[34.65919487800005,0.042314845000021],[34.66229479400005,0.049526609000054],[34.66116626500008,0.051418590000026],[34.66047031800008,0.053049822000048],[34.659882881000044,0.054650435000042],[34.66201486800003,0.055089856000052],[34.66386441100008,0.055763882000065],[34.664089053000055,0.057675747000076],[34.66412474500004,0.059714550000024],[34.664255972000035,0.06166687800004],[34.66542371200006,0.063232102000029],[34.66576174800008,0.064893362000021],[34.668221980000055,0.065747930000043],[34.67065719100003,0.06649799500002],[34.67253036100004,0.066781448000029],[34.67371519000005,0.068682719000037],[34.67375491800004,0.070825405000051],[34.673308399000064,0.073123274000068],[34.673185027000045,0.075098995000076],[34.673950380000065,0.077237338000032],[34.67323398900004,0.079443621000053],[34.67281092500008,0.081744428000036],[34.67104713800006,0.081177224000044],[34.669044161000045,0.079169265000075],[34.66707968400004,0.07837756300006],[34.665471780000075,0.07743973700002],[34.66390410200006,0.077109065000059],[34.661871304000044,0.077435055000024],[34.659913059000075,0.076221980000071],[34.65809083600004,0.074961323000025],[34.655806400000074,0.075594865000028],[34.654082568000035,0.076015213000062],[34.65182269100006,0.075860011000032],[34.65109936400006,0.073962947000041],[34.65073070200003,0.071394363000024],[34.64851683400008,0.072580477000031],[34.64641902100004,0.072312624000062],[34.64541936100005,0.071041811000043],[34.64387646200004,0.070668344000069],[34.64230711600004,0.07114348500005],[34.64190337300005,0.072995032000051],[34.641785750000054,0.075065711000036],[34.63999389500003,0.074176555000065],[34.63760886500006,0.073418086000061],[34.63628168300005,0.07218352600006],[34.634239028000025,0.071427573000051],[34.63207587000005,0.071059112000057],[34.629854041000044,0.070596600000044],[34.62741158100005,0.069956975000025],[34.624984890000064,0.06890398500002],[34.62249979000006,0.068096646000072],[34.621156951000046,0.067121531000055],[34.61950550300003,0.067260479000026],[34.61794996700007,0.066712364000068],[34.616692002000036,0.065128998000034],[34.61520369800007,0.06364959900003],[34.61321746600004,0.062623271000064],[34.61481799100005,0.060717037000074],[34.61429685200005,0.058963451000068],[34.614135944000054,0.05653764300007],[34.61407424500004,0.054262867000034],[34.61387901000006,0.051836717000072],[34.61431705700005,0.049911354000074],[34.61438913200004,0.04858405300007],[34.611925118000045,0.04814658600003],[34.61018086800004,0.047235031000071],[34.60845353600007,0.045492151000076],[34.60703503900004,0.046621411000046],[34.606343296000034,0.04834192900006],[34.60477534200004,0.049225101000047],[34.60361878100008,0.05048057700003],[34.60231495900007,0.052463050000028],[34.602016983000055,0.050846031000049],[34.60144741000005,0.04867572400002],[34.60173584000006,0.046497445000057],[34.60218654100004,0.043832863000034],[34.60229278800006,0.04198744100006],[34.59923226700005,0.042881215000023],[34.597355321000066,0.043582431000061],[34.59527345500004,0.043501940000056],[34.59303955200005,0.044124493000027],[34.59032894000006,0.043692628000031],[34.58782037100008,0.044026612000039],[34.58551963200006,0.043083145000026],[34.58514328000007,0.041237636000062],[34.58628082300004,0.039257374000044],[34.58735656700003,0.037387046000049],[34.58716583300003,0.03543512300007],[34.58613205000006,0.033677688000068],[34.58506012000004,0.032153469000036],[34.58418273900003,0.030476219000036],[34.58087539700006,0.031992182000067],[34.57818222000003,0.033852559000024],[34.57464981100003,0.036071621000076],[34.571361542000034,0.03816637400007],[34.56843185400004,0.039882682000041],[34.56669616700003,0.041293997000025],[34.565288544000055,0.042897750000066],[34.56329727200006,0.044629812000039],[34.56110473900003,0.046865786000069],[34.55989574400007,0.048020520000023]]]}},{"type":"Feature","properties":{"country":"Kenya","admin_level":"Admin2","name":"Rarieda"},"geometry":{"type":"Polygon","coordinates":[[[34.24021951200007,-0.338379956999972],[34.24131412400004,-0.341254676999938],[34.243065899000044,-0.345603936999964],[34.24450948800006,-0.349156444999949],[34.246265899000036,-0.353503936999971],[34.24779003700007,-0.357393591999937],[34.25056589900004,-0.364103936999925],[34.258765899000025,-0.385903936999966],[34.26296589900005,-0.397303936999947],[34.26926589900006,-0.412803936999978],[34.27267563500004,-0.417695721999962],[34.27410312200004,-0.41926502299998],[34.278165899000044,-0.422803936999969],[34.28366589900003,-0.42590393699993],[34.28836589900004,-0.427403936999951],[34.29156344300003,-0.42803708799994],[34.29716589900005,-0.428403936999928],[34.30366132700004,-0.427771169999971],[34.30564403300008,-0.42733521599996],[34.30907099800004,-0.426218100999961],[34.313265899000044,-0.424603936999972],[34.317865899000026,-0.421903936999968],[34.327865899000074,-0.41370393699998],[34.34946589900005,-0.395603936999976],[34.36366589900007,-0.383603936999975],[34.386711743000035,-0.364329750999957],[34.396815899000046,-0.355853936999949],[34.44696589900008,-0.320003936999967],[34.483092932000034,-0.298631745999955],[34.46968288000005,-0.258287218999953],[34.46428207400004,-0.241387656999962],[34.45887745400006,-0.225107635999962],[34.453070654000044,-0.208013518999962],[34.43827967800007,-0.164116588999946],[34.435085135000065,-0.154428606999943],[34.43183667300008,-0.145042931999967],[34.431276095000044,-0.143237573999954],[34.42879761900008,-0.134580914999958],[34.42881674000006,-0.13200754199994],[34.42789286500005,-0.129494542999964],[34.427380020000044,-0.126839073999975],[34.42669899600003,-0.124925068999971],[34.426186391000044,-0.122284480999951],[34.42560617300006,-0.119899237999959],[34.42453867000006,-0.117682935999937],[34.41506589900007,-0.094003936999968],[34.415315287000055,-0.092315260999953],[34.41605312900003,-0.090655118999962],[34.416359130000046,-0.088826427999948],[34.416265149000026,-0.086280054999975],[34.41643501600004,-0.084291883999924],[34.41622130300004,-0.08264903099996],[34.41603669500006,-0.080906436999953],[34.41603641800003,-0.078581769999971],[34.41696589900005,-0.075703936999957],[34.41646589900006,-0.073403936999966],[34.41046589900003,-0.068703936999952],[34.402565899000024,-0.064703936999933],[34.39456589900004,-0.062603936999949],[34.386965899000074,-0.061503936999941],[34.382365899000035,-0.061037269999929],[34.37767523800005,-0.061050570999953],[34.37486995300003,-0.060528260999945],[34.371865899000056,-0.062403936999942],[34.370332285000075,-0.06552666999994],[34.36876589900004,-0.067703936999976],[34.36716589900004,-0.068203936999964],[34.36485071000004,-0.071964686999934],[34.36256589900006,-0.075003936999963],[34.35776589900007,-0.07810393699998],[34.35501589900008,-0.081553936999967],[34.35223810000008,-0.084797764999962],[34.34995622400004,-0.087706795999964],[34.345565899000064,-0.089303936999954],[34.34394965700005,-0.091899159999969],[34.34176589900005,-0.094403936999925],[34.33806451800007,-0.095330179999962],[34.33517043300003,-0.095221164999941],[34.331565899000054,-0.096403936999934],[34.328165899000055,-0.099603936999927],[34.32639894700003,-0.10266164199993],[34.32406727800003,-0.10412738499997],[34.32108490500008,-0.105206574999954],[34.31779107600005,-0.107488965999949],[34.31565831800003,-0.110399491999942],[34.31316589900007,-0.113303936999955],[34.31083945000006,-0.116856675999941],[34.309623344000045,-0.120755380999924],[34.30908513000003,-0.124507782999956],[34.307865899000035,-0.128103936999935],[34.30739425200005,-0.131346309999969],[34.30681589900007,-0.134753936999971],[34.302661286000045,-0.134970541999962],[34.30181525300003,-0.138091583999937],[34.30106538700005,-0.140356821999944],[34.29844799000006,-0.144173398999953],[34.29486589900006,-0.146903936999934],[34.292765899000074,-0.150603936999971],[34.29429628500003,-0.154421901999967],[34.29436669200004,-0.156387935999931],[34.292903298000056,-0.160237755999958],[34.29089190700006,-0.162916420999977],[34.289565899000024,-0.165703936999932],[34.28798132400004,-0.168268438999974],[34.28696589900005,-0.172303936999924],[34.286165899000025,-0.177503936999926],[34.283558597000024,-0.179698662999954],[34.28238010000007,-0.182509853999932],[34.28174946100006,-0.184197771999948],[34.280572508000034,-0.187308371999961],[34.28056589900007,-0.190303936999953],[34.27833330800007,-0.193656691999934],[34.276765899000054,-0.197303936999958],[34.27502646600004,-0.201974831999962],[34.273450523000065,-0.203377522999972],[34.271365899000045,-0.206703936999929],[34.26914482400008,-0.208887298999969],[34.26722099800003,-0.211740185999929],[34.26621470400005,-0.213362221999944],[34.263095899000064,-0.216263936999951],[34.26045589900008,-0.217383936999965],[34.257065899000054,-0.219803936999938],[34.25297268600008,-0.223106273999974],[34.25075560500005,-0.226837759999967],[34.249330815000064,-0.228745817999936],[34.24779813600003,-0.231258569999966],[34.24483779800005,-0.235279347999949],[34.24216589900004,-0.271603936999952],[34.24021951200007,-0.338379956999972]]]}},{"type":"Feature","properties":{"country":"Kenya","admin_level":"Admin2","name":"Seme"},"geometry":{"type":"Polygon","coordinates":[[[34.416860824000025,-0.076513777999935],[34.415939286000025,-0.079771992999952],[34.416128084000036,-0.081734486999949],[34.416312692000076,-0.083477088999928],[34.416362424000056,-0.085236209999948],[34.41631950800007,-0.08749787499994],[34.41624896600007,-0.089766140999927],[34.41576755400007,-0.091445087999944],[34.41524563300004,-0.093233106999946],[34.42402059800003,-0.116651026999932],[34.425044393000064,-0.118728046999934],[34.425932475000025,-0.12104215599993],[34.42643838400005,-0.123719985999969],[34.426857674000075,-0.125941724999961],[34.427654724000035,-0.128276964999941],[34.42831667300004,-0.130666691999977],[34.42890698000008,-0.133290012999964],[34.428859671000055,-0.135582074999945],[34.431553102000066,-0.14410752699996],[34.43305516700008,-0.148728915999925],[34.437044531000026,-0.160087535999935],[34.442175174000056,-0.17560177799993],[34.45505103100004,-0.213693151999962],[34.46185374100003,-0.23391081699998],[34.466990106000026,-0.250516835999974],[34.48036964100004,-0.290707520999945],[34.502072455000075,-0.287396815999955],[34.530365293000045,-0.27063480399994],[34.66764450100004,-0.189349591999928],[34.57355117800006,-0.142570286999955],[34.57366943400007,-0.139952495999978],[34.57498550400004,-0.13641072799993],[34.576028188000066,-0.133728260999931],[34.57682800300006,-0.130863010999974],[34.57771301300005,-0.127670898999952],[34.579105377000076,-0.123018569999942],[34.580158234000066,-0.120335839999939],[34.580699921000075,-0.11795873899996],[34.581447601000036,-0.114800586999934],[34.581718445000035,-0.112015984999971],[34.58214378400004,-0.110216181999931],[34.584438324000075,-0.108110740999962],[34.585929871000076,-0.106752395999933],[34.58756256100003,-0.10519030699993],[34.58905601500004,-0.103628210999943],[34.59026718100006,-0.101578540999924],[34.59108352700002,-0.099538847999952],[34.591777802000024,-0.097662336999974],[34.59206390400004,-0.095704234999971],[34.591899872000056,-0.093990891999965],[34.59214401200006,-0.092277548999959],[34.59277916000008,-0.090584605999936],[34.594799042000034,-0.090156271999945],[34.59638977100008,-0.087871819999975],[34.597774506000064,-0.084649107999951],[34.59867095900006,-0.081897451999964],[34.59947776800004,-0.079603556999928],[34.600509644000056,-0.077591776999952],[34.60087585400004,-0.075184940999975],[34.60063171400003,-0.072900488999949],[34.59977340700004,-0.070289678999927],[34.59891891500007,-0.068046025999934],[34.59830474900008,-0.065883948999954],[34.59724426300005,-0.063436321999973],[34.59654998800005,-0.061233456999958],[34.59553146400003,-0.059438526999941],[34.594306946000074,-0.058051537999972],[34.59235000600006,-0.056378989999928],[34.59157562300004,-0.054747241999962],[34.59030723600006,-0.052536280999959],[34.589332581000065,-0.050504683999975],[34.58871841400003,-0.04809784899993],[34.58794403100006,-0.04646609699995],[34.58667755100004,-0.045038308999949],[34.58537292500006,-0.043161794999946],[34.58464050300006,-0.040714166999976],[34.58402633700007,-0.037613834999945],[34.58337402300003,-0.036022874999958],[34.58306884800004,-0.034044377999976],[34.58303722200003,-0.031297724999945],[34.57301494200004,-0.036811675999957],[34.57030180000004,-0.036317763999932],[34.568523421000066,-0.038432603999979],[34.566167277000034,-0.03930786199993],[34.56467205100006,-0.039233060999948],[34.56265849400006,-0.036289221999937],[34.56082797900007,-0.033672503999981],[34.56124016800004,-0.032077826999966],[34.56053491600005,-0.029320764999966],[34.562411817000054,-0.027790681999932],[34.56385767900008,-0.026357085999962],[34.564010722000035,-0.023200274999965],[34.56111600600008,-0.020512098999973],[34.563041498000075,-0.017353420999939],[34.553342573000066,-0.018664677999936],[34.551301539000065,-0.02096677399993],[34.54948617800005,-0.021219754999947],[34.54767665000003,-0.021849523999947],[34.544042098000034,-0.019090411999969],[34.541792791000034,-0.017582197999957],[34.53927629800006,-0.017285755999978],[34.53583878300003,-0.015976095999974],[34.53405766700007,-0.014625118999959],[34.53234198200005,-0.014560471999971],[34.531213034000075,-0.015951278999978],[34.52995523000004,-0.017949192999936],[34.52865230200007,-0.019181024999966],[34.52661463000004,-0.019238125999948],[34.52464870000006,-0.019924268999944],[34.52245429100003,-0.020664109999927],[34.51916503900003,-0.021883220999939],[34.51587221900007,-0.023121314999969],[34.51198517500006,-0.024499834999972],[34.50947383500005,-0.025379012999963],[34.50626754500007,-0.026411185999962],[34.503344250000055,-0.027086097999927],[34.49956599700005,-0.027805134999937],[34.49181084200006,-0.028491526999971],[34.485434428000076,-0.03070706699998],[34.48327520400005,-0.031962514999975],[34.48088736200003,-0.033632248999936],[34.47870473200004,-0.035151068999937],[34.47737939800004,-0.036073662999968],[34.47524023300008,-0.037404673999959],[34.473650175000046,-0.038305613999967],[34.471960188000025,-0.039370289999965],[34.46998737500007,-0.04038825799995],[34.46837481100005,-0.041035915999942],[34.46647386200004,-0.041501456999924],[34.464191362000065,-0.04182179999998],[34.46242717800004,-0.042323544999931],[34.46070517800007,-0.043075913999928],[34.45926348300003,-0.044084015999942],[34.45784108000004,-0.04552612599997],[34.455542442000024,-0.046108752999942],[34.45353381600006,-0.047298222999927],[34.45189223700004,-0.049202039999955],[34.45003617300006,-0.050346220999927],[34.44796162000006,-0.051645232999931],[34.44588914900004,-0.053620744999932],[34.44405858600004,-0.055043280999939],[34.44193244600007,-0.05618605799998],[34.44051996400003,-0.057420566999951],[34.43859108100003,-0.058307295999953],[34.43676624500006,-0.058956562999924],[34.43186569200003,-0.062380335999933],[34.42885899000004,-0.064626035999936],[34.424829905000024,-0.067754676999925],[34.42393759400005,-0.069227011999942],[34.42251736700007,-0.071053114999927],[34.421140888000025,-0.072709608999958],[34.41960465100004,-0.074394249999955],[34.418731689000026,-0.075167446999956],[34.416860824000025,-0.076513777999935]]]}},{"type":"Feature","properties":{"country":"Kenya","admin_level":"Admin2","name":"Suba North"},"geometry":{"type":"Polygon","coordinates":[[[33.94796589900005,-0.338103936999971],[33.92956589900007,-0.435403936999933],[33.924365899000065,-0.46590393699995],[33.92266589900004,-0.49590393699998],[33.920865899000034,-0.537703936999947],[34.02936589900003,-0.518903936999948],[34.07566589900006,-0.506703936999941],[34.110665899000026,-0.489403936999963],[34.15031589900008,-0.469803936999938],[34.198265899000035,-0.501903936999952],[34.20246589900006,-0.50380393699993],[34.205465899000046,-0.506803936999972],[34.20916589900003,-0.509403936999945],[34.20846589900003,-0.513603936999971],[34.212265899000045,-0.516653936999944],[34.21676589900005,-0.517403936999926],[34.21976589900004,-0.522303936999947],[34.22876589900005,-0.528703936999932],[34.23586589900003,-0.537403936999965],[34.24916589900005,-0.547903936999944],[34.25626589900003,-0.547503936999931],[34.263665899000046,-0.54380393699995],[34.269965899000056,-0.540603936999958],[34.27606589900006,-0.53670393699997],[34.27986589900007,-0.536403936999932],[34.283865899000034,-0.536903936999977],[34.288265899000066,-0.536403936999932],[34.29185929500005,-0.536205823999978],[34.29240132900003,-0.538608050999926],[34.293665899000075,-0.541603936999934],[34.29206589900008,-0.546103936999941],[34.29436589900007,-0.548103936999951],[34.29766589900004,-0.552003936999938],[34.29934589900006,-0.555613936999976],[34.30084119300005,-0.557332759999952],[34.30225755200007,-0.55919784799994],[34.30426589900003,-0.562703936999981],[34.304465899000036,-0.56690393699995],[34.30521786400004,-0.569664198999931],[34.30696589900003,-0.572403936999933],[34.30656589900008,-0.576303936999977],[34.29065273700007,-0.672483170999953],[34.300765899000055,-0.667903936999949],[34.308765899000036,-0.666103936999946],[34.31376589900003,-0.665103936999969],[34.319565899000054,-0.66390393699993],[34.32646589900003,-0.662303936999933],[34.33266589900006,-0.660103936999974],[34.337565899000026,-0.658703936999927],[34.344465899000056,-0.65680393699995],[34.34906589900004,-0.652103936999936],[34.349265899000045,-0.644803936999949],[34.34936589900008,-0.638603936999971],[34.350665899000035,-0.632103936999954],[34.35184854700003,-0.626799437999978],[34.35351589900006,-0.622953936999977],[34.35566589900003,-0.616703936999954],[34.35736589900006,-0.611503936999952],[34.36086589900003,-0.604403936999972],[34.363163203000056,-0.598017629999958],[34.36656589900008,-0.595803936999971],[34.36646589900005,-0.591903936999927],[34.36581700200003,-0.588205841999979],[34.36926483800005,-0.588408976999972],[34.372665899000026,-0.588403936999953],[34.375287607000075,-0.588314964999938],[34.380841184000076,-0.586941324999941],[34.38242724200006,-0.586054234999949],[34.38616589900005,-0.582303936999949],[34.38876589900008,-0.576803936999966],[34.39320519100005,-0.574874426999941],[34.39508518400004,-0.573631110999941],[34.39843936800003,-0.569591808999974],[34.39925055600003,-0.567697725999949],[34.40056589900007,-0.564403936999952],[34.40216589900007,-0.561403936999966],[34.40366974500006,-0.558173167999939],[34.40426240600004,-0.555810631999975],[34.40336589900005,-0.551703936999957],[34.40649104500005,-0.546621606999963],[34.40787679500005,-0.544913971999961],[34.411765899000045,-0.539703936999956],[34.41336589900004,-0.535703936999937],[34.41596589900007,-0.530503936999935],[34.44336589900007,-0.50240393699994],[34.44816589900006,-0.49590393699998],[34.41226589900003,-0.453553936999924],[34.34946589900005,-0.395603936999976],[34.327865899000074,-0.41370393699998],[34.317865899000026,-0.421903936999968],[34.313265899000044,-0.424603936999972],[34.30907099800004,-0.426218100999961],[34.30564403300008,-0.42733521599996],[34.30366132700004,-0.427771169999971],[34.29716589900005,-0.428403936999928],[34.29156344300003,-0.42803708799994],[34.28836589900004,-0.427403936999951],[34.28366589900003,-0.42590393699993],[34.278165899000044,-0.422803936999969],[34.27410312200004,-0.41926502299998],[34.27267563500004,-0.417695721999962],[34.26926589900006,-0.412803936999978],[34.26296589900005,-0.397303936999947],[34.258765899000025,-0.385903936999966],[34.25056589900004,-0.364103936999925],[34.24779003700007,-0.357393591999937],[34.246265899000036,-0.353503936999971],[34.24450948800006,-0.349156444999949],[34.243065899000044,-0.345603936999964],[34.24131412400004,-0.341254676999938],[34.24021951200007,-0.338379956999972],[34.15076589900008,-0.338103936999971],[34.13856589900007,-0.338103936999971],[34.09306589900007,-0.338103936999971],[33.979665899000054,-0.338103936999971],[33.950865899000064,-0.338103936999971],[33.94796589900005,-0.338103936999971]]]}},{"type":"Feature","properties":{"country":"Kenya","admin_level":"Admin2","name":"Suba South"},"geometry":{"type":"Polygon","coordinates":[[[34.29065273700007,-0.672483170999953],[34.30656589900008,-0.576303936999977],[34.30696589900003,-0.572403936999933],[34.30521786400004,-0.569664198999931],[34.304465899000036,-0.56690393699995],[34.30426589900003,-0.562703936999981],[34.30225755200007,-0.55919784799994],[34.30084119300005,-0.557332759999952],[34.29934589900006,-0.555613936999976],[34.29766589900004,-0.552003936999938],[34.29436589900007,-0.548103936999951],[34.29206589900008,-0.546103936999941],[34.293665899000075,-0.541603936999934],[34.29240132900003,-0.538608050999926],[34.29185929500005,-0.536205823999978],[34.288265899000066,-0.536403936999932],[34.283865899000034,-0.536903936999977],[34.27986589900007,-0.536403936999932],[34.27606589900006,-0.53670393699997],[34.269965899000056,-0.540603936999958],[34.263665899000046,-0.54380393699995],[34.25626589900003,-0.547503936999931],[34.24916589900005,-0.547903936999944],[34.23586589900003,-0.537403936999965],[34.22876589900005,-0.528703936999932],[34.21976589900004,-0.522303936999947],[34.21676589900005,-0.517403936999926],[34.212265899000045,-0.516653936999944],[34.20846589900003,-0.513603936999971],[34.20916589900003,-0.509403936999945],[34.205465899000046,-0.506803936999972],[34.20246589900006,-0.50380393699993],[34.198265899000035,-0.501903936999952],[34.15031589900008,-0.469803936999938],[34.110665899000026,-0.489403936999963],[34.07566589900006,-0.506703936999941],[34.02936589900003,-0.518903936999948],[33.920865899000034,-0.537703936999947],[33.91706589900008,-0.567803936999951],[33.91896589900006,-0.623803936999934],[33.91916589900006,-0.631703936999941],[33.921765899000036,-0.690803936999941],[33.922865899000044,-0.729003936999959],[33.924365899000065,-0.743703936999964],[33.92466589900005,-0.759703936999927],[33.92586589900003,-0.804803936999974],[34.080965899000034,-0.796903936999968],[34.083143981000035,-0.791295717999958],[34.08426589900006,-0.78750393699994],[34.091265899000064,-0.783503936999978],[34.102665899000044,-0.782303936999938],[34.10946589900004,-0.782003936999956],[34.114765899000076,-0.780303936999928],[34.11916589900005,-0.777703936999956],[34.12506589900005,-0.777803936999931],[34.13066452600003,-0.777779901999963],[34.13356639800003,-0.777616661999957],[34.14116589900004,-0.777103936999936],[34.146365899000045,-0.774603936999938],[34.148577438000075,-0.771611628999949],[34.15086589900005,-0.768503936999934],[34.15616589900003,-0.765903936999962],[34.16256589900007,-0.764903936999929],[34.16916589900006,-0.762703936999969],[34.17456589900007,-0.75810393699993],[34.17846589900006,-0.754303936999975],[34.18446589900003,-0.750703936999969],[34.18786589900003,-0.748603936999928],[34.189765899000065,-0.74610393699993],[34.19386589900006,-0.74390393699997],[34.19848320700004,-0.742490474999954],[34.20044372700005,-0.743138325999951],[34.19796589900005,-0.736803936999934],[34.20346589900004,-0.729303936999941],[34.22436589900008,-0.719103936999943],[34.23526589900007,-0.711503936999975],[34.27016589900006,-0.689203936999945],[34.28996589900004,-0.672903936999944],[34.29065273700007,-0.672483170999953]]]}},{"type":"Feature","properties":{"country":"Kenya","admin_level":"Admin2","name":"Ugunja"},"geometry":{"type":"Polygon","coordinates":[[[34.348718302000066,0.139216831000056],[34.352608856000074,0.139875511000071],[34.357265899000026,0.140996063000046],[34.36216589900005,0.142196063000029],[34.366665899000054,0.14509606300004],[34.37146589900004,0.146196063000048],[34.378065899000035,0.147296063000056],[34.38426589900007,0.150196063000067],[34.38826589900003,0.153796063000073],[34.39526589900004,0.149196063000034],[34.400365899000064,0.146196063000048],[34.40596589900008,0.143496063000043],[34.41046589900003,0.138996063000036],[34.41636589900003,0.137796063000053],[34.41706589900008,0.144696063000026],[34.41966589900005,0.149896063000028],[34.42386589900008,0.152546063000045],[34.42570052800005,0.152605595000068],[34.42793188600007,0.153142320000029],[34.43022154500005,0.15419616600002],[34.43188456300004,0.154830449000031],[34.433576007000056,0.156190067000068],[34.434910538000054,0.157194301000061],[34.43655416900003,0.159158838000053],[34.43776172200006,0.160609787000055],[34.438922055000035,0.16219796300004],[34.43989151400007,0.163858609000044],[34.440922992000026,0.165399389000072],[34.44111628700006,0.167575047000071],[34.439306259000034,0.16961198100006],[34.43808424700006,0.171334702000024],[34.43678030500007,0.172818650000067],[34.435183739000024,0.173616041000059],[34.42955382500003,0.178274697000063],[34.42959661500004,0.180258846000072],[34.429159784000035,0.182770491000042],[34.42766338600006,0.183517818000041],[34.42641151600003,0.184706666000068],[34.426815146000024,0.187107869000045],[34.427824944000065,0.188834772000064],[34.42938796300007,0.190038101000027],[34.430566905000035,0.19137859600005],[34.43091680800006,0.194473171000027],[34.43181178100008,0.196418007000034],[34.43319436100006,0.198503373000051],[34.434739207000064,0.200087899000039],[34.43544046300008,0.201513288000058],[34.437373466000054,0.202283162000072],[34.43951578900004,0.202947721000044],[34.441351928000074,0.202893235000033],[34.44310116500003,0.202953683000032],[34.44565881300008,0.203159238000069],[34.447542800000065,0.204199573000039],[34.448906057000045,0.205451270000026],[34.45071442300008,0.206585376000021],[34.45041115300006,0.20748439800002],[34.449257223000075,0.209036280000021],[34.448247328000036,0.211845616000062],[34.44721053300003,0.213976211000045],[34.44634533900006,0.215993680000054],[34.44461014600006,0.216689483000039],[34.44327566700008,0.218184949000033],[34.441286467000054,0.21794875300003],[34.439600590000055,0.21741269100005],[34.438045825000074,0.216630732000056],[34.43586656700006,0.215938311000059],[34.43370889200003,0.214444527000069],[34.43153549600004,0.213872686000059],[34.429615358000035,0.213062101000048],[34.42730619500003,0.211763581000071],[34.425701971000024,0.210372262000021],[34.424368550000054,0.209002625000039],[34.42309987600004,0.207321127000057],[34.42182167800007,0.205673963000038],[34.42099551000007,0.204241548000027],[34.41862376100005,0.203301666000073],[34.41678811600008,0.20260862300006],[34.41462326100003,0.201346086000058],[34.41296009600006,0.200553917000036],[34.41097630300004,0.198929896000038],[34.41018625500004,0.197117650000052],[34.40977665300005,0.195275074000051],[34.40869005600007,0.19344363600004],[34.40803163800007,0.191779920000045],[34.406174297000064,0.189997278000021],[34.40486414600008,0.188250436000033],[34.40301322600004,0.187264971000047],[34.40002378400004,0.185802901000045],[34.396560528000066,0.183864882000023],[34.394396337000046,0.18247053500005],[34.39213165500007,0.182084256000053],[34.39062686500006,0.181219760000033],[34.38871106100004,0.180465408000032],[34.38642542000008,0.179947854000034],[34.38459331700005,0.181069525000055],[34.38547181000007,0.18282584800005],[34.38647903100008,0.18524078300004],[34.38719131100004,0.187204],[34.388173478000056,0.18899847900002],[34.38883677500007,0.190891295000029],[34.39007471700006,0.192671251000036],[34.39070140500007,0.19522992900005],[34.39066033100005,0.197131513000045],[34.390026557000056,0.19995287100005],[34.39044140400006,0.201609455000039],[34.39092635800006,0.203207321000036],[34.391424276000066,0.204945058000021],[34.39191241300006,0.207577177000076],[34.39116949300006,0.210159648000058],[34.39062318300006,0.212423559000058],[34.39053887600005,0.214579352000044],[34.39062467900004,0.216630771000041],[34.38937042200007,0.21859708900007],[34.38790410300004,0.221148688000028],[34.38720129400008,0.22288153300002],[34.386262499000054,0.224439299000039],[34.38523700700006,0.22637598700004],[34.38445526400005,0.227991154000051],[34.38495986600003,0.229347695000058],[34.386986698000044,0.230357529000059],[34.38866113900008,0.231128787000046],[34.39032380900005,0.231886021000037],[34.39216191100007,0.23261461900006],[34.39412131300003,0.233050372000037],[34.396430044000056,0.233258515000045],[34.39773562900007,0.234915571000045],[34.39850419600003,0.236982644000022],[34.399512525000034,0.239115644000037],[34.39892595400005,0.241420966000021],[34.39785055800007,0.243678230000057],[34.39774757200007,0.245757269000023],[34.39775276800003,0.247991288000037],[34.397743293000076,0.250452958000039],[34.39826591100007,0.252527832000055],[34.39842324400007,0.25420794300004],[34.39923919700004,0.257200327000021],[34.40008568600007,0.259055137000075],[34.400609951000035,0.261057838000056],[34.40009599000007,0.262944125000047],[34.397103093000055,0.265057528000057],[34.395044658000074,0.266995076000057],[34.393671004000055,0.268149273000063],[34.39075373500003,0.270618292000051],[34.38943390800006,0.272309356000051],[34.388214720000065,0.27496586500007],[34.38396589900003,0.277496063000058],[34.381910901000026,0.271937323000031],[34.37860931600005,0.27119758300006],[34.374365899000054,0.272096063000049],[34.36966589900004,0.275496063000048],[34.36676136700004,0.273405695000065],[34.36516589900003,0.271196063000048],[34.36549769000004,0.269138576000046],[34.36471643800007,0.264686371000039],[34.36128539400005,0.263925174000065],[34.359131113000046,0.263166515000023],[34.355470998000044,0.262581899000054],[34.35236589900006,0.260796063000043],[34.348665899000025,0.257496063000076],[34.34826589900007,0.25529606300006],[34.34533705300004,0.252740294000034],[34.341068379000035,0.252210140000045],[34.337760496000044,0.252372291000029],[34.33424187600008,0.252785626000048],[34.32836589900006,0.250396063000039],[34.32296589900005,0.24839606300003],[34.317639162000035,0.246879841000066],[34.314165899000045,0.245996063000064],[34.31086245100005,0.24480468400003],[34.306165899000064,0.243996063000054],[34.30216313900007,0.242555941000035],[34.300765899000055,0.239396063000072],[34.30127368500007,0.237485624000044],[34.301640931000065,0.233196955000039],[34.30054003400005,0.22940393500005],[34.29966027900008,0.227570388000061],[34.29732989900003,0.223804063000046],[34.29498905100007,0.221075635000034],[34.29356589900004,0.219396063000033],[34.29235230100005,0.21420246200006],[34.29129506800007,0.212081853000029],[34.28856589900005,0.20679606300007],[34.28484760400005,0.204146374000061],[34.28026589900003,0.20359606300002],[34.277065899000036,0.200596063000035],[34.27477658200007,0.198877072000073],[34.272047549000035,0.197741327000074],[34.27000033100006,0.196927199000072],[34.265321491000066,0.19515453300005],[34.26205781400006,0.195532997000043],[34.26006589900004,0.195552473000021],[34.255065899000044,0.195196063000026],[34.25486589900004,0.190096063000055],[34.25123214100006,0.187598614000024],[34.24926589900008,0.187796063000064],[34.24636031600005,0.191099661000067],[34.244998793000036,0.192232481000076],[34.242286630000024,0.194695330000059],[34.23841107700002,0.195734713000036],[34.23684476500006,0.194616384000028],[34.232848078000075,0.191324202000033],[34.23104939700005,0.190331130000061],[34.22616589900008,0.187796063000064],[34.226625899000055,0.184751063000022],[34.22534901700004,0.180585338000071],[34.225665899000035,0.176596063000034],[34.22546589900003,0.170896063000043],[34.222561522000035,0.168001024000034],[34.219465899000056,0.166896063000024],[34.21616589900003,0.161796063000054],[34.21736589900007,0.159896063000076],[34.22134928300005,0.159451407000063],[34.22464236800005,0.157630716000028],[34.226972500000045,0.155429860000027],[34.22957059600003,0.152289389000032],[34.233090669000035,0.151119375000064],[34.23588338900004,0.149849203000031],[34.24129223400007,0.15131466400004],[34.243746431000034,0.15151220100006],[34.24822845700004,0.151492660000031],[34.25622626000006,0.150595932000044],[34.26226750400008,0.149906011000041],[34.264663073000065,0.149546675000067],[34.27067840900003,0.150090756000054],[34.27732430700007,0.151492660000031],[34.28297347700004,0.155548373000045],[34.287443257000064,0.156043887000067],[34.29204007800007,0.155234750000034],[34.29608901200004,0.155645913000058],[34.299069082000074,0.155284750000021],[34.30516589900003,0.155496063000044],[34.30846953400004,0.153290277000053],[34.312069327000074,0.151997836000021],[34.318040567000025,0.149435580000045],[34.323224442000026,0.145672706000028],[34.328618928000026,0.145582213000068],[34.33751906800006,0.144517793000034],[34.34027099600007,0.144897461000028],[34.34527587900004,0.140502930000025],[34.348718302000066,0.139216831000056]]]}},{"type":"Feature","properties":{"country":"Kenya","admin_level":"Admin2","name":"Vihiga"},"geometry":{"type":"Polygon","coordinates":[[[34.67281092500008,0.081744428000036],[34.67323398900004,0.079443621000053],[34.673950380000065,0.077237338000032],[34.673185027000045,0.075098995000076],[34.673308399000064,0.073123274000068],[34.67375491800004,0.070825405000051],[34.67371519000005,0.068682719000037],[34.67253036100004,0.066781448000029],[34.67065719100003,0.06649799500002],[34.668221980000055,0.065747930000043],[34.66576174800008,0.064893362000021],[34.66542371200006,0.063232102000029],[34.664255972000035,0.06166687800004],[34.66412474500004,0.059714550000024],[34.664089053000055,0.057675747000076],[34.66386441100008,0.055763882000065],[34.66201486800003,0.055089856000052],[34.659882881000044,0.054650435000042],[34.66047031800008,0.053049822000048],[34.66116626500008,0.051418590000026],[34.66229479400005,0.049526609000054],[34.65919487800005,0.042314845000021],[34.65510420000004,0.035545413000023],[34.65276489100006,0.031191920000026],[34.65094644100003,0.027648657000043],[34.64790334400004,0.022975823000024],[34.64483950700003,0.019107407000035],[34.64224133000005,0.016405794000036],[34.63916287100005,0.014677751000022],[34.635649700000045,0.013262302000044],[34.633086268000056,0.011968797000065],[34.63025580000004,0.010504498000046],[34.62859619900007,0.008869253000057],[34.62671524500007,0.006770330000052],[34.62654209500005,0.004868151000039],[34.62878103600008,0.004193956000051],[34.63086935700005,0.003845924000075],[34.633044132000066,0.00213278800004],[34.63543558900005,0.002332889000058],[34.63739483100005,0.001857038000026],[34.639180304000035,-0.000119766999944],[34.64103903400007,-0.001094576999947],[34.642643563000036,-0.001455195999938],[34.64934888400006,-0.003876361999971],[34.651030879000075,-0.004865147999965],[34.65294754900003,-0.004983503999938],[34.67134640100005,-0.013436353999964],[34.68092326300007,-0.011015675999943],[34.686149165000074,-0.009651521999956],[34.688474892000045,-0.008972509999978],[34.69046695500003,-0.010242663999975],[34.69193411300006,-0.010962886999948],[34.693258667000066,-0.013040304999947],[34.692755445000046,-0.015470001999972],[34.69153677500003,-0.017451975999961],[34.69000791700006,-0.01910630499998],[34.688940943000034,-0.020588827999973],[34.68810977900006,-0.022380471999952],[34.68877470600006,-0.023656365999955],[34.69080467500004,-0.022130078999965],[34.69319657300008,-0.020230070999958],[34.694657723000034,-0.018585610999935],[34.69696427800005,-0.017732525999975],[34.69875438500003,-0.018463096999938],[34.700481952000075,-0.018697146999955],[34.702275,-0.018854818999955],[34.70570029400005,-0.018985503999943],[34.70761088900008,-0.019432510999934],[34.70966474800008,-0.018697110999938],[34.71118582100007,-0.015949780999961],[34.71253899300007,-0.013658175999979],[34.71408532800007,-0.012043089999963],[34.71449375800006,-0.010070807999966],[34.71505474200006,-0.008243068999946],[34.71635557500008,-0.007371205999959],[34.71763735400003,-0.006373432999965],[34.719735316000026,-0.006014473999926],[34.721717014000035,-0.005152259999932],[34.72402828400004,-0.004157260999932],[34.72251500800007,0.000519906000022],[34.72008634100007,0.003527332000033],[34.716309239000054,0.008128290000059],[34.715038253000046,0.009371148000071],[34.714083284000026,0.01090289900003],[34.71450136000004,0.012379051000039],[34.71590992500006,0.013772540000048],[34.717319201000066,0.014995055000043],[34.71869899100005,0.016461665000065],[34.71951386400008,0.018390116000035],[34.721183343000064,0.020109957000045],[34.72312901300006,0.020718869000063],[34.724223763000055,0.022179487000074],[34.72335579800006,0.02342826000006],[34.724715296000056,0.024849329000062],[34.72559600100004,0.026910477000058],[34.72606477800008,0.028941790000033],[34.72732395700007,0.030757465000022],[34.72782998300005,0.032997564000027],[34.72767811400007,0.035343044000058],[34.72743084200005,0.037509990000046],[34.72727512800003,0.03974899800005],[34.727127117000066,0.042239883000036],[34.726897026000074,0.044466274000058],[34.72629488700005,0.046100704000025],[34.727208906000044,0.047960226000043],[34.728568102000054,0.049433734000047],[34.73059854400003,0.050812844000063],[34.73308783400006,0.05288785800002],[34.73461786400003,0.054883863000043],[34.73620897400008,0.05706705700004],[34.737643680000076,0.059156694000023],[34.73983362300004,0.061426733000076],[34.74370041200007,0.065601575000073],[34.74573149400004,0.065922784000065],[34.74873839700007,0.066862140000069],[34.748239855000065,0.069103308000024],[34.74916159000003,0.070736174000047],[34.748444291000055,0.072744198000066],[34.74674625400007,0.074899916000049],[34.74611043300007,0.076563770000064],[34.74516016600006,0.078315480000072],[34.74446098400006,0.079821934000051],[34.744050737000066,0.08219286800005],[34.74213589300007,0.085473487000058],[34.74023410600006,0.08628729000003],[34.738353526000026,0.085678521000034],[34.73600947500006,0.08488849500003],[34.73428340900006,0.084488599000053],[34.73129102400003,0.084474901000021],[34.72866499600008,0.084663896000052],[34.725024086000076,0.085063160000061],[34.72240748200005,0.085483887000066],[34.72061198600005,0.085633306000034],[34.71864379800007,0.085505572000045],[34.71660389800007,0.08546336400002],[34.71459655600006,0.085309735000067],[34.71249385300007,0.085091098000021],[34.71084211700003,0.084416545000067],[34.70747956300005,0.083137319000059],[34.701879914000074,0.082244969000044],[34.69908015900006,0.082245045000036],[34.69323487100007,0.083896349000042],[34.68749257800005,0.08566040200003],[34.682509166000045,0.086132667000072],[34.67789575300003,0.086696472000028],[34.67434575100003,0.085758440000063],[34.67342927800007,0.083891678000043],[34.673236915000075,0.08288630200002],[34.67281092500008,0.081744428000036]]]}},{"type":"Feature","properties":{"country":"Uganda","admin_level":"Admin1","name":"Iganga"},"geometry":{"type":"Polygon","coordinates":[[[33.40894269,0.903237721000153],[33.40540344300018,0.905119920000175],[33.401768640000114,0.90650453600017],[33.39679267500003,0.908178701000054],[33.39610359800014,0.906595636000077],[33.39522536200013,0.904999025],[33.395058571000106,0.904686810000044],[33.394583256000146,0.90384548000003],[33.39401636000014,0.902823218000037],[33.39344328900006,0.901837144000126],[33.39230276899997,0.89990118500009],[33.38902857000005,0.894271063000019],[33.388371636000045,0.893206737000071],[33.388025226000025,0.892617484000084],[33.38508953000013,0.888565908000032],[33.38451705199998,0.887785758000177],[33.38280128600013,0.885435841000174],[33.38011420300012,0.882142963000035],[33.37886982100002,0.880623172000128],[33.37777932300003,0.879418896000118],[33.37446581300014,0.875795505000099],[33.37173801100005,0.872841498000184],[33.37094804100002,0.871993001000078],[33.36660981800003,0.867560570000023],[33.36428349100015,0.865160119000109],[33.364071259000184,0.864936900000032],[33.36215783800009,0.863037183000131],[33.362040395,0.862593884000148],[33.362111684000126,0.862069142000053],[33.36299057000002,0.859798222000109],[33.36358417400015,0.8583144320001],[33.363678048000054,0.858070831000077],[33.36476013700019,0.85525638200005],[33.36594789000014,0.852144048000071],[33.36784193500006,0.84728850200014],[33.36819255700016,0.846389845000147],[33.36871122100007,0.844963214000131],[33.36977221600017,0.841440904000024],[33.36981763300014,0.841273807000107],[33.370389874000125,0.838934785000049],[33.37082940800008,0.835804431000042],[33.37120937200007,0.83238457300007],[33.37183857100018,0.827146216000131],[33.37193220400019,0.82654067600015],[33.373181056000135,0.820840230000101],[33.373575133000145,0.819542133000084],[33.373584808000146,0.819510261000119],[33.37382233699998,0.818659807000074],[33.37483747100015,0.81527175400015],[33.37496620400003,0.814850853000053],[33.37552096500002,0.813080577000107],[33.37672361200015,0.809468695000078],[33.37846589500015,0.804753915000049],[33.37870324199997,0.803924153000139],[33.379101853,0.802995249],[33.38055946100019,0.799712192000072],[33.38232329600004,0.795972383000162],[33.384605960000044,0.792042113000036],[33.385790561000135,0.790134960999978],[33.38715966800015,0.787644968000109],[33.3882283960001,0.785319754999989],[33.38904828300019,0.783003613000062],[33.39040219000003,0.778868949000071],[33.39100745000019,0.775982858000077],[33.39107811100007,0.774947742000052],[33.391146399000036,0.773948615999984],[33.39129458500008,0.771779528000138],[33.39156563200004,0.768111806000036],[33.39160025000007,0.765294149000056],[33.391625257000044,0.763238095000133],[33.3922793480001,0.762851362],[33.39412983800008,0.76192333400013],[33.39697983500008,0.760611237000035],[33.39937933700003,0.759290134000082],[33.40175456600019,0.756693390000123],[33.40261333200016,0.755743362000032],[33.40324907100012,0.754494801000021],[33.40353828500008,0.753780052000138],[33.40375179900013,0.75331206900006],[33.40411721300018,0.751690114000041],[33.40486745600015,0.749527784],[33.40475887700018,0.7476912300001],[33.4044823160001,0.747228628000016],[33.40430698700004,0.74665271900011],[33.404286893000176,0.746223735000115],[33.4043215480001,0.746011487000146],[33.40429355700019,0.745230459000027],[33.404315995000104,0.744895714000108],[33.404384479999976,0.744425257000159],[33.40464262000006,0.743664927000168],[33.404878221000104,0.743276294000054],[33.405339423000044,0.742806891000043],[33.40627994700009,0.742105118000154],[33.4063671240001,0.742009386],[33.406355186000155,0.741886045000058],[33.406392154,0.741595539000173],[33.40666285900011,0.741322981000167],[33.40694361599998,0.741302768000025],[33.40729958200012,0.74135320400012],[33.40758535600014,0.74138345900019],[33.40786109800007,0.741368292000118],[33.408086707000166,0.741373318000171],[33.4083574280001,0.74126730800009],[33.4086181130001,0.741060361000109],[33.40909937800018,0.740696939999964],[33.409510469,0.74050007400001],[33.409801255000104,0.74051014000014],[33.41030263200008,0.740772531000118],[33.410688690000086,0.74094913600004],[33.41099451400015,0.740939013],[33.41130032300015,0.74076739100002],[33.41156602300009,0.740580631000057],[33.41183173200017,0.740484715000093],[33.41214757500006,0.74038374800017],[33.41272910600014,0.739979943000094],[33.41317868600004,0.739559941000152],[33.41319907000013,0.739539149],[33.41341734200006,0.738941867000165],[33.41355120500003,0.738703002000022],[33.41373167800015,0.738546532000043],[33.41392218300018,0.738455670000178],[33.41408761800011,0.738334528999985],[33.41427925000016,0.738097624000034],[33.41469558500006,0.736797583],[33.41545439100014,0.736173262000136],[33.415737829000136,0.735416435000161],[33.41577633000003,0.735139669000148],[33.41577686900018,0.735043800000142],[33.41596233400014,0.734670313000038],[33.41617253900006,0.734421588000146],[33.41722562900014,0.733458940999981],[33.417782065000154,0.732772513000043],[33.41789735100008,0.73251006400011],[33.418064351000055,0.73241511700013],[33.419305570000176,0.731522690000133],[33.41975601800016,0.731097434000105],[33.4199591580001,0.730767308000111],[33.42010311500019,0.730561758000022],[33.42071974500004,0.730223559000024],[33.42108070800015,0.730112493000036],[33.421322818000135,0.730090324000059],[33.421464619,0.729993526000044],[33.42151307600005,0.729868115000102],[33.42149679200014,0.72971375000003],[33.42150680300017,0.729547202000106],[33.421556925,0.729410931000075],[33.42172462600013,0.729324017000181],[33.42183361000008,0.729223791000038],[33.42197385400016,0.729094817000032],[33.42208831300013,0.728936474000022],[33.42223685600004,0.728853519000154],[33.42225876300017,0.728835520000189],[33.422349009000186,0.728860746000123],[33.422384110000166,0.728936445999977],[33.42243425100014,0.729002050000076],[33.42251948600017,0.729052511000077],[33.42279155900002,0.729042210000046],[33.42288399600017,0.728965602000073],[33.42327647400009,0.728502329000037],[33.42383293400013,0.728083385000048],[33.42411367800008,0.72795214000007],[33.42462503600012,0.72774517],[33.42563839500002,0.727300323000065],[33.42590843099998,0.727088952000088],[33.426149068000086,0.726967804000026],[33.42627440200016,0.726932464000072],[33.42639974000008,0.726932452000085],[33.42649499800012,0.726947584000129],[33.4266353750001,0.726942524000037],[33.4268659760001,0.726725486000021],[33.42729209100008,0.726382257000125],[33.42748259900003,0.726321677000101],[33.427622976,0.726311570000064],[33.427788421000116,0.726311554000063],[33.42796389300008,0.726306490000184],[33.428114291999975,0.726245913000071],[33.42821012300004,0.726206860000104],[33.428435123000156,0.725892601000112],[33.42862561800001,0.725705848000018],[33.42885622700004,0.725569561000043],[33.42901218600002,0.725404038000136],[33.429116901999976,0.725281864000124],[33.42925727000005,0.725175866000086],[33.42939764200014,0.725125383000034],[33.42956307700007,0.725019383000188],[33.42977130100007,0.724849888999984],[33.42982375700012,0.724777108000126],[33.429880843000035,0.724537246000182],[33.42991397100013,0.724474286000088],[33.43005935500008,0.72439352300006],[33.43024986300003,0.72434808200012],[33.43052058000012,0.72421179100013],[33.430816357000026,0.724014934000081],[33.431206207000116,0.723632494000071],[33.431584715000156,0.722800126000152],[33.43175371800004,0.722298906000049],[33.431899098000144,0.722177767000062],[33.43199757700006,0.722109333999981],[33.43206052500011,0.721937621999984],[33.43216477600009,0.721784086000071],[33.43217184400015,0.721681925999974],[33.432195439000054,0.721523849000164],[33.43206948200003,0.721390438000014],[33.43199929000008,0.72135511700003],[33.43182881400003,0.721178492999968],[33.431537998000124,0.720820192000076],[33.43143770600017,0.720593092000115],[33.43142766600005,0.720451781000065],[33.431452719000106,0.720295325000109],[33.431437669000104,0.720199436000087],[33.43135744900019,0.720154022000031],[33.43116192600007,0.72018432200008],[33.43107167900018,0.720143955000026],[33.43099145800005,0.720078353000076],[33.43097139200012,0.719952184000022],[33.430961357000115,0.719871435000186],[33.43095132400009,0.719805826000027],[33.4308711,0.719720037000116],[33.430760795000026,0.719634250000013],[33.43059033300017,0.719603985000106],[33.43032961900008,0.719472791000101],[33.43010399800016,0.719321407000166],[33.42995357400014,0.719119546000059],[33.42987450600015,0.718649847],[33.42996827100018,0.718267692000097],[33.43007379900001,0.718059690000132],[33.43029938300003,0.717812372000083],[33.43063341700014,0.71754413900004],[33.43079567200016,0.717322778000096],[33.43076558100006,0.717216796],[33.430645249000065,0.71713101],[33.430527475000076,0.717059178000113],[33.43051488500009,0.716984663000062],[33.43058004800008,0.716853438000157],[33.43069033600017,0.716767631000096],[33.430875829000115,0.716696957000067],[33.431061321000016,0.716626284000029],[33.43125341900014,0.716505660000166],[33.431311976000075,0.716409243999976],[33.431301936000125,0.716272979000166],[33.431269692000114,0.716179010000133],[33.43130692900013,0.716066057000091],[33.43142653900003,0.715943504],[33.43151747600001,0.71584902100011],[33.43148237200012,0.715748087000065],[33.431369721000124,0.715696416000185],[33.431362998000054,0.715681452000183],[33.43132544400015,0.71559785900007],[33.43129265699997,0.715524560000176],[33.43131528400016,0.715390980000109],[33.43133923200003,0.715349129000117],[33.431366147,0.715302096000073],[33.43142143299997,0.715206526000145],[33.43147729600008,0.715081900000143],[33.43138947000011,0.714929159000178],[33.43131683400014,0.714758915000118],[33.43132183000017,0.714572180000062],[33.431467202000135,0.714370291000137],[33.43176797700005,0.713996794000025],[33.43180014900008,0.713920447000021],[33.431863215000135,0.713810051000166],[33.43183312200006,0.713683881000179],[33.431810381,0.71362503],[33.43182809400014,0.713522382000065],[33.43192333100012,0.713310403000037],[33.43229674700012,0.71283905700011],[33.43250885900005,0.712386847000175],[33.432670210000026,0.711927489000175],[33.432610037000074,0.711811417000149],[33.43257993999998,0.711634779000121],[33.43258994600012,0.71140262199998],[33.43256581100019,0.711223673],[33.43254981200016,0.71113514100017],[33.43262829800011,0.711008364000065],[33.43270521200009,0.710938298000144],[33.432765362000055,0.710812120000185],[33.432690154000056,0.710746518000064],[33.43255979800011,0.710696062000125],[33.43239434600008,0.710610281000072],[33.43231913300019,0.710504303],[33.432248922000156,0.710272153000176],[33.43223887000005,0.709994576000042],[33.43233912700009,0.709858301],[33.432492506000074,0.709757619000015],[33.432589783000026,0.709661449000066],[33.432569716000046,0.709520139000119],[33.432454399,0.709449494000012],[33.432349105000185,0.709333425000125],[33.432344077000096,0.709182019000025],[33.43242428200011,0.709070980000149],[33.432569658000034,0.708904420000067],[33.43255961200009,0.708697499000095],[33.43238912000004,0.708344234000094],[33.432023106000145,0.708011174000035],[33.43194287300014,0.707824447000121],[33.431566835000126,0.707541858000127],[33.431486606000135,0.707390459000123],[33.431491608000044,0.707269333000056],[33.431556770999975,0.707143155999972],[33.43154171800006,0.706996798000148],[33.43146149500012,0.706921102000081],[33.43134116900012,0.706890832000056],[33.43123618000004,0.706800621000184],[33.4312809810001,0.70661326000004],[33.43138625600017,0.706517358999974],[33.43152160900013,0.706406315000038],[33.43168202700008,0.706259940999985],[33.43177225400012,0.706098432000033],[33.43177224500005,0.70599749400003],[33.43171708900013,0.705916750000142],[33.431551634000186,0.705795640000076],[33.43134605800003,0.705548362],[33.431205656000145,0.705285938000145],[33.43111539200015,0.705053790000136],[33.43108028100016,0.704867059000037],[33.43107713900008,0.704654352000148],[33.431093844000145,0.70458061800008],[33.43113539900014,0.704539007000108],[33.43113538900013,0.704433022000103],[33.43111532600017,0.704332086000079],[33.43104011000014,0.704180687000076],[33.430839549000154,0.703943503],[33.43074929300013,0.70379715200005],[33.43063395300004,0.703469116000122],[33.43046848900019,0.70325716200017],[33.430222818,0.703146154000024],[33.43007411400015,0.70311861600004],[33.42998449600003,0.703056480999976],[33.42990192600013,0.702813090000177],[33.42979161500011,0.702661694000085],[33.42963117800008,0.702591052000116],[33.42946862000014,0.702564480000035],[33.42938402300018,0.702515216000052],[33.429300267000144,0.702353880000032],[33.42912980600016,0.702328660999967],[33.42897438600011,0.702303441000026],[33.42877383200005,0.702136912000185],[33.428553212000054,0.701839167000173],[33.42830750800016,0.701359737000132],[33.42812700200017,0.701127597000095],[33.42797158100018,0.70109228299998],[33.42778107100003,0.701117535000151],[33.42760058600015,0.701112505000083],[33.42749937600013,0.700987729000076],[33.427374937000025,0.700653260000024],[33.427389942000104,0.700259601000027],[33.427710762000174,0.699676141000054],[33.428046606000066,0.699154274000136],[33.428141852000124,0.699043234000044],[33.42819196600004,0.698806027000046],[33.428118062000124,0.698603863000187],[33.428046541000185,0.69844266500013],[33.42798636500015,0.69828117000003],[33.427967700000124,0.698173860000054],[33.42799140500006,0.697957324000072],[33.42803965400003,0.697870737000073],[33.428304922000166,0.697378061000165],[33.428402383000105,0.697180912000135],[33.42843745700003,0.696948752000083],[33.42844745700012,0.696661079000023],[33.428123800000094,0.696269627000106],[33.42798114400017,0.695989888000156],[33.427847789000054,0.695631351000088],[33.42783064900004,0.694975479000163],[33.42783061000017,0.694551539999964],[33.427723844000184,0.694361662000063],[33.427714350000144,0.694346836000079],[33.427454555000054,0.694062028000189],[33.42734424200006,0.693875303000084],[33.427264002000186,0.693592686000045],[33.427168700000095,0.693082959000094],[33.42712914700013,0.692907172],[33.42709655600015,0.691957540000146],[33.42713342800005,0.691099539000106],[33.427093288000094,0.690741214000013],[33.427038123000045,0.690549438000119],[33.426909411000054,0.6903954550001],[33.42676737100004,0.690276931000085],[33.42671434500005,0.690183503000128],[33.42672223300019,0.690080106000039],[33.42687478200014,0.689898218999986],[33.426922752000166,0.689868118999982],[33.4269979390001,0.689701565000064],[33.426942774000054,0.689509789],[33.42685753000012,0.689338203000034],[33.42666199900003,0.689272611000092],[33.426556713000025,0.689232246000074],[33.42643136800018,0.68915150700002],[33.426293249000025,0.688995716000022],[33.42628595300016,0.688863848000096],[33.42617063600011,0.688793202000113],[33.42602524200015,0.688747793],[33.42590463700003,0.688603937000039],[33.425926281000045,0.688478489000147],[33.4260402430001,0.688303666000138],[33.426105404000054,0.688152254000045],[33.42605024800008,0.688066462000052],[33.42593994500015,0.687980675000119],[33.4257644760001,0.688005926000187],[33.42558900200015,0.687970613],[33.42549374100014,0.687915106000162],[33.425343326000075,0.687783900000113],[33.424936477000074,0.687223035000159],[33.42491712900005,0.687198500000022],[33.42521067000007,0.687077425000041],[33.425263027000085,0.686840141000118],[33.425190636000025,0.686476676000154],[33.42525939600006,0.686242396000125],[33.42527800500005,0.686138623000147],[33.425366268000175,0.686080827000183],[33.425370372000145,0.686076769000181],[33.42552365300014,0.686022523000133],[33.42564396000006,0.685835777000136],[33.42548024800004,0.685666712000113],[33.42543838900019,0.68560868600008],[33.425421704000144,0.685393221000083],[33.42542332100004,0.685310921000053],[33.42517764700011,0.685144396000055],[33.42501719899997,0.684942536000051],[33.424901859000045,0.684599358000071],[33.42492017400002,0.684470764000082],[33.42497703400011,0.684286445],[33.42516252400003,0.684195584000065],[33.42541319500009,0.684190515000068],[33.4254426760001,0.684198759000026],[33.4255886680001,0.684205640000187],[33.4257541020001,0.684089547000042],[33.42573904300019,0.68388262600007],[33.42574403500009,0.683630281000092],[33.425839274000055,0.683458679000069],[33.42617639300016,0.683047731000045],[33.42629544800013,0.682883294000021],[33.42641073300018,0.682605705000014],[33.42637562100009,0.682403833000023],[33.4261299420001,0.682171698000104],[33.42550821900011,0.6815661280001],[33.42548815500004,0.681445005000114],[33.425508185000126,0.681172472000014],[33.42532768100011,0.680950425000049],[33.425046906000034,0.680703153000024],[33.424985387,0.680511918000093],[33.425017572000115,0.680356964000055],[33.42517719600016,0.680026859000179],[33.42515209300012,0.679613017000065],[33.425086897000085,0.679375820000075],[33.425016680000056,0.679057872000044],[33.424946470000066,0.678805534000105],[33.424896322,0.678654133000123],[33.42491608000006,0.678502570000092],[33.424983742000165,0.678377615000159],[33.42509181100013,0.678240271000163],[33.425141926000094,0.678023250000024],[33.42513618200013,0.677645897],[33.42517168200004,0.677616587000045],[33.42527724000007,0.67746303500013],[33.42538251700017,0.677397416000133],[33.425362456000016,0.677316667000127],[33.42525716200004,0.677180411000052],[33.42522205400013,0.677023961000032],[33.425247085000024,0.676615160999972],[33.42513173300006,0.67611553100005],[33.424600245000136,0.675409014000081],[33.424214160000076,0.674838750000163],[33.42418905300019,0.674374439000019],[33.42428428200003,0.674066571000139],[33.424389520000034,0.673561873000153],[33.42437944700015,0.673031952000088],[33.42434933900017,0.67271904800009],[33.42435431600012,0.672300156000119],[33.42449966800007,0.671861065000087],[33.424574832000076,0.671432073000119],[33.42456976300008,0.670775979000041],[33.424434358000155,0.670301584000129],[33.42435914300006,0.670145138000123],[33.424208725000085,0.669968510000103],[33.42335136600008,0.669272115000126],[33.423266117000026,0.669034919000012],[33.423251049000044,0.668722013000092],[33.42319589300013,0.66863117500003],[33.42307803800003,0.66849579400008],[33.42307577100013,0.668491025000151],[33.42302039000003,0.668252673000154],[33.42304042800009,0.668060890000163],[33.42314568600011,0.667773209000075],[33.42308548900019,0.667369463000057],[33.42304536200015,0.667127217000086],[33.4230102460001,0.666879921999964],[33.42298515600015,0.666612440000051],[33.42295505900006,0.666420661000075],[33.42273944800007,0.666037116000041],[33.42259403100002,0.665714129000037],[33.422413497000036,0.665133752000088],[33.42224799700017,0.664462531000083],[33.42224292500015,0.663771109000038],[33.4221827450001,0.663564192000081],[33.422067415000186,0.663306810999984],[33.42184178200006,0.662978783000028],[33.42158605800006,0.66251953800014],[33.421510835000106,0.662267200000031],[33.421485748000066,0.662029999000083],[33.42155090400013,0.66182811800013],[33.421545863000176,0.661500071000091],[33.42150574100003,0.661328480000179],[33.42141548500007,0.661156894000044],[33.42129514800013,0.660985310000058],[33.42122995500017,0.660768300000029],[33.42119483800019,0.660495771000114],[33.42103940200013,0.660268674000065],[33.42081378000012,0.660061772000176],[33.42073855400008,0.659774105999986],[33.42072851600017,0.659627747000059],[33.42068338000013,0.659461204000081],[33.42050287500001,0.659208875000047],[33.42041261900005,0.659032240999977],[33.42039755900004,0.658805133000044],[33.4204326310001,0.658537646000013],[33.42039751800013,0.658315585000025],[33.42028720800005,0.658149047000109],[33.42006158300012,0.657896723000022],[33.419850989999986,0.657553552000138],[33.419780778000074,0.65727093300012],[33.41977575200019,0.657119526000088],[33.41968047600011,0.656872237000186],[33.419540087000144,0.656720843000073],[33.419394684999986,0.656569448000084],[33.41925894100012,0.656374628000094],[33.419224192,0.656140477000179],[33.41920412700006,0.655999167000061],[33.41919909600006,0.655792245000157],[33.41915397000008,0.655726639000079],[33.41907875800007,0.655605520000051],[33.41900856000012,0.655484401000081],[33.41895841100012,0.655317858000046],[33.41897344100016,0.655181591000087],[33.41884308200008,0.655065523000076],[33.41853724400005,0.654843486000061],[33.418168842000114,0.654773706000185],[33.417910548000066,0.654641664000053],[33.417699974000186,0.65453065000014],[33.417604707000066,0.654384298000082],[33.41758464600008,0.654298503],[33.41751444700003,0.654162242000041],[33.417348995000054,0.654056272000162],[33.41718437600019,0.654008641000189],[33.41709830700006,0.653859464],[33.41694286600011,0.653566758000125],[33.41692279500012,0.653349744000138],[33.41698294300011,0.653198332000045],[33.41712832200017,0.653072148000092],[33.417253641000116,0.652865215000077],[33.417273663000174,0.652481649000151],[33.41730371200009,0.652108177000173],[33.417328714000064,0.651305721000028],[33.417233444000146,0.651129088000062],[33.4170730030001,0.650997882000013],[33.416752130000134,0.650836407999975],[33.41653152800018,0.650700161000032],[33.416438950000156,0.650628548000043],[33.416391132000115,0.650452874000052],[33.41646632400011,0.650331743000095],[33.416566581000154,0.650200515000051],[33.41651142500018,0.650094536000097],[33.41639610600015,0.649973419999981],[33.41625071200019,0.649917917000096],[33.416130382000176,0.649832129000117],[33.415984977000164,0.649630266000031],[33.415934832000175,0.649494004000132],[33.415884683,0.649322414000153],[33.41584956900016,0.649080165999976],[33.41588597100014,0.648959508000132],[33.41596583500018,0.648844445000123],[33.41608015700001,0.648716771000011],[33.41615032800007,0.648514890000115],[33.41615031200007,0.648318061000111],[33.41613526000003,0.64817675],[33.416135243000156,0.647964781000155],[33.41632572500009,0.64762157600012],[33.41657134600007,0.647172383000168],[33.416641508,0.646859470000095],[33.41665653300009,0.646677781000108],[33.41670162600019,0.646339636000107],[33.41668151300007,0.645602792000034],[33.41656117400015,0.645390833000022],[33.416461806000086,0.645234527000014],[33.41649261400016,0.645174945000065],[33.416547933000174,0.645068850000087],[33.416796201000125,0.644888229000173],[33.41680910600002,0.644878839000114],[33.41701733200006,0.644623668],[33.41711256100018,0.644295613000168],[33.41688190700012,0.643851504999986],[33.41659612000018,0.643589091000138],[33.4162602080001,0.643432666000081],[33.41613450500006,0.643584741000154],[33.41610481300012,0.643690069000172],[33.415948423000145,0.643798615000094],[33.41585583400001,0.643947067000113],[33.415628568000045,0.644058531000098],[33.41540798300019,0.644124159000171],[33.41518739800017,0.644204927000089],[33.41486654600004,0.644280656999968],[33.41472115500005,0.644260481000117],[33.414635022000084,0.644153119000066],[33.414460437000116,0.644018253000127],[33.41429546400008,0.643889502000036],[33.41418466600015,0.643614524000043],[33.414259851000054,0.643412642000044],[33.414400218000026,0.643301599000154],[33.41458069400005,0.643210740000029],[33.414933112000085,0.64297939800008],[33.41503831000006,0.642779934999965],[33.41513714200005,0.642695912000022],[33.4151822500001,0.642534408000188],[33.415167201000145,0.642423377000171],[33.41508196500001,0.642337587000156],[33.41498670200008,0.642236657000126],[33.414921514000184,0.642075163000129],[33.41486527100005,0.641902740000148],[33.41488439000011,0.641834526000025],[33.415112506000185,0.641395844000101],[33.41517713000019,0.641217171000164],[33.415222236000034,0.64104052600004],[33.41526228800012,0.640359192000176],[33.41521711400014,0.639703101000123],[33.415161943999976,0.639420479000023],[33.4151168090001,0.639238795000097],[33.41507853400003,0.639084406],[33.41511678300009,0.63891579400007],[33.41527720400012,0.638814842999977],[33.41554290900018,0.638739118000046],[33.415723387000185,0.638678541000104],[33.41583868700013,0.638567500000079],[33.41581862500004,0.638466564000055],[33.41575845700004,0.638370678000115],[33.415678228000104,0.638209184000061],[33.415648040000065,0.638066607000098],[33.415709668000034,0.63783064900008],[33.4157097210001,0.637800301000084],[33.41579348300013,0.637532892000081],[33.41577341500005,0.63736129900002],[33.415728754000156,0.637180865000175],[33.41587228900005,0.636982780000039],[33.41598394600015,0.636952484000176],[33.416064154000026,0.636876774000143],[33.41612430100014,0.636705175000088],[33.416124274000026,0.636367034000045],[33.416034021000144,0.636220681000111],[33.41592372100007,0.636160127999972],[33.415838484000176,0.63605415000012],[33.41577518000008,0.635926722000022],[33.415808385000105,0.635816949000116],[33.415913659000125,0.635726096000155],[33.416049016000045,0.635660476000055],[33.41614426400008,0.635564577000025],[33.41618936800012,0.635357651000106],[33.416189356000075,0.635211291000076],[33.4161091310001,0.635085126000035],[33.41600885700018,0.635024571000088],[33.41595370500005,0.634964012000125],[33.415909552000016,0.634829720000027],[33.41591768799998,0.634777138000118],[33.41592946700018,0.634702629000117],[33.41601383800014,0.634615773],[33.41600881700015,0.634524929000122],[33.41594864400008,0.63436343300009],[33.415828303000126,0.634131286000184],[33.415637776000096,0.633904192000045],[33.41546230100005,0.633838597000022],[33.41527178900009,0.633823471000028],[33.41518154300013,0.63376291600008],[33.41513641400019,0.633646841000143],[33.4151414160001,0.633520669000177],[33.415116344000126,0.633450014000118],[33.415016072000185,0.63339955400005],[33.41495089400013,0.633359183000152],[33.414870673000166,0.633268346000023],[33.41485700900006,0.633174706000091],[33.41486063100018,0.633086659000185],[33.414900732000035,0.63301095300011],[33.41509429700017,0.632983418000038],[33.41512163100015,0.632936644000097],[33.41524162900009,0.632819143000063],[33.4152616720001,0.632687922000116],[33.415246623000144,0.632571845000029],[33.41515135800017,0.632455774000107],[33.414975878000064,0.632319523000092],[33.41486056100018,0.632208500000047],[33.414860549000025,0.632062141000119],[33.41489430000007,0.631955273000187],[33.41491830100017,0.631933792000098],[33.41504069400008,0.631824254000094],[33.41507610200017,0.631764357000179],[33.41505604200012,0.631683608000174],[33.415010916000085,0.631618002000039],[33.41492568200016,0.631537259000027],[33.414905622000106,0.631456510000021],[33.41492567000017,0.631380805000049],[33.415000866000184,0.631315190000066],[33.4151512630001,0.631264708000117],[33.41525653700012,0.631158716000073],[33.415341753000064,0.631007302000171],[33.41534675600019,0.630881130000034],[33.415371813000036,0.630760002000102],[33.415492120000124,0.630578303999982],[33.41589235100014,0.630077853999978],[33.41596834699999,0.62998273300002],[33.41595329800009,0.629876750000051],[33.415851149000105,0.629721698000026],[33.415806431000135,0.629335168000182],[33.41585296900007,0.629104584000117],[33.41587802200007,0.628927941000143],[33.41580280500017,0.628721024000185],[33.415672449000056,0.628635238000186],[33.41558544300011,0.628529769000068],[33.41563231600003,0.628312240000071],[33.41567241400014,0.628191112000025],[33.4156623770001,0.628064941000162],[33.415632286000175,0.627938770000128],[33.41553200800007,0.627807559000189],[33.41540156800011,0.627640377000034],[33.415376562000176,0.627429055000107],[33.415421674000186,0.627318020000075],[33.41549185100018,0.627186795000171],[33.415511877000085,0.626828465000187],[33.41553191200006,0.626601353000012],[33.41549178700018,0.626374247000058],[33.415491768000095,0.626142090000144],[33.41546668600017,0.625940216000117],[33.415548819000094,0.625515591000067],[33.415697256000044,0.625349712000116],[33.41577244500013,0.62519829900009],[33.415777445,0.625036798000167],[33.41575738200004,0.624910628],[33.415662114000156,0.624744088000114],[33.41554288300017,0.624449016000028],[33.415581865000036,0.624299968000116],[33.41552670900006,0.624193988000059],[33.41542141900004,0.624093059000131],[33.41527100700006,0.623961851000104],[33.41514566400008,0.623860924000041],[33.4150969320001,0.623597323000183],[33.41517069800017,0.623447076000048],[33.41520578400008,0.62334109],[33.415120545000036,0.62320483100018],[33.414995201000124,0.623083715000121],[33.41487988400013,0.622967646],[33.41483474800009,0.622780914000032],[33.41483473000011,0.622553805000166],[33.41478960000012,0.622442777],[33.41469433900011,0.622341846000097],[33.4145790180001,0.622185402000127],[33.41454892200005,0.62199866900005],[33.41454890100016,0.621721090000108],[33.414513776000035,0.621332483000174],[33.41446864700009,0.621221455000068],[33.41438340700017,0.621070055000132],[33.41423299600007,0.620938847000104],[33.41413271400012,0.620772308000085],[33.41412768400005,0.620560339000065],[33.414112617000114,0.620207058000062],[33.414057447000175,0.619924436000133],[33.413917044000186,0.619561072000067],[33.41363953100006,0.619271799000046],[33.41359530200003,0.619117703000086],[33.41369632000004,0.618949876000102],[33.413818977000176,0.618753403000142],[33.413813375000075,0.618427834999977],[33.41367952200011,0.618051759000139],[33.413367219000065,0.617451167000183],[33.41304378300015,0.617075104999969],[33.4129562760001,0.616996057],[33.412856190000184,0.616896324000038],[33.41279283800009,0.616749556000116],[33.41284542000017,0.616620167000178],[33.41284442500017,0.616593193000085],[33.412993546000166,0.616379067000139],[33.41304929100005,0.616193825000096],[33.41302139400017,0.615969297000163],[33.412965617000054,0.6157559990001],[33.412982329000045,0.615542694000112],[33.413144016,0.615334992000157],[33.41326667700014,0.615189038000153],[33.41339490900009,0.614986951000049],[33.413445071000126,0.614700672000083],[33.41345062500005,0.614425622000056],[33.413807454,0.613970922000078],[33.41402489200004,0.613639724000052],[33.414153119000105,0.613381505000063],[33.4142701880001,0.613027861000148],[33.41437053200008,0.612719125000183],[33.414359359000116,0.612455304000093],[33.41425339600016,0.612197103000142],[33.41425895600008,0.611995026000045],[33.41427566600004,0.611764881000113],[33.41433699100003,0.611613319000185],[33.41444849600009,0.611422460000085],[33.414454053000156,0.611186704000147],[33.41438154000008,0.6108611410001],[33.41443727899997,0.61058047500012],[33.41457665500013,0.610282962000156],[33.41464912800018,0.610080880000112],[33.41463238400007,0.609867578000035],[33.41448739300006,0.609671126000137],[33.41428664600005,0.609530811000184],[33.41415281200017,0.60939049000018],[33.41407473400011,0.609205259000021],[33.4140245370001,0.609025639000095],[33.41403010300007,0.608896534000166],[33.4140319980001,0.608823841000117],[33.41423976200008,0.608538986999974],[33.414409227000135,0.608335180000097],[33.41451515500006,0.608144322000101],[33.414554178000174,0.608009601000049],[33.41450397500017,0.60777946200011],[33.414437051000164,0.607605457000034],[33.41440916000005,0.607459515000187],[33.414425876,0.607302343000185],[33.41454294700003,0.606982378000055],[33.4146327520001,0.60663777700006],[33.41473572700016,0.606455019000066],[33.4148511730001,0.606275556000014],[33.41517768100016,0.605967377000184],[33.41560337400011,0.605062633000102],[33.41585870100016,0.604669622000188],[33.41585869300019,0.604574197000034],[33.41579734400017,0.604400190000092],[33.41595715800008,0.60400409600004],[33.41610955700014,0.603850069000146],[33.41614857299999,0.60364799000007],[33.41599800100016,0.603367338999988],[33.41559649800007,0.602940764000152],[33.41542920400008,0.602749926000172],[33.41535922200018,0.602652562000117],[33.41533948200009,0.602483624000172],[33.415362295000136,0.602463688000114],[33.41550723000012,0.602261569000177],[33.415685656000164,0.602182969000069],[33.415811612000084,0.602151499000115],[33.41587523200002,0.602087530000063],[33.415975587000105,0.601924738000093],[33.415992304000156,0.601790019000077],[33.41589191999998,0.601565497000138],[33.41578039000018,0.601430788000073],[33.41575326200007,0.601322714000048],[33.415819242,0.601216926000177],[33.41583677600005,0.60118905600018],[33.41598108800008,0.600948034000112],[33.415880684000115,0.600454077],[33.415707800000064,0.600078002999965],[33.415601840000136,0.599859094000067],[33.41554606500006,0.599657022000031],[33.41555719400003,0.599359519000018],[33.41554043300016,0.598916074000044],[33.41550696600012,0.59877013300013],[33.415434463000054,0.598573675000011],[33.41532273100006,0.598281835000023],[33.41533027400004,0.59817987200006],[33.4153672540001,0.598070187000133],[33.415428846000054,0.59802919100008],[33.415623992,0.597855165000112],[33.415663006000045,0.597625019000077],[33.41565184300009,0.597479076000127],[33.415685283000016,0.597260157000051],[33.41580794300006,0.597108591000165],[33.41598078900017,0.597001926000132],[33.41619266900011,0.596900871000173],[33.41621496100015,0.596738085000027],[33.41604208399997,0.596440597000139],[33.415891517000034,0.596238531000097],[33.41587477600018,0.596070136000094],[33.415877454000054,0.595947235000153],[33.41606434300013,0.595856818000016],[33.416175854000016,0.595744545000059],[33.41620927500003,0.595284257000174],[33.41618137400013,0.595003597000073],[33.416164627000114,0.59475100200001],[33.41618133700007,0.594515245000139],[33.416237083000055,0.594324390000054],[33.41633347100003,0.594099409000023],[33.41679834100012,0.593572719000122],[33.416900557000076,0.593448674000115],[33.41690612400009,0.593330796000089],[33.41687890900005,0.593225542000084],[33.41686149800012,0.59308943000002],[33.41694314800009,0.592943206000029],[33.41696286100006,0.59285798600007],[33.41726173600017,0.59252919000005],[33.41741903300016,0.592269854999984],[33.41743016900017,0.59206216400014],[33.41741342700004,0.591871315000049],[33.41733534500014,0.591624339000077],[33.41731302900007,0.591461556000183],[33.417285133000064,0.591253868000024],[33.41732972700004,0.591068628000187],[33.417508140000166,0.590821631999972],[33.41760505200017,0.590759177000052],[33.41769589000006,0.590607165999984],[33.417915145000165,0.590293956000039],[33.4179876070001,0.589951543000041],[33.41799874300017,0.58974385199997],[33.417976426000166,0.589564231000111],[33.41791507300013,0.589339706000089],[33.41785930200007,0.589171313000122],[33.417848140000046,0.589047822000111],[33.417864861000055,0.588952396000025],[33.417929694,0.588842070000169],[33.41805442500015,0.58869978600012],[33.41816594200003,0.588677325000106],[33.41834437400007,0.588682924000125],[33.418500498000185,0.588649233000069],[33.41863431000007,0.588503278000189],[33.41874024300006,0.588368552000077],[33.41876253700008,0.588239447000092],[33.41878482699997,0.588054208000131],[33.41882258300012,0.587901453000029],[33.41884446800003,0.587879350000094],[33.41895872099997,0.587764315000072],[33.41982047800013,0.587190136000061],[33.419905520999976,0.58707180600004],[33.41998357400013,0.586931469000092],[33.41993338000009,0.586791142000095],[33.419799543000124,0.586605916000053],[33.41967685700007,0.586403848000032],[33.41960993600014,0.586285975000123],[33.41959126500012,0.5862010620001],[33.41969355600014,0.586022147000165],[33.419911005000074,0.585842507000052],[33.42000578900013,0.585752688000127],[33.41999462000018,0.585522546000107],[33.419994597000084,0.585213817000067],[33.42002246600015,0.58506225800005],[33.42005332200006,0.584951714000113],[33.420140730000185,0.584773892000158],[33.42033982500004,0.584398025000041],[33.42064470400015,0.584028415000034],[33.420856253000125,0.583765302000018],[33.420974463000164,0.583514725000157],[33.421111331000134,0.58312007000012],[33.421235761000105,0.582831907000184],[33.421459753000136,0.582550002],[33.42149707300007,0.582343280000146],[33.421484611000096,0.582117770000139],[33.42149747200017,0.582000030000188],[33.42164016400005,0.581948625000109],[33.421814383000026,0.581779478000044],[33.421920144000126,0.58146626000007],[33.42189522100011,0.581034032000161],[33.42182051100019,0.580507845000056],[33.42189516100012,0.58021968700001],[33.42195124600005,0.58003379600018],[33.42200711300018,0.579802505000146],[33.42200709800005,0.579606042000137],[33.42203036400019,0.579470601000025],[33.422249778000094,0.57926750200005],[33.422380436000026,0.579060773000037],[33.42242067900008,0.578860955000039],[33.42258486600008,0.578725989000077],[33.42266042800014,0.578728750000039],[33.42295287800016,0.578578387000107],[33.42305242800006,0.57841551000007],[33.423108408000076,0.578102296000054],[33.42299015000003,0.577726453000139],[33.422834557000044,0.577344349000157],[33.42277548700014,0.57695423600012],[33.422809626,0.576799366000103],[33.422934060000046,0.576548788000139],[33.42315805800007,0.576342053000189],[33.42320782200011,0.576116538000065],[33.42319535800016,0.575859707000063],[33.423294896000016,0.575565282000127],[33.423322710000036,0.575418469000169],[33.42329487200004,0.575239544000169],[33.423145518000126,0.575064158000032],[33.423021053000184,0.57488876900004],[33.42299374200019,0.574814897000124],[33.423322597000094,0.574329043999967],[33.42341923900011,0.574086922],[33.42340677900012,0.573892733000037],[33.42326987500019,0.573798780000175],[33.423087751000025,0.573740973000099],[33.4230305370001,0.57358503200004],[33.423062307000066,0.573528116000148],[33.423083169,0.573397885000134],[33.42315724700012,0.573367391999966],[33.42317579000013,0.573333289000118],[33.423263609,0.573203681000052],[33.42318892600014,0.573028290000025],[33.423064470000156,0.572978186000114],[33.42286534600004,0.572965672000123],[33.42265999600011,0.572890517000076],[33.42259776100019,0.572765237000169],[33.42259152200012,0.57254599100014],[33.42254795000002,0.572345540000185],[33.42244215700009,0.572232792000079],[33.42231147500013,0.57212631100009],[33.42226168000019,0.571925860000079],[33.422348782000086,0.571731664000026],[33.42253160400014,0.571555986000021],[33.42267232800003,0.571343259000116],[33.42265962600004,0.571149487000071],[33.42277185699999,0.570923550000089],[33.42303020200018,0.570580106000136],[33.42308917500014,0.570459976000109],[33.42317004500012,0.570134231999987],[33.423194916000114,0.569871133000163],[33.423132673,0.569633098999986],[33.42303308800007,0.56931363200016],[33.422796598,0.568875156000104],[33.42274057100008,0.5685368930001],[33.42271565500016,0.568198628000061],[33.42269574400018,0.568077390000155],[33.42270940900016,0.567866627000058],[33.422800534000146,0.567719327000134],[33.42284185800003,0.567579946000023],[33.42290226900013,0.567340420000107],[33.422914689000095,0.566995887000132],[33.42297067000004,0.566688938000027],[33.422983106000174,0.566563652000127],[33.42324223500003,0.56612333400011],[33.42339374700015,0.565887089000057],[33.42348706900003,0.565655307000043],[33.42348082400014,0.565360890000136],[33.423499476000075,0.565141641000025],[33.423617691000175,0.564947443000108],[33.42385505700008,0.564915492000011],[33.42417261500009,0.564783956000156],[33.42436837100013,0.564633100000094],[33.42436835800004,0.564454225000134],[33.424388834000126,0.564394948000142],[33.424436174000164,0.564257902000179],[33.42447767900012,0.564137748000178],[33.424710014000084,0.563821260999987],[33.42471000200004,0.563656146000085],[33.42468264200011,0.563325919000022],[33.424659741000085,0.562910338000052],[33.42466467200006,0.562867636000078],[33.424928603000126,0.562431530000026],[33.425055287000134,0.562224040000103],[33.42510965200006,0.561953501000175],[33.42510624200014,0.561798577000161],[33.4251247900001,0.561306716000047],[33.42542248,0.560638764000032],[33.42539702400006,0.560531169000114],[33.4253372340001,0.56032709100009],[33.425296234000086,0.560269107000067],[33.425158967000186,0.560156703000189],[33.42507474800004,0.560102920000077],[33.42498594500006,0.560013579999975],[33.42497212600006,0.559958191000135],[33.42505348800006,0.559889058000181],[33.42514697300004,0.559785458000135],[33.42520045100002,0.559693475000074],[33.42523158300014,0.559623814000076],[33.425259249000135,0.559453151000071],[33.42525866500006,0.559401413000046],[33.42525344700016,0.559301876000063],[33.42523155400005,0.559226764000073],[33.42519348299999,0.559038690000136],[33.4251900110001,0.558864545000063],[33.42520038200013,0.558742643000073],[33.42524881100013,0.558638153000118],[33.42537335300017,0.558519726000043],[33.425421788000165,0.558498825000129],[33.425516216000176,0.558475462000104],[33.42556363500006,0.558460502000116],[33.42565012900013,0.558467462000124],[33.425698560000114,0.558390835000125],[33.425713939000104,0.558303603000184],[33.42570200600005,0.55820624],[33.425601669,0.558133107000117],[33.42554631100006,0.558108731],[33.42543905300005,0.55803211500006],[33.425407565000114,0.557972212000038],[33.425407563000135,0.557949224000083],[33.425422089999984,0.557884441000112],[33.42544907000013,0.557807119000131],[33.42546982700014,0.557779950999986],[33.42552794500017,0.557713075000152],[33.425546627000074,0.557687997000016],[33.42557257000004,0.557638888000156],[33.425579834000075,0.557606495000016],[33.42560473900011,0.557545890000085],[33.425633799000025,0.55750827300011],[33.425662849000105,0.55735154100006],[33.42565453000003,0.557117490000167],[33.42565867400003,0.55702345200001],[33.425642062000065,0.556950313000129],[33.42562752900005,0.556918967000172],[33.42559846200004,0.556841650000081],[33.42559638000006,0.556768508000062],[33.42558392100017,0.556703728000059],[33.42554524400009,0.556625022000105],[33.425540319000106,0.556588796000142],[33.425505025,0.556517747000044],[33.42545727400005,0.556436250000104],[33.425388764000104,0.556327589000091],[33.42535539900007,0.556275913999968],[33.42531610000009,0.556198031],[33.425309869000046,0.556164595000098],[33.425309864000155,0.556089365000105],[33.425303633000055,0.556028762000153],[33.42529901000012,0.555980592000083],[33.425301548000164,0.555909648000068],[33.425350838000156,0.555830887000013],[33.42535205900015,0.555827881000141],[33.425413627000125,0.555665140000087],[33.42549665300004,0.555556467000088],[33.42564402300013,0.555355842000097],[33.42579554600019,0.555159395999965],[33.42585988999997,0.555061173000126],[33.42595329200009,0.554908616000034],[33.42598857800016,0.554850101000056],[33.42606330000012,0.554741429000103],[33.42610896200017,0.55464320699997],[33.42611518500007,0.554582643000117],[33.426104801000065,0.554522003000102],[33.425990625000054,0.5544509610001],[33.42583493200004,0.554394549000051],[33.42571037600004,0.554313058000105],[33.42568753800009,0.554273355000134],[33.425691685000174,0.554206483000087],[33.425662617000114,0.554122895000091],[33.425641835000135,0.554055985000105],[33.42561693800013,0.553984976000152],[33.42562758400015,0.553914017000068],[33.425645991000124,0.553855410000097],[33.425693731000024,0.553784355000175],[33.4260329060001,0.553592902000048],[33.42617946000013,0.553523103000032],[33.426299853000046,0.553441595000038],[33.42641194100008,0.553326650000031],[33.42650742100017,0.553201260000151],[33.426574327000026,0.553082571000175],[33.42661327500008,0.553008996000074],[33.426658934000045,0.552885698000125],[33.42668799100005,0.552806285999964],[33.426710819000164,0.552712246],[33.426710814000046,0.552637015000073],[33.42668589800013,0.552568056000155],[33.426658908000036,0.552515814000117],[33.42663191700018,0.552440586000102],[33.42662568500003,0.552377894000074],[33.42662568200012,0.552334010000152],[33.426644260000046,0.552242978000095],[33.42665359200009,0.552216309000073],[33.426661751000154,0.552188009000076],[33.42666646500004,0.55215806200016],[33.42685608400018,0.552115569000136],[33.42697804600016,0.552030713000022],[33.42716502700006,0.551886130000071],[33.427459752,0.551667003000148],[33.42769276900003,0.551566450000053],[33.427998013000035,0.551578679000102],[33.42821588600003,0.551571199000023],[33.42877705000012,0.551619032000133],[33.42899930600004,0.551652358000069],[33.42914323600007,0.551671667000164],[33.429989733000184,0.551676393000037],[33.43036542300018,0.551638066000123],[33.430558586000075,0.551642839000067],[33.43065551500001,0.55164283199997],[33.43075538500011,0.551681125000073],[33.430864766000184,0.551709841000104],[33.43091841500012,0.551754841000104],[33.43097415400018,0.551839093000126],[33.431064528000036,0.552078458000153],[33.431135880000056,0.552332187000104],[33.43123100200012,0.552466228000071],[33.43131185400006,0.55256197],[33.431416483000135,0.552638561000037],[33.431493155000055,0.552682868999966],[33.43185400300007,0.552695978000088],[33.432068001000175,0.552643301000103],[33.43250973500017,0.552480376000176],[33.43260604400001,0.552467906000061],[33.433057148000046,0.552394281999966],[33.433627822,0.552422964000073],[33.433979738000176,0.552446875000157],[33.43411765400003,0.552499527000066],[33.434441045000085,0.552638338000122],[33.43465505800009,0.552786732000129],[33.434783466000056,0.552882472000078],[33.43499271800016,0.552949480000109],[33.435200383,0.552948114000174],[33.43543974,0.552901572000053],[33.43566800400009,0.55283453200002],[33.436362305000046,0.552599896000117],[33.43663336800017,0.55252806500016],[33.4372753670001,0.552432268000132],[33.437703368000086,0.552393938000137],[33.4380790620001,0.552422634000038],[33.438683025000046,0.55244652600004],[33.43936309300017,0.552681058000076],[33.43960173500005,0.552794690000098],[33.43976004300015,0.552864000000113],[33.44000035900018,0.552901232000181],[33.440228858000125,0.552895228000068],[33.440851186000145,0.552659958000106],[33.44147929100012,0.552125559000046],[33.4417646010001,0.551776056000165],[33.44193102800011,0.551512735000131],[33.44210142700007,0.551331304000144],[33.44226935400002,0.551257007000117],[33.44278677400007,0.551071206000131],[33.44338928600018,0.550696552000034],[33.443443781000155,0.550696548000019],[33.443812442000024,0.550678540000149],[33.44437559200003,0.550569818000042],[33.445039456000075,0.549972662000187],[33.44571727300013,0.548912580000035],[33.44617675400002,0.548488856000176],[33.44717623100007,0.548102228000118],[33.44753107100013,0.548059595999973],[33.447667813000066,0.548073694999971],[33.4477588310001,0.548110746000134],[33.44791080300007,0.548196691000044],[33.447979973000145,0.548230596999986],[33.44808203100001,0.548187779000045],[33.44811078100008,0.548167516000035],[33.44821385,0.548059338000144],[33.44825211799997,0.547986559000094],[33.44828001000019,0.547952858000031],[33.44834560099997,0.547891905000029],[33.44838819000006,0.547866680000027],[33.448490253000045,0.547875234000173],[33.44870535700011,0.547921796000139],[33.44887052100006,0.548002144],[33.44897931000014,0.548067843000069],[33.44929402300011,0.548393176000047],[33.44932804800004,0.548457388000031],[33.44945971699997,0.548499714000172],[33.44964682500017,0.548434311000165],[33.44997933300016,0.548334768000188],[33.45038775300003,0.548558984000067],[33.45091746700018,0.549002023000071],[33.451201411000056,0.549267408999981],[33.45142450600008,0.549430720000089],[33.45165774100013,0.549583822000159],[33.45185548400008,0.549731823000059],[33.45191633300004,0.549823690000096],[33.45207220000003,0.550095510000062],[33.45231256700015,0.550379061000115],[33.45245381000018,0.550497376000067],[33.45272666200003,0.550730401000067],[33.45290000000017,0.55081379000012],[33.45307745800011,0.550885231999985],[33.453346183,0.551038331000143],[33.45368791600015,0.551264936000166],[33.45405825500018,0.551560749000032],[33.454197217000115,0.551659787000062],[33.45464925700003,0.551926326000171],[33.45488811900009,0.552043671000035],[33.45503514500018,0.552195110000014],[33.45501470000016,0.552318661000015],[33.45501471300008,0.552493691000109],[33.45556531500017,0.552685521],[33.456538266999985,0.552766015000088],[33.45790613600013,0.552848640000093],[33.45961757800012,0.552821365000057],[33.46170872200014,0.552839295000126],[33.46408742500006,0.552603885],[33.46796131900015,0.55230502500018],[33.47005187200017,0.551988211000037],[33.472502706000114,0.551985970000146],[33.47293232100003,0.551402783000128],[33.47357712100006,0.55110998300006],[33.474057569000024,0.551020847000132],[33.47477823900016,0.550842594000017],[33.47518224400011,0.550867266000125],[33.47565266100003,0.550874571000122],[33.47601003600005,0.550922265000167],[33.47641654800009,0.550948838000124],[33.47692899600003,0.550995612000065],[33.47725128300016,0.551022645000103],[33.477813711000124,0.551337947000093],[33.47854946799998,0.552091615999984],[33.479004621000115,0.552336374000163],[33.47943893000007,0.552501503999963],[33.47988290400019,0.552851229000055],[33.48005666200004,0.553336994000176],[33.4801146050001,0.553803338000023],[33.48024009300019,0.554104511],[33.48046209100005,0.554405677000034],[33.48055859300007,0.554308513000024],[33.48061647500003,0.554007324000054],[33.48064541800005,0.553881019000187],[33.48079982700011,0.553793566000138],[33.481030954000175,0.553679922000128],[33.48123374800008,0.55345413800012],[33.48123391700017,0.553452014000129],[33.48106997500008,0.552812269000015],[33.480963805000044,0.552705406000143],[33.48050054100008,0.552501417000087],[33.48042330600015,0.552171093000084],[33.48047151900016,0.551646447],[33.48044254700005,0.551413275000073],[33.48043288000008,0.5512189640001],[33.480432865000125,0.551030673000071],[33.48051604800003,0.550815220000061],[33.4812889370001,0.549696895000181],[33.48254856000011,0.54780908400005],[33.48274881500009,0.547419979000097],[33.48287424400007,0.547002199000133],[33.48289553400008,0.546813198000052],[33.482878811000035,0.54664095000004],[33.48276090300004,0.546277048000093],[33.48275936300007,0.546044617000177],[33.482883781000055,0.545574006000038],[33.483105704000025,0.544952190000117],[33.48342411800013,0.544106908000117],[33.48347231800017,0.543417098000077],[33.483455293000134,0.54282159600001],[33.48345397200006,0.54263750500013],[33.48351920300007,0.542574928000022],[33.48367384799997,0.542491084],[33.48385227300008,0.542243567000071],[33.48403861800017,0.541864314000065],[33.48423952100018,0.541434895000123],[33.48468389800007,0.540815138000085],[33.484835576000194,0.540669189000027],[33.48497039700004,0.540630717],[33.48516073400009,0.540582797000127],[33.48539811600017,0.540513811000096],[33.48562789300013,0.540336140000079],[33.48583878500017,0.540095721000171],[33.48614408900016,0.539664563000031],[33.486350904000176,0.539307958000109],[33.48683795400012,0.538586672000122],[33.487067927000055,0.538303223000185],[33.48730186700004,0.538055702000065],[33.48750013200004,0.537971854000034],[33.48776185000003,0.5379598560001],[33.4881566630001,0.537836682000034],[33.48870071900018,0.5373395740001],[33.489034678000166,0.537017647000027],[33.48924879900005,0.536865934],[33.48955017000003,0.536841957999968],[33.48979602200012,0.536794035000185],[33.49002708100011,0.536708737000083],[33.490315470999974,0.536518546000025],[33.490646543000025,0.53639216300013],[33.49176410600006,0.536511757000085],[33.493309713000144,0.537181866000026],[33.49426085500011,0.537588715000027],[33.49511688700005,0.537995573000103],[33.49673382100008,0.538593863000074],[33.49844585699998,0.539072459000067],[33.4994207580001,0.539239937000048],[33.500651346000154,0.539326765000112],[33.50131674000011,0.539641324000115],[33.502032536,0.539905133000047],[33.50227449300007,0.53996600500011],[33.50269791500011,0.540037012000028],[33.50325239700015,0.540148601999988],[33.50381697100016,0.540392127000189],[33.50445212400001,0.540737133000107],[33.50486551300003,0.541386622000118],[33.505228486000135,0.541934627000103],[33.505780080000136,0.542594469000164],[33.50708668600004,0.544322334000015],[33.508981020000135,0.544969550000133],[33.510689747000185,0.545267410000065],[33.5115111450001,0.545366088000037],[33.51253357400009,0.545229771000038],[33.51375148800014,0.545305349000103],[33.514383025000086,0.545638298000028],[33.51510477200003,0.545925829000112],[33.516608372000064,0.546046791000151],[33.51755561700003,0.545865070000104],[33.51937493999998,0.545637864000184],[33.52065296700016,0.545365295000067],[33.521329558000104,0.545092778000026],[33.52283314500005,0.545092646000171],[33.52329928600017,0.545425608000187],[33.523765453000124,0.546061301000123],[33.52402112000004,0.54671214800004],[33.52399109100014,0.547196519000067],[33.523930982000024,0.547605211000132],[33.52372052800018,0.548150144000033],[33.52370552500014,0.548528558000044],[33.52403634900014,0.548922078000089],[33.52424688800005,0.549345881000079],[33.524446261000094,0.549702942000067],[33.52484478100007,0.550082376000034],[33.52542640400014,0.550635264000107],[33.526115729000026,0.551231510000036],[33.526951352000026,0.552114655000025],[33.527322353000045,0.552444748000084],[33.528579939,0.552363212000103],[33.52953075400006,0.551214163000111],[33.53124258200012,0.549422712000137],[33.53378615000008,0.546482223000112],[33.53642668800006,0.543614961],[33.53929857100013,0.542747346999988],[33.54073453300009,0.542540704000032],[33.541924629000164,0.542536509000172],[33.54188132500013,0.543803594999986],[33.54187863300007,0.545097308000038],[33.54255556000004,0.546318583000073],[33.54279278300004,0.548489826000036],[33.54231663900009,0.550217835000126],[33.542268997000065,0.551312519000078],[33.541734363000046,0.552199168000186],[33.54178111500016,0.553655720999984],[33.541733497000166,0.555021813000053],[33.54299243500003,0.557464369000172],[33.54580784100011,0.560594344000094],[33.547138094000104,0.56280166900018],[33.5474706760001,0.563543486000185],[33.54760061800005,0.565624267000146],[33.54731540600005,0.566890865000119],[33.546031578000054,0.56860990399997],[33.54515154899997,0.569858464999982],[33.544745782000064,0.571095242000126],[33.544774846000166,0.571347057000082],[33.54479409400017,0.571509683000045],[33.54481615000003,0.571864070000117],[33.54530522599998,0.57344103600002],[33.54699212800011,0.575404057000185],[33.5472769860001,0.576317769000127],[33.54768060700019,0.576742294000155],[33.54785633400007,0.576891628999988],[33.54799481800012,0.577046500000108],[33.54808480300005,0.57762949500011],[33.54994975500017,0.579547261000187],[33.55125641000018,0.581555550000132],[33.55303873400004,0.582821942000123],[33.55413128999999,0.583780807000153],[33.5538937820001,0.584613147000084],[33.554057514000135,0.585018408000167],[33.55409470400019,0.585134090000111],[33.55410485600015,0.585256579000031],[33.55405079200011,0.585409697000102],[33.55373987200011,0.585722757999974],[33.553161947000035,0.586124311999981],[33.55286114800009,0.58625023400009],[33.55259345300004,0.586274823999986],[33.55245193000013,0.586350111000115],[33.55230347500003,0.586365974999978],[33.55210068700012,0.586427240000035],[33.551949851000074,0.586512698000149],[33.551867494000135,0.586628012000119],[33.55186129800012,0.586893174000181],[33.552141396000025,0.587948156000095],[33.55219211900004,0.588193131000025],[33.55214482700006,0.58846533600007],[33.55206373300007,0.588703519000148],[33.55189813600015,0.588894076000031],[33.551506093000114,0.589152706000107],[33.55128303400005,0.589309243000173],[33.550985620000176,0.589493008000034],[33.550850435000086,0.589605304999964],[33.550755809000066,0.589727804000063],[33.550742301000184,0.589846893000072],[33.55071865400009,0.589965983000127],[33.55073218400014,0.590064654000059],[33.5507896580001,0.590224566000131],[33.55088769100013,0.590391280000063],[33.55096882100008,0.590510359000064],[33.551117553000154,0.59067026200006],[33.55121858500013,0.591027682000174],[33.55082561700016,0.593108514],[33.550682570000106,0.59492696],[33.55094387200006,0.596148267999979],[33.55099111300018,0.596745361000103],[33.55156132399998,0.59782188700018],[33.551965295000116,0.599061274000121],[33.55257089300011,0.60013779600007],[33.55330733900013,0.600979084000187],[33.55375852000009,0.602489873000081],[33.55409115500015,0.603684032],[33.55395983900013,0.604833004000056],[33.55441097800008,0.605927635000114],[33.55466670699997,0.606155150000177],[33.554559487000176,0.606290098000159],[33.55404346600005,0.606661229000053],[33.55388264700014,0.606964855000115],[33.55390280300003,0.607450626000059],[33.553936358000044,0.607889169000032],[33.55391629200017,0.608287236000024],[33.55386942900009,0.608779761],[33.55377563900015,0.609164342000099],[33.553675165000186,0.609724342000106],[33.553728832000104,0.610216857000069],[33.55377545700014,0.610758304],[33.553896457,0.610925260000158],[33.55410424700017,0.61116812500012],[33.55446939400008,0.611410061000015],[33.55451177700013,0.612605230000099],[33.554633913000146,0.613124659000164],[33.554694251000114,0.613320311000166],[33.554942250000124,0.613529438000171],[33.55523047700012,0.613886992000062],[33.55536455499998,0.614237815000081],[33.55543162500004,0.614710087000049],[33.55549197500005,0.615013689000136],[33.555846531999975,0.615861000000166],[33.55644031700018,0.616720394000026],[33.55759261300017,0.619497674000172],[33.55863710600016,0.622627794000152],[33.558689438000044,0.623532479000119],[33.558767655,0.624880461000089],[33.558743254000035,0.627820709],[33.55869515600017,0.629756753000152],[33.55906206800012,0.63101423400002],[33.558908267000106,0.631937036000181],[33.55799336700011,0.632678982000073],[33.557469990000016,0.63370134000013],[33.55796889900017,0.634967853000035],[33.557897229000105,0.637048651000043],[33.557824888000084,0.638125241000125],[33.557973275,0.639075151000043],[33.55798180400012,0.640034122000088],[33.55842277600016,0.640504513],[33.55854192800007,0.641201111999976],[33.559301989000176,0.642160001000036],[33.55949194700008,0.643164186999968],[33.559836952000126,0.644367387000045],[33.55982414500005,0.645380642000134],[33.560132617000136,0.646366721000106],[33.56117805100013,0.647660312000085],[33.56167697000012,0.648972057000037],[33.56238934100003,0.650383294000164],[33.56229401000019,0.651776527999971],[33.561806562000186,0.652608899000029],[33.562091501000054,0.654092559000048],[33.564657566,0.656724916000144],[33.564609963000066,0.657964347000132],[33.56520377900017,0.658995625000159],[33.565524136000136,0.66074164000014],[33.56580905200008,0.661990079000134],[33.567119196000135,0.664586386999986],[33.56706763700004,0.665599646000089],[33.56748338800003,0.666513334],[33.567554341000175,0.668087486000047],[33.5675775470001,0.669616408000081],[33.56833766400001,0.670982400000128],[33.56804026800012,0.673542706000035],[33.56908572000009,0.674881523000067],[33.570463646000064,0.675840331000188],[33.57105754700012,0.677541075000022],[33.57270862400003,0.679956397000012],[33.573017219000064,0.681892394000101],[33.573848205000104,0.684018312000148],[33.574157292000166,0.685357214000078],[33.575428497000075,0.686270795000041],[33.57643847100019,0.686795391000146],[33.57657764300012,0.687212637000187],[33.57665852400015,0.687509441000032],[33.576720372000125,0.687710500000094],[33.57678697700004,0.687935496000023],[33.5769582260001,0.688328035000097],[33.5771770180001,0.688596098000176],[33.577317211000036,0.688979067000162],[33.57739318400019,0.690187854000044],[33.577736286000174,0.691085699000041],[33.5792263670001,0.693480692000037],[33.57937141800011,0.694593441000166],[33.57910938000009,0.69679186400009],[33.57937064900011,0.697488441000075],[33.578633951000086,0.699406471000145],[33.577528311000094,0.702012110000169],[33.57736117200005,0.703993397000033],[33.57695697600019,0.705766636000135],[33.57570907600012,0.707150965000039],[33.57428255300016,0.708490083000129],[33.574044543000184,0.709666207000112],[33.574186859,0.711357957000132],[33.57468578800018,0.712561129],[33.57419841400019,0.71394536400004],[33.574317039000164,0.71480480300005],[33.574204089000034,0.716128384],[33.57416877600002,0.716296457000169],[33.574071863000086,0.716431219000128],[33.57390572200012,0.716654272000028],[33.57379496600004,0.716830854000079],[33.573688841000035,0.717142184000068],[33.57364733400004,0.717416333000074],[33.57360292600015,0.717654662000029],[33.57135618900014,0.722341234000169],[33.57129541300009,0.725896669000122],[33.571497837000095,0.727606504999983],[33.57162761700005,0.732265635000033],[33.57209025700013,0.73516057900008],[33.571994965000044,0.736689516000069],[33.57258882200006,0.737838393000175],[33.57301743800019,0.739747188000081],[33.57332492000006,0.74001859599997],[33.57339898200013,0.740278103000037],[33.57328257800009,0.740638811000053],[33.57305940200007,0.741294242000038],[33.57205295900002,0.74214478100015],[33.569652501,0.743845909000186],[33.568130948000146,0.744416061000095],[33.56718010999998,0.745275640000102],[33.56603643900013,0.745481466000058],[33.56518541600019,0.745500207000134],[33.56469277000008,0.745734720999963],[33.56434344500002,0.74593314800012],[33.56354559300013,0.746265644000118],[33.561400559000106,0.747483833000103],[33.56075469700011,0.748149107000074],[33.559678545000054,0.749520695000058],[33.559543047000034,0.749829495000029],[33.559457841000096,0.750036053000088],[33.55938926500011,0.750184822000051],[33.559295070000076,0.750455118],[33.55923942900017,0.751040507000027],[33.559088245000055,0.752212659000065],[33.559056183999985,0.75297560700011],[33.559124319000034,0.754314540000109],[33.559085154000115,0.755508737000071],[33.55979474500009,0.756820446000177],[33.55983981000003,0.757824646000131],[33.55917151800014,0.758801800000128],[33.558793086000094,0.759986993000098],[33.55863952600015,0.760310816000128],[33.558177247,0.760700809000184],[33.55763997100013,0.760902135000094],[33.55741479800008,0.761048349000134],[33.55705479100004,0.761199506000139],[33.55671688600006,0.763036073000137],[33.55631087900014,0.763805114000036],[33.55554818000019,0.764465638],[33.55597136600005,0.766238777000069],[33.556962512000155,0.7686360780001],[33.55721947800009,0.775005068000041],[33.55767753100008,0.777040561000149],[33.559451783000156,0.780125319000092],[33.55999404400018,0.781798923],[33.56119670800018,0.786494103],[33.561817137000105,0.788819072000081],[33.5623004250001,0.790492683000082],[33.56297141200014,0.792835738000065],[33.563535140000056,0.795350698000163],[33.564222257000154,0.80060685],[33.56405277200008,0.801701547000107],[33.56319141400019,0.803827688000069],[33.56191223100012,0.806550983000079],[33.559908437000104,0.80917486400017],[33.55636071700019,0.813255513000058],[33.551276930000085,0.81881102400007],[33.54916692300003,0.82114542100004],[33.548475567000025,0.82190545900005],[33.547497269000075,0.823316914000031],[33.54543182100008,0.831124696000188],[33.544927131000065,0.833196511999972],[33.54390603000007,0.837873916000092],[33.543710193000095,0.839312404000111],[33.54351336800005,0.841727962000164],[33.54351069200004,0.842677889000129],[33.543776763000096,0.845428117000154],[33.54414329400015,0.84754504600005],[33.54426489200006,0.84946297700003],[33.5445454450001,0.851308510000024],[33.544789527000034,0.853434503000187],[33.54511353200013,0.856682302000081],[33.54571108300007,0.859857686000055],[33.54589509000016,0.862155578000113],[33.545719754000174,0.865502965000076],[33.54525208500013,0.867158619000122],[33.54497478600018,0.868461417000049],[33.54463348400003,0.869990397000095],[33.54330250100014,0.87581681100005],[33.542350021000175,0.881000840000127],[33.54181533400009,0.885316303000025],[33.540063783,0.887473410999974],[33.53639017500018,0.887263636000114],[33.53529203600016,0.887283894],[33.53432866300011,0.887253888000032],[33.53326544800018,0.887158576000161],[33.532242139000175,0.886877348000155],[33.53138854400015,0.88660111900009],[33.530579857000134,0.886214343000063],[33.52898909400005,0.885236751000036],[33.528203646000065,0.884586720000129],[33.52663115900009,0.883551880000141],[33.525323257000025,0.882738083000049],[33.52389054700012,0.881783615000131],[33.52222818600018,0.880542776000027],[33.521280642000136,0.87981222500008],[33.520503971000096,0.879421455000056],[33.51957168500019,0.879132707000167],[33.51895067900017,0.878997529000173],[33.51783530100005,0.878831354],[33.51635640600017,0.878698495000094],[33.51517493400013,0.878540645000044],[33.514390027000104,0.878332840000155],[33.51369597900003,0.877983639000149],[33.512742028000105,0.877440567000122],[33.5118083480001,0.876662656000178],[33.51105386800003,0.875984238000171],[33.51019711900011,0.875016329000118],[33.50963749100015,0.874417742000048],[33.509297221000054,0.874141619],[33.50862905800011,0.873676357000079],[33.50829110100017,0.873502537999968],[33.507834860000116,0.873348150000027],[33.507525092000094,0.873237663],[33.506804640000155,0.873017411000092],[33.50536035700014,0.872203379000041],[33.504931584000076,0.871733060000111],[33.50456602300011,0.871273034000069],[33.50420044700007,0.870828782000103],[33.504062802000135,0.870698591000064],[33.503754879000155,0.870494530000144],[33.503589639000154,0.870282890000055],[33.50345441500019,0.869904940000026],[33.50333968200016,0.869542598000066],[33.50320648000019,0.869020528000078],[33.502966125000114,0.868665271000054],[33.50250432600018,0.86845363700013],[33.5022226480001,0.868483946000083],[33.5015289160001,0.868490930000121],[33.500544139000056,0.868446971000139],[33.50021596700009,0.868317756000181],[33.49925998500004,0.867944469000122],[33.49836111400003,0.867872778000105],[33.497237184000085,0.868203122000125],[33.49469737900017,0.868712669000047],[33.49139575500004,0.869880167000019],[33.489614617000086,0.87042322100001],[33.488569288,0.870640486000127],[33.486645439000085,0.870930242000156],[33.48526752900011,0.870803763000083],[33.483295835000035,0.870324527000037],[33.48108712100009,0.870044355000118],[33.4778568160001,0.871157553000046],[33.47526749500014,0.872786347000158],[33.47440424800004,0.873548750000111],[33.474046467,0.873989757000061],[33.47384014099998,0.874243555000135],[33.47357230900002,0.874474216000124],[33.4731798410001,0.874913322],[33.47242889200004,0.875753622000104],[33.47173297100011,0.876793718000158],[33.47089539000018,0.877515888000062],[33.469592623000096,0.878758107000067],[33.46800648700014,0.880079174000059],[33.46681186300003,0.880967278000185],[33.46565477100006,0.881771266999976],[33.464618468000026,0.882368502000134],[33.46391709400007,0.882869318000132],[33.46339008700011,0.883210031000033],[33.46266215500009,0.88368961599997],[33.462424578000025,0.88395201000003],[33.46219991400011,0.884067795000135],[33.462039419000064,0.884099771000081],[33.46153311300009,0.884188946999984],[33.461146707000125,0.884188994999988],[33.46093241900013,0.884162314000037],[33.460429328000146,0.883852743000091],[33.459414112,0.883428362000075],[33.45941117700005,0.883426809000184],[33.45881428500019,0.883111086999975],[33.45774525300004,0.882514115000163],[33.456866114000036,0.882152342000154],[33.45616004500016,0.881938038000044],[33.455814593000184,0.881892725000114],[33.45493692800011,0.881890853000129],[33.45434263700008,0.881882862000055],[33.453169931,0.881763775000081],[33.45284823700007,0.881719224000051],[33.452251833000105,0.881779792000088],[33.451639199,0.881938595000179],[33.45126373100004,0.882082270000069],[33.45042266900009,0.882301596000104],[33.45006222000018,0.882445269000129],[33.44930376100007,0.882626788000152],[33.44759910300007,0.883027644000094],[33.44696158600016,0.883073078000166],[33.446774259,0.883073101000036],[33.446232333000125,0.883020251000119],[33.44575924200012,0.883201735000057],[33.44535306900019,0.883241856000097],[33.44475179400007,0.882918665999966],[33.44431691500006,0.882687752000038],[33.44408598000007,0.882638389000135],[33.44381360200009,0.882621416000063],[33.443446014000074,0.882715643000154],[33.44254225700013,0.882763633000025],[33.44194768700015,0.882859467000117],[33.441650376000155,0.882679948000145],[33.441305484000054,0.882380732000058],[33.44046108200018,0.881554881],[33.439569118000065,0.880764946000113],[33.43892205500009,0.880628153000089],[33.438213437000115,0.880441909000126],[33.43740263600006,0.880041597000059],[33.43732086500012,0.879219545000069],[33.43634074400012,0.879000443000052],[33.43457116200011,0.879302075000169],[33.43324543300008,0.881124804000081],[33.43300000700003,0.881419231000166],[33.432474383000056,0.881918215000042],[33.43192622200007,0.882334048000075],[33.43187368400004,0.882598635000079],[33.431783597000106,0.882855666000069],[33.431610908000096,0.883158064000042],[33.43148147200009,0.883295947000022],[33.43117539400015,0.883596563000026],[33.430982301000085,0.88377365700012],[33.43070232300016,0.88396703],[33.43031183300019,0.884103146000086],[33.42979370200004,0.8844585],[33.42934315200006,0.884760931000073],[33.42882050700007,0.885096635000139],[33.42829937800002,0.885456521000094],[33.42778875900018,0.885834553000109],[33.42750916500012,0.886070234000158],[33.427270634000024,0.886250382000128],[33.427045346,0.886280646000159],[33.42676749800012,0.886394070000108],[33.42650467900012,0.886590647000105],[33.426279421000174,0.886893050000026],[33.42609172400017,0.887293723000028],[33.42590400299997,0.887497849000056],[33.425641201000076,0.88783049500006],[33.425521066000044,0.888019495000037],[33.42547603300011,0.888238724000132],[33.42542952200006,0.888563657000134],[33.425431040000035,0.888813246999973],[33.425438606000114,0.889312170000153],[33.42537112800005,0.8902646680001],[33.425401233000116,0.890839182000036],[33.42538628400007,0.891443939000055],[33.425415202000124,0.891963146000137],[33.4252492120001,0.894396831000108],[33.424831067000014,0.895828481000081],[33.424673403000156,0.89619135300012],[33.42449322500016,0.896675179000169],[33.42436561799997,0.897181677000162],[33.42417041900006,0.897665504000145],[33.424027791000185,0.898156884000116],[33.423757487000046,0.89857268600008],[33.42346900600006,0.89934600700002],[33.42310428900015,0.899895665000031],[33.42276640800003,0.900409747000083],[33.422255808000045,0.900969206000127],[33.421760243000165,0.901664733000189],[33.421429842000066,0.901929352000138],[33.42129469800011,0.902201508000076],[33.42113701599999,0.902405631000022],[33.42088922700003,0.902700479000089],[33.420423665000044,0.903086065000025],[33.42001815500009,0.90325242],[33.419177067000135,0.903328113000157],[33.41852371400017,0.903313070000081],[33.4178102840001,0.90330559400013],[33.41672151100016,0.903218735000166],[33.41479755000006,0.902857073000064],[33.412826412000186,0.902594934000149],[33.41060532800009,0.902522811000154],[33.40894269,0.903237721000153]]]}},{"type":"Feature","properties":{"country":"Uganda","admin_level":"Admin1","name":"Kamuli"},"geometry":{"type":"Polygon","coordinates":[[[33.01638733400017,1.224341468000034],[33.013313155000105,1.224459100000161],[33.011256397000125,1.224359589000187],[33.00617349400011,1.224061044000109],[33.00406954400012,1.223961528000018],[33.00100126500013,1.223825819000069],[32.999818951,1.22387105700011],[32.992564968000124,1.22320154800002],[32.99128069100004,1.223174401],[32.98826044700007,1.222676787000069],[32.98326603600009,1.222314864000055],[32.981030345000136,1.222151999000118],[32.97651037500003,1.221971017000101],[32.974823005000076,1.221952908000105],[32.9665226840001,1.220858091000025],[32.96385918900012,1.220450929000094],[32.9583414710001,1.219708964000063],[32.95653388200003,1.219537040000034],[32.95444089600005,1.219229396000173],[32.95139676200006,1.220188355],[32.94875682600008,1.22205205400013],[32.947234615000184,1.222531532],[32.94433319100011,1.222576711000102],[32.940527834000136,1.222531391000075],[32.93738943000017,1.222542267000108],[32.935719088000155,1.220410781000112],[32.93597682300003,1.216715406],[32.93707189000014,1.213992519000044],[32.93939081000019,1.209843372000023],[32.942160564,1.207704001000025],[32.94720035800009,1.207410805000109],[32.951613716000054,1.206932508000023],[32.95657028199997,1.204609036000022],[32.960033092000174,1.202422212999977],[32.96247745500017,1.198731893000172],[32.96478603300005,1.193743110000128],[32.96634774800003,1.187455858000078],[32.9654651350001,1.183423792000042],[32.96451465100017,1.177478208000139],[32.96390361700003,1.174471243000141],[32.96444683500005,1.171054254000126],[32.96573693500005,1.165997117000131],[32.967434407000155,1.161281682000151],[32.96784182100009,1.158206390000032],[32.96784185800004,1.154857734000075],[32.96729873600003,1.150620652000157],[32.96566929500011,1.144675059000178],[32.96302141800015,1.138934471000027],[32.962003018000075,1.135927501000083],[32.961188298000025,1.133535592000158],[32.96112044100016,1.130665314000169],[32.96139206300006,1.127726701000142],[32.96179947000013,1.125266468000063],[32.96146004200011,1.121371087000057],[32.96078114700015,1.116792303000125],[32.95867643600019,1.113238597000077],[32.95307723200017,1.107888996000042],[32.947791923000125,1.103378472000031],[32.94342582700017,1.098752304000072],[32.94055342299998,1.094704421000074],[32.938542782000184,1.090020467000102],[32.937336438000045,1.085394355000176],[32.93727906900017,1.081520005000073],[32.93894523100016,1.07492786500012],[32.941013528000155,1.068451382000092],[32.94262219900014,1.063304890000097],[32.943484002000105,1.059546209000018],[32.94371385000011,1.056712734000143],[32.942909628000166,1.053243153000039],[32.941703268000026,1.049715738000145],[32.93929052900012,1.044048733000125],[32.937337377000176,1.038902171000075],[32.935728906000065,1.03450735399997],[32.93480981100015,1.030575160000069],[32.93435026300011,1.028666889000021],[32.93469504000012,1.024387764000039],[32.93544194300006,1.020629082000085],[32.9369356740001,1.016696936000187],[32.939980480000145,1.013805689000151],[32.94256567700006,1.012070953000148],[32.94417426000018,1.009931414000107],[32.945208382000146,1.006519691],[32.945553141000175,1.00224056400009],[32.945610638,0.999233606000132],[32.9458979370001,0.995648391000088],[32.94578311400011,0.991137950000166],[32.945036361,0.98703228300019],[32.94526625300006,0.980902717],[32.945266297000046,0.978184888000101],[32.94561102800003,0.975293587000067],[32.94676002699998,0.97217099500017],[32.947679224000126,0.969684486000062],[32.949460138,0.966561901000034],[32.95026443400013,0.964248868000084],[32.94991981100014,0.960143206],[32.94865604100005,0.955574922000039],[32.94831141000003,0.952105348000032],[32.948771048000026,0.947941872000172],[32.950666848000026,0.944472332000146],[32.952620086000024,0.941407573000106],[32.954515860000186,0.939325856000096],[32.95698609100003,0.93811153900009],[32.9590541770001,0.938169390000155],[32.96089247500015,0.938227237000092],[32.963247803000115,0.937533349000034],[32.96405206700007,0.936723792000123],[32.964741451000066,0.934468579000111],[32.96502871900003,0.931056837000085],[32.96680962000005,0.925447717000168],[32.966981987,0.922556411000187],[32.96726924600006,0.919780757000069],[32.96887778000013,0.916253375000053],[32.970543743,0.914460778000148],[32.972496936000084,0.912783835000027],[32.97542671700012,0.910991245000048],[32.976920335000045,0.909140818000139],[32.97795437900015,0.907695170000068],[32.9792334010001,0.905065278000109],[32.97995333200009,0.903673581000135],[32.98208377600014,0.900640633000023],[32.98442725900014,0.897331962000067],[32.986618561000114,0.895095546000107],[32.991396811000016,0.889090914000121],[32.99325332400008,0.886946401999978],[32.99437940600018,0.885230791000083],[32.99520114000012,0.883913446000065],[32.99711851600017,0.882504194000148],[32.999796754000045,0.880482222000182],[33.00217064500009,0.878276434000099],[33.002718464000054,0.877387990000159],[33.002992374000144,0.876622092],[33.00414888299997,0.875488560000178],[33.00445322600007,0.87481456900008],[33.004727136000156,0.873956762000091],[33.004914313000086,0.871930405000057],[33.00485963400007,0.869605369000055],[33.0049488090001,0.868378556000039],[33.00503798300019,0.867361201000165],[33.00560276300001,0.865655631999971],[33.006226993000155,0.864279209000074],[33.007267378000165,0.862573639000175],[33.008307761000026,0.861137370000051],[33.01009127600008,0.859162498000103],[33.010566878000134,0.858145140000147],[33.01035879500006,0.855900973000132],[33.010299340000074,0.854105639000124],[33.01023988500003,0.85257960500013],[33.01015070300008,0.850185826000086],[33.01026960000007,0.848570024000139],[33.01077492300004,0.846565233000092],[33.0126773290001,0.844051759000138],[33.014104132000114,0.84237610800011],[33.01541203700003,0.841538281000169],[33.01704691800006,0.840670529000136],[33.01767114400019,0.840042159000177],[33.01877097000005,0.839204331000133],[33.01954382200006,0.838605883000184],[33.02043557200011,0.837797978000026],[33.0217732000001,0.837139681],[33.023229730000025,0.836630995],[33.02456735300012,0.835464019000085],[33.02718315100003,0.833519056000057],[33.02858022200007,0.832142623000095],[33.02962059000015,0.830796115000055],[33.030096186000094,0.829958289000047],[33.03057177799997,0.828881084000159],[33.030898745000115,0.827744037000116],[33.031077088000075,0.826786523000123],[33.031344606000175,0.825829010000064],[33.03149322100012,0.824512430000027],[33.03155266300007,0.823375384000087],[33.032355221000046,0.821220977000053],[33.03283080800003,0.819605172000024],[33.033068599000046,0.818438203000028],[33.03384142600015,0.815775117000157],[33.03434673600003,0.814009701000089],[33.03511956700015,0.811915137000142],[33.03538708100007,0.810628479000115],[33.03565458900016,0.808922909000046],[33.035773479000056,0.807785862000173],[33.03601126400008,0.80614013700017],[33.03636794700003,0.804284955000128],[33.037252559000024,0.802067744000112],[33.03734883300018,0.800484821000111],[33.03722992700011,0.799587155000097],[33.03752716600013,0.798629641000105],[33.03761632800001,0.797223295000094],[33.03785411000018,0.795427958000175],[33.03800272300009,0.794231067000169],[33.03812160299998,0.792106587000035],[33.03815131400006,0.790610475000051],[33.03838909500013,0.788695449000102],[33.03871605500018,0.787348945000019],[33.03939971500006,0.786361505000059],[33.04038062300003,0.78528429500011],[33.04189657500007,0.784237002000054],[33.042936928000074,0.78304010100004],[33.04368003400009,0.781753436999963],[33.0443339630001,0.780406929000151],[33.044036708000135,0.779599031999965],[33.0432935820001,0.778821062000077],[33.04260990800003,0.778252546000147],[33.04168843200017,0.777205277000064],[33.04102345800004,0.776340370000185],[33.04064686000015,0.774851901000034],[33.04242383400009,0.770961529000033],[33.045041452000135,0.769179181000027],[33.04670751100002,0.767849201999979],[33.04746170599998,0.766345419],[33.04786379800004,0.765659734000053],[33.04816346200016,0.764239114000077],[33.048081032000084,0.764077832000055],[33.048065213000086,0.764045352000039],[33.047535161000155,0.762954585000102],[33.04668216300007,0.761045605000106],[33.046860345000084,0.760299157000134],[33.04778179300013,0.759072334000166],[33.04855461900013,0.75793528100013],[33.04908964700013,0.756678541000042],[33.04920853500005,0.755691105000096],[33.04944631500018,0.754374524000127],[33.04989216400003,0.752698874000032],[33.050219115000175,0.751023224000107],[33.050367726000104,0.749975943999971],[33.05063523500013,0.748988507000092],[33.05048659700009,0.747612086000174],[33.050278515000116,0.74668449800015],[33.05036767300004,0.745367918999989],[33.05060545700013,0.744290716000137],[33.051021583000136,0.742824521000045],[33.052269991,0.741268549000097],[33.052953642000034,0.740311030000044],[33.05322115000013,0.739323593000108],[33.05319141200016,0.738216470000111],[33.05283470800015,0.737199118000092],[33.052240206000135,0.736062080000181],[33.05057562400009,0.734715599000083],[33.049891952000166,0.733877784000128],[33.04920828500019,0.733219502000168],[33.04858406500006,0.732561219000161],[33.047603152000136,0.731783252000184],[33.04751396500018,0.730496597000013],[33.04831651100011,0.729389464000178],[33.048762368000155,0.728521715000056],[33.04965407700013,0.726606681000078],[33.05012964800011,0.724871186000087],[33.05024853000003,0.72349476200003],[33.050634934000186,0.722327789000019],[33.051853604000144,0.719963919],[33.052329178000036,0.718677256000092],[33.05286418900016,0.716403160000027],[33.05307223600005,0.714398367000172],[33.05345861400008,0.711136838000016],[33.054201683000144,0.70796507200015],[33.054915041000015,0.705990195000084],[33.055717572000106,0.703985395000132],[33.05699567700003,0.701142767000078],[33.057917101999976,0.699048199000174],[33.05830349800016,0.697641849000149],[33.05842237700017,0.69620557900015],[33.05845208500011,0.694889],[33.05848179000003,0.693333043000166],[33.058422320000034,0.691558799000063],[33.05830340200015,0.689832143000046],[33.058154756000135,0.687737588],[33.05815473300004,0.685852485999987],[33.058065547000126,0.684715442000083],[33.057976364000126,0.683728010000095],[33.05791690399997,0.682740576000072],[33.05767909700012,0.681573612000022],[33.05708459100015,0.679508984000051],[33.05676413300006,0.678187779999973],[33.056594653000104,0.673668671000087],[33.05504254900012,0.669900688000155],[33.05364216700008,0.667589390000046],[33.05122652900019,0.665160627000091],[33.05011788400003,0.662076928000147],[33.04941074100009,0.659588162000091],[33.05014395800009,0.658661654000184],[33.05308519000005,0.657715892000056],[33.05515396599998,0.657553017000168],[33.05634423400005,0.657580143000132],[33.057663123000054,0.6571096670001],[33.05906515100003,0.656937750000168],[33.05946901400017,0.656413002000079],[33.06077611300003,0.656250134000118],[33.061393995000174,0.656150602000025],[33.06239496100005,0.656241065000188],[33.06448817900002,0.656340558000124],[33.06671815400006,0.655390558000022],[33.06775956100017,0.654811515000176],[33.06975660800015,0.654625176000138],[33.07071809600012,0.655372409000051],[33.07175136900008,0.655897141000139],[33.07310032100014,0.656150443000115],[33.07562636900002,0.65854795100006],[33.0759631360001,0.65999551900012],[33.0767088450001,0.662465430000111],[33.08034145700009,0.664084845000104],[33.084099182000045,0.66548494],[33.08592891100017,0.666203016999987],[33.0867918400001,0.668236020999984],[33.08671836300016,0.66868982799997],[33.086416188999976,0.670245974000125],[33.08621034600009,0.671584983000173],[33.086239002000184,0.672082586000045],[33.08614466800003,0.673991575000173],[33.08628371900005,0.675565808000101],[33.08655227300005,0.678641896000101],[33.086420854000096,0.679863288000035],[33.0880158220001,0.679003763000082],[33.089289222000104,0.678813745000184],[33.09010397500015,0.678261842999973],[33.092778848000194,0.678135129000168],[33.09374050100013,0.678189394000128],[33.094363166,0.678478897],[33.095247867000126,0.678659826000114],[33.09662911800012,0.678632656000048],[33.098013169000126,0.678234545],[33.09956291700013,0.67738406400008],[33.10140868500008,0.676479293000114],[33.103315682000186,0.67571022900006],[33.105456932000095,0.675882082000157],[33.10676461200012,0.676524414000028],[33.10750945899997,0.677293420000069],[33.10930582700013,0.677845266000077],[33.11250534800007,0.678179943000146],[33.11314680800007,0.677510426000083],[33.1140671550001,0.676750429000151],[33.11464345600007,0.676099008000165],[33.11504702600007,0.675239502000125],[33.11590250400013,0.674859494000088],[33.11705203500014,0.674352816000123],[33.119148161,0.673094633],[33.122429248000174,0.672235608999983],[33.123898660000066,0.67125846100015],[33.12470638100018,0.670471323000015],[33.12584691700005,0.669738461000122],[33.126559714000166,0.669231792000062],[33.12828246900011,0.668688908000092],[33.12863886800005,0.668471763000127],[33.13039756899997,0.667901735000044],[33.13146677499998,0.667494577000127],[33.13237029500016,0.667829303000076],[33.13365380900012,0.668001167000114],[33.134747186000084,0.668263509000155],[33.13550803400017,0.668661570000154],[33.136054873000035,0.669141062],[33.13665199200011,0.66990102],[33.138172064000116,0.671566301000041],[33.13774071100005,0.674261796000053],[33.136489874,0.677627433000055],[33.13634555600015,0.679102150000119],[33.135564354,0.684069149000152],[33.13418067800012,0.68776954100008],[33.134308652000016,0.690180722000036],[33.1360571460001,0.690076552999983],[33.13971358300006,0.688909342000159],[33.142231357000185,0.688294524000071],[33.14507818500016,0.687678745000028],[33.1493052620001,0.689385147000166],[33.15085068100012,0.689506121000079],[33.15138009700007,0.68953324600011],[33.15421988200012,0.690989771000091],[33.15681819000014,0.694192432000136],[33.15840037300006,0.694860660000188],[33.15902196400003,0.694864947000099],[33.15960821200008,0.694828453000071],[33.16243477900008,0.694807457000138],[33.16464512400012,0.694906900000092],[33.166665609,0.694997301],[33.168567011000164,0.695096754000133],[33.169114119000085,0.695039531000134],[33.172551218000024,0.694499486000097],[33.176424193000116,0.693603659000189],[33.178155643000025,0.692834573000141],[33.17931108400012,0.692807387000187],[33.18561390100018,0.696000837000099],[33.18918756200003,0.698367732000065],[33.189299936000054,0.697936809000055],[33.18974953700007,0.696724454],[33.18996237500011,0.695457824000187],[33.190961905000165,0.694507818000091],[33.192031385,0.694028268000011],[33.193391478000024,0.693327178000118],[33.19360976300004,0.693222994],[33.19425769900005,0.693259156000181],[33.1975560410001,0.692544283000075],[33.199638816,0.691331858000069],[33.20001885800019,0.691001461000155],[33.20025158600009,0.69091299400003],[33.20077006399998,0.690408987000183],[33.20084079200018,0.689259978000052],[33.20124462900009,0.688472847000185],[33.20161268400011,0.687684258000047],[33.20164776600018,0.687012774000095],[33.20164757200013,0.686446238000087],[33.206778695000025,0.684039440000106],[33.212471518000086,0.681633671999975],[33.22321578500009,0.683911347000048],[33.22320875300005,0.683978966000041],[33.223120812000104,0.684617175000028],[33.22309359100012,0.685295296999982],[33.22310007400017,0.686650413000052],[33.22312211100012,0.687218157000132],[33.22299816100019,0.689017982999985],[33.22263045700015,0.690612428],[33.222470500000156,0.691226740000047],[33.22194858400013,0.69318322200013],[33.22183487800015,0.695094076000089],[33.22179643200013,0.697148108000079],[33.22180166000004,0.700039429000128],[33.22182065800018,0.70284403800008],[33.22183478300002,0.70332592799997],[33.22178825700007,0.705281305000028],[33.22176551300015,0.707333447],[33.221731304000116,0.710201468000093],[33.22173186100002,0.71141478100003],[33.22163781400019,0.713370539000039],[33.22162697199997,0.71544654500002],[33.2212001530001,0.71745079100009],[33.22057613500016,0.719243087000052],[33.22050495800005,0.720580762000168],[33.22049568600016,0.720951850000176],[33.22049118500007,0.721139625000148],[33.22037392400006,0.723542041000144],[33.220303847000025,0.725540089999981],[33.22030157600011,0.725596520000067],[33.22013752100014,0.729172653000091],[33.220239672000105,0.73011830500019],[33.22119526100005,0.731202227000153],[33.22482123400016,0.733201490999988],[33.22655136600014,0.734151367000095],[33.225119718000144,0.737435599000037],[33.22523888200004,0.739027912000097],[33.22810255900009,0.740512439999975],[33.229771739,0.741704203000097],[33.229817621999985,0.741750970000169],[33.230593941,0.743216519000157],[33.23244880200008,0.744609700000069],[33.23368518100017,0.745378651000181],[33.23487436500017,0.745921423000141],[33.235988322000026,0.747287499000038],[33.236523707,0.748563134000165],[33.238444321000145,0.750462954000113],[33.24066162300011,0.754172208000057],[33.240730782000014,0.755411678000144],[33.24234577500016,0.756388692000144],[33.24346195800007,0.757275260000142],[33.24612124600003,0.759310741000093],[33.247485766000125,0.761183444000039],[33.24782098000014,0.761517070000082],[33.24884014700018,0.762531406],[33.25047544500012,0.764883596000118],[33.250722694000046,0.766466850000029],[33.25071528800015,0.768571903],[33.25071162200004,0.769322346000024],[33.25070440500008,0.770710012000109],[33.25108921999998,0.771343296999987],[33.251471244000186,0.771922523000171],[33.25177196700008,0.775694984000097],[33.252674137000156,0.783069536000085],[33.25275769300015,0.783484607000048],[33.25318616800013,0.786087153000096],[33.25396052499997,0.789111089000187],[33.25421191900017,0.789800818000117],[33.255079513000055,0.790953284000125],[33.25621332900005,0.791545493000172],[33.257140176000064,0.791635908000103],[33.25839893200015,0.790631584000153],[33.25982399200012,0.790179132],[33.262175889000105,0.789681385000108],[33.26349426100012,0.7898712920001],[33.26493159400013,0.789980693000189],[33.265156964000084,0.789997847],[33.26617819000006,0.790260151000041],[33.26658208200007,0.790495353000154],[33.26762693100011,0.791219064000074],[33.26907623200003,0.792150834999973],[33.26971717300006,0.792413163],[33.27078615100004,0.792747840000061],[33.27126552600015,0.792979486999968],[33.271617550000144,0.793534895000107],[33.27222913300005,0.794350093000048],[33.27394881200013,0.795940490000078],[33.27442433100015,0.796546666000154],[33.275050973000134,0.79739801300002],[33.275857206000126,0.798700581000105],[33.27623754900003,0.799560042999985],[33.27668868300009,0.800618538000094],[33.276949943000034,0.801496102000044],[33.27814527100014,0.804034381],[33.2786364590001,0.804825367000092],[33.278728828000055,0.805187747000048],[33.27877316600018,0.805455553],[33.27877103800017,0.806808160000116],[33.278761204000034,0.80844367300017],[33.278772813000046,0.808774836000111],[33.279387892000045,0.812339546000032],[33.28003187200005,0.814301219000072],[33.28069708400017,0.816233780000175],[33.280900633000044,0.816874984000094],[33.28092279900011,0.81694480900012],[33.28125093199998,0.817975161999982],[33.28146520700005,0.819278273000066],[33.28152924900019,0.819747125000163],[33.281622588000175,0.821535187000109],[33.28164691700016,0.822286530000042],[33.28138161000015,0.826262866000036],[33.28127661999997,0.827799573000107],[33.281195207999986,0.830410751000159],[33.282266788000186,0.834097137000185],[33.28250910800017,0.83456729500017],[33.28329746800006,0.836009069000113],[33.2844444860001,0.837326237000184],[33.28483784000014,0.837741019000021],[33.28617107800011,0.839112140000054],[33.286234701000126,0.839167434000046],[33.28819493800006,0.841236076000143],[33.288867542000105,0.841918256999975],[33.29223023500009,0.844496461000119],[33.29372506500016,0.845464399000093],[33.29532227700014,0.846455889000083],[33.29553103500018,0.846578683000132],[33.29628441100016,0.846975088000136],[33.29914088800018,0.848169097999971],[33.30414819600003,0.849037236000072],[33.30373095500005,0.850602436000088],[33.30131088000013,0.854032894000056],[33.299694606000116,0.856157624000161],[33.29911651300017,0.856738136000047],[33.29873039600011,0.857125871000051],[33.29764829400011,0.857769598000118],[33.296996419000095,0.858157387000176],[33.295167473000106,0.858754648000115],[33.292985773000055,0.859514784000112],[33.291986989,0.859867362000159],[33.28973962300006,0.860654984000121],[33.28885491900007,0.860935515000165],[33.28579638000019,0.862039509],[33.28494738800015,0.862302191000083],[33.2832496150001,0.863412257000107],[33.28352651400019,0.86471375800005],[33.283728370000176,0.86753468400002],[33.28398963000012,0.868921334],[33.28491600300009,0.870571367000025],[33.287065663000135,0.873847708000142],[33.28794452500006,0.875402087000055],[33.28979726800014,0.878773861000127],[33.29128215700018,0.881351347000077],[33.29132052400007,0.881447887000036],[33.291816291000146,0.882695543000068],[33.29223993300019,0.885144224999976],[33.29281000200018,0.887224314000093],[33.29383523500019,0.891758633000165],[33.294793335000065,0.895520599],[33.2956127920001,0.899154667000175],[33.296135355000104,0.90142597300013],[33.29693106200011,0.904844878000119],[33.29708141800012,0.906075789000113],[33.29707357200016,0.906111931999988],[33.29707356900008,0.906757369000047],[33.29633178299997,0.9103220450001],[33.29627776100011,0.910581674000184],[33.29601643400008,0.912565627999982],[33.29615893800019,0.914215160000083],[33.296314809000194,0.915674897000144],[33.29643207900011,0.916773171000045],[33.296788371000105,0.918733597000085],[33.29712090400017,0.920622300000105],[33.297264798000185,0.921546970000065],[33.29742969100005,0.922606613000085],[33.29794082200016,0.924187545000166],[33.29845151300003,0.924942857000133],[33.29930623100006,0.926169622000089],[33.30011230100013,0.92767827300014],[33.30056867600018,0.928367447000142],[33.30169331400015,0.930154702000152],[33.30366471700012,0.933149156000127],[33.30197445500005,0.935987466000086],[33.30178429900013,0.939180413999964],[33.301607616000126,0.944570468999984],[33.30140141200013,0.947545399000091],[33.30181607400016,0.953541702000052],[33.3027267,0.960019436999971],[33.30225673300015,0.960944828000095],[33.302435051000145,0.963045972000032],[33.30238259800012,0.963955677000058],[33.30278580200013,0.967188042000089],[33.30380334700004,0.970992146000071],[33.304698004000045,0.974336814000026],[33.305054781000024,0.975623066000082],[33.30542250800016,0.977086328000155],[33.30595956600018,0.978976703000171],[33.306028236000145,0.979190341999981],[33.30644355000004,0.980782782000119],[33.30659242200011,0.981379278000077],[33.307002159000035,0.98311135300014],[33.306930895000164,0.984115317000089],[33.30677178300016,0.98457293700011],[33.305760645000134,0.984500892000085],[33.30181728000008,0.98574072100007],[33.30034213000005,0.985767998000142],[33.299616687000025,0.986039141000106],[33.2989676790001,0.986169859000086],[33.29832457700019,0.986354028000108],[33.29760705300015,0.986672966000071],[33.29572218400011,0.987424679000185],[33.294728378000116,0.987497656000073],[33.29361319500009,0.987516274000029],[33.29293673400019,0.987442398000098],[33.290949679000164,0.987503173999983],[33.29066652800009,0.987430650000022],[33.29038336600013,0.98722857700011],[33.28997151000016,0.987140519000093],[33.289297109000074,0.987130214000047],[33.288756563000106,0.987171718000127],[33.28848887400005,0.987306474000036],[33.288175938999984,0.987485962000164],[33.287876648,0.98774279200012],[33.28670922700013,0.988076251000052],[33.28484310900012,0.988266404000058],[33.28337407000015,0.988487325000165],[33.28035771500009,0.988624511000125],[33.27897373400003,0.98860081600003],[33.27764297900018,0.988541394000094],[33.27718756000007,0.988464038000075],[33.276921396000034,0.988285458000064],[33.276690719000044,0.988136643000075],[33.27634177100015,0.988178345000165],[33.27585679500015,0.988291501000106],[33.27543687400015,0.988333210000121],[33.27502285000003,0.988184410000031],[33.27452600800012,0.987839152999982],[33.27312421100004,0.986934351000116],[33.272349376000136,0.986416469000062],[33.27170466400008,0.985946203000026],[33.27125514800019,0.985725963000107],[33.27095350700017,0.985672408000028],[33.270427119000146,0.985642684000084],[33.269464737000135,0.985601111999983],[33.268953679000106,0.985583653000049],[33.2685285770001,0.985571398000047],[33.268014019000134,0.985553579000054],[33.26767098100004,0.985553607000043],[33.26734569500013,0.985660795000058],[33.26712687000003,0.985779881000155],[33.266925792999984,0.985952546000135],[33.26678290000018,0.986094980000189],[33.266535476000115,0.986405037000168],[33.26618655400006,0.986792037000043],[33.265875454000025,0.987124945000062],[33.265469704000054,0.987713657000086],[33.26498040800004,0.98833841700008],[33.26449112100016,0.989047273000097],[33.26395408100012,0.989623982000126],[33.26347672700007,0.990332837000096],[33.261852045000126,0.99183292500004],[33.25982365300018,0.993045416000086],[33.25759065700015,0.992665608000095],[33.25561945300012,0.992466723000064],[33.25400388300005,0.992873975],[33.25201487600003,0.994964041000117],[33.250588085,0.995778402999974],[33.249922410000124,0.995823690000122],[33.24909045400017,0.995823754000128],[33.24816355100012,0.995697163000045],[33.24733159600015,0.995724368000026],[33.246547378000116,0.995579671000087],[33.245453103000045,0.995860218000075],[33.244264973000156,0.995570795000049],[33.243421208000086,0.995426102000067],[33.24249375900018,0.995498549000104],[33.241804494000064,0.995589073000133],[33.24130617500015,0.99499199100012],[33.24037980300005,0.994440177000115],[33.23928605500015,0.994250265],[33.238787752,0.993861270000082],[33.238361307,0.992838961000132],[33.23762535200012,0.992024762000028],[33.236913002000165,0.991355317000114],[33.235605785000075,0.991111134999983],[33.234996,0.990744672000119],[33.23445764900015,0.990271534999977],[33.2339571870001,0.989500751000151],[33.23360837900003,0.988928385000065],[33.233352396999976,0.988315695000153],[33.23164016900006,0.988234390000116],[33.22909707300016,0.987637448999976],[33.22759997800017,0.987293756999975],[33.22574615900004,0.98678723800009],[33.22496087200017,0.987429648000102],[33.22353187800002,0.98900396800002],[33.2208541550001,0.991338343000166],[33.21937796700013,0.992858382000065],[33.21809166300011,0.99457744800003],[33.217556352000145,0.995094440000173],[33.21691354800009,0.995529396999984],[33.216081078000116,0.996303809000096],[33.21453204700015,0.997714728000062],[33.2138413940001,0.998386628000048],[33.21230087599997,0.999879528000122],[33.21031041100008,1.001680064000084],[33.20885751300011,1.003010106000147],[33.207514155000126,1.004294905000165],[33.20663785500011,1.00492827000005],[33.20450663200006,1.006231212000046],[33.20372470900014,1.006918854000105],[33.20334444800005,1.007705991000137],[33.20251479000012,1.008628865000105],[33.20207751800018,1.00953362000007],[33.200856618000046,1.010836503000121],[33.19912814900016,1.011804669000128],[33.197565673000156,1.012709493000045],[33.19704411499998,1.013279503000149],[33.19588384500008,1.013967167000033],[33.194699431000174,1.014862920000155],[33.19402341099999,1.015812925000148],[33.19333421700003,1.017233389000069],[33.19233444800017,1.019965727],[33.19157282600003,1.022055694000187],[33.19099172900019,1.022788559000162],[33.189735423000116,1.024000969000099],[33.18717782900006,1.025729152],[33.186046495000085,1.026642994000156],[33.184357937000186,1.028307792000021],[33.183728275000135,1.02956540100007],[33.18273041600008,1.031492530000094],[33.18121757500006,1.036170062000053],[33.18050395800009,1.037970513000062],[33.17811013600004,1.040322943000035],[33.17562358100014,1.041978737000079],[33.172085938000066,1.043200318000174],[33.16943668300013,1.043698064000125],[33.16622389000014,1.042522089000101],[33.163200144000086,1.04157228300005],[33.16031658400004,1.041111021000063],[33.15757295000009,1.041581619999988],[33.1549467370001,1.042314582000074],[33.15179784900016,1.044088006999971],[33.1507544320001,1.045363726000119],[33.1494245610001,1.047670851000134],[33.14892603400011,1.048494179000045],[33.148450271000115,1.049616066000056],[33.148114701000054,1.051443636000101],[33.14790044000017,1.052538370000093],[33.14788393400005,1.053958796000188],[33.14752394400011,1.056121117000146],[33.14671619400008,1.057641102000048],[33.146060437000074,1.05992105200005],[33.14572459100003,1.061866237000118],[33.145128097000054,1.064073806000124],[33.144770600000015,1.065575674],[33.144628530000034,1.066788019000057],[33.144516496000165,1.067611328000055],[33.14394331400018,1.069846038000037],[33.143395110000085,1.071646476000126],[33.1433319890001,1.073311182000054],[33.14285098200003,1.076522995000118],[33.142433171000164,1.07968052200016],[33.14226329700017,1.081010483000171],[33.141712294000115,1.083055199000057],[33.14060655100019,1.085353264000048],[33.1396563990001,1.087226100000123],[33.138634902000035,1.08915322200005],[33.13794594700016,1.090474159000166],[33.137349440000094,1.092591255],[33.13694335200006,1.09425597600017],[33.136428326999976,1.096934000999966],[33.13592730600004,1.098761578000108],[33.13497576500009,1.101141062000181],[33.13337175700008,1.104343879000055],[33.132562888000166,1.106361463000042],[33.13203744200007,1.108523791000039],[33.13180500700008,1.11170845100014],[33.13158491700017,1.114558361000036],[33.13102242300016,1.117408286],[33.130686839000134,1.119208714000138],[33.129952825000146,1.124438086000055],[33.129638629000056,1.127143242999978],[33.12927500800009,1.130156010000121],[33.129046735000145,1.13220071],[33.128708392000135,1.135168240000098],[33.12852840200014,1.136543437000057],[33.12842958800013,1.137900537000121],[33.12816451500015,1.139900002000047],[33.12796830000019,1.142795147000072],[33.12783217800012,1.145292208000171],[33.127566000000115,1.147716896000077],[33.12742000700018,1.14932732200009],[33.12711788600012,1.152014383000108],[33.12690000200007,1.154031941000085],[33.12663548100011,1.155814271000111],[33.12629962000011,1.15778659700004],[33.12600025500012,1.159324652],[33.125689919000024,1.160491767000053],[33.12502316000018,1.162364588],[33.12393222800017,1.163739826000096],[33.122344396000074,1.16521460600012],[33.120911595999985,1.166182730000116],[33.118670378,1.167114698000091],[33.11643925300007,1.167594299000086],[33.11563478200003,1.16785670400003],[33.11352949299999,1.168254872000148],[33.11044386400005,1.168245949000038],[33.106864141000074,1.168237041000168],[33.102865886000075,1.168282428000111],[33.10000497000016,1.168201107000016],[33.09695473600004,1.168291688000181],[33.09425843700012,1.168617483000048],[33.09301577600007,1.169187506000014],[33.09147705700008,1.169893247000061],[33.090339189000076,1.171078481000052],[33.089543737000156,1.172435603999986],[33.08881879300003,1.17390129100005],[33.08815034300011,1.176470749000032],[33.08720693200013,1.180288743000062],[33.086752784000055,1.182233929000063],[33.08617926800002,1.184658626000044],[33.08495547900009,1.187173817000087],[33.08355471500005,1.189453782000157],[33.08248623500009,1.191236134],[33.081537124000135,1.192611354000121],[33.079759378000176,1.194457058000069],[33.07844396700011,1.195597057000157],[33.076597371000105,1.196519936000016],[33.074136999000075,1.197008559000039],[33.07022353200006,1.19711723000006],[33.06733871400007,1.197225871000114],[33.064477488000136,1.197325461000162],[33.06056402100006,1.197506497000063],[33.05923958900007,1.197569858000065],[33.05777274700006,1.197967971000025],[33.05512276700017,1.198610385000052],[33.05348796599998,1.199931326000012],[33.05211271900015,1.201568917000088],[33.05013075500011,1.204635994000114],[33.048919835000106,1.206572142000084],[33.04816058400007,1.207666881000137],[33.04724318600006,1.208734481000022],[33.04447328800018,1.211837757000126],[33.04229297800009,1.213828202000059],[33.04046799700018,1.215538173000027],[33.0389404770001,1.216506258000095],[33.03633487300016,1.218406231000188],[33.033372811,1.220939519000183],[33.03092057200007,1.223002336000093],[33.029632930000105,1.223662804000185],[33.027294152000024,1.223970438000038],[33.025479533000066,1.224079024000162],[33.02118764900007,1.224160487000063],[33.01910701500003,1.224088124000048],[33.01638733400017,1.224341468000034]]]}},{"type":"Feature","properties":{"country":"Uganda","admin_level":"Admin1","name":"Namutumba"},"geometry":{"type":"Polygon","coordinates":[[[33.79305451300013,0.801916516],[33.79179453600011,0.809886700999982],[33.791635298000074,0.81131607500015],[33.78773710500019,0.822009779000155],[33.786888814000065,0.826913139000112],[33.78697937200013,0.827564468000105],[33.787670639,0.835235741000076],[33.78805306400011,0.840437387],[33.789112245000126,0.854362368000125],[33.789802931000054,0.863568857000075],[33.7901932260001,0.87130350700005],[33.790611886000136,0.8776269],[33.79098331800009,0.883687954000038],[33.79141796900012,0.893765624000025],[33.79163019900005,0.900040956000055],[33.79195708900011,0.908855009000035],[33.79158395900015,0.918326740000111],[33.79053799400003,0.920443847],[33.78611441900006,0.924443376999989],[33.78139464300017,0.92763783900017],[33.77497031100006,0.93175542299997],[33.768841826000084,0.935203500000057],[33.76597768400006,0.937583367000059],[33.76416434000015,0.939338792000115],[33.75882367100013,0.946948101999965],[33.75625400400003,0.950060678000114],[33.75374551600015,0.952983266],[33.752229277000026,0.954630072000043],[33.75118584500018,0.955607329000145],[33.74981997500015,0.956494192999969],[33.7468449860001,0.958132274999969],[33.742643342000065,0.960304373000099],[33.7391448190001,0.961879242000123],[33.736630357000024,0.963263918000109],[33.73196655100014,0.966096514000185],[33.728965274000075,0.968385954000098],[33.725161497000045,0.971544042000062],[33.722687631000156,0.973724809000146],[33.72072149200011,0.975634069000023],[33.72005431700006,0.976276523000024],[33.71727674300013,0.979325832000029],[33.714986215000124,0.982592156000067],[33.71273056400008,0.986102734000099],[33.711273998000024,0.988536592000059],[33.709816416000024,0.991477062000172],[33.709094149000066,0.993267832000186],[33.708863221000115,0.994272677000083],[33.708382276,0.996353507000151],[33.707777781000175,0.998561016999986],[33.707410889000016,1.000750383000138],[33.706461430000104,1.002632290000179],[33.705420332000074,1.004143305000014],[33.70355243600011,1.005898760000093],[33.701878287000056,1.007446101000085],[33.69875385600005,1.011979151],[33.697692559000075,1.013625873000024],[33.69716910600005,1.016566150000187],[33.69657346100007,1.02075488100013],[33.69634326800008,1.023876028000188],[33.696155689000136,1.026635299000134],[33.695726615000126,1.032180995000147],[33.69552294100015,1.03581779600006],[33.69503487500009,1.038712835000069],[33.69441629400018,1.040721331000157],[33.69326016499997,1.042829460000064],[33.69265538200011,1.043725214000062],[33.69155076000004,1.045055319000085],[33.68929197800003,1.047254160000023],[33.685975004,1.049932711000054],[33.680179335,1.053634083000077],[33.676917053000125,1.055654286000163],[33.67427803400017,1.057281196000133],[33.669059683000114,1.060484870000153],[33.66565991200014,1.062303999000108],[33.66180857100005,1.064457952999987],[33.65695818299997,1.067941990000065],[33.65554399700005,1.069172650000098],[33.6545240640001,1.070005169000126],[33.6523219070001,1.071914503000016],[33.650203454000064,1.073869054],[33.648670226000036,1.075344002000179],[33.64718306500015,1.076846080000109],[33.64566391300002,1.078492913000048],[33.64214486900005,1.082311395000147],[33.640908189000186,1.08358725100004],[33.639493533,1.085315484000091],[33.63513548400016,1.087650475000146],[33.631025027000135,1.083978355000056],[33.628982634000124,1.081717090000097],[33.62650865600011,1.078614560000062],[33.62507304700006,1.076832641000181],[33.62201801000015,1.072599374000106],[33.62065597700018,1.070726966999985],[33.62022330900004,1.070084734000091],[33.61800593200019,1.066312671000162],[33.61648195400005,1.063580845999979],[33.61494550200007,1.060251932000085],[33.61431557500009,1.05913930100013],[33.61306801400019,1.056579304000138],[33.61211885400019,1.054607289000103],[33.61113201100011,1.052391016000172],[33.61080614000008,1.051592799000105],[33.60925891900007,1.045244404000186],[33.60806028100018,1.039952252000035],[33.606552266,1.035338667000133],[33.60538389600015,1.032570566000118],[33.60435500700004,1.030698071000188],[33.602353439000126,1.027115911000124],[33.601769636000085,1.02624752700018],[33.598884809000026,1.021462299],[33.59793070400002,1.019933564000098],[33.59582429900013,1.017373703000146],[33.59524560500017,1.016776720000053],[33.59397024200007,1.015510399000163],[33.593182007000166,1.014822986000013],[33.59013410600011,1.012037120000116],[33.58760420600004,1.009694449000165],[33.58608387400005,1.008093433],[33.58442023700013,1.006130567000127],[33.58273962500016,1.003462046999971],[33.581404497,1.000883931000033],[33.58077402100008,0.999671765000073],[33.58031776700017,0.998939050000104],[33.57964742900009,0.997835452000118],[33.57945856600003,0.997138877000111],[33.57681582400005,0.99182883400016],[33.576036370000054,0.98989294],[33.57551919500014,0.987667500999976],[33.57359500700011,0.98283680600008],[33.57310057000012,0.982158376000086],[33.57212574400012,0.980819607000058],[33.570490808000045,0.979010512000059],[33.57014237400017,0.978051602999983],[33.56965764600017,0.974975746000155],[33.56987693500014,0.972922067000127],[33.57170265000008,0.970198645000039],[33.57157378000011,0.968805448000126],[33.570924246000175,0.967738027],[33.56979765600005,0.965765998],[33.56841211900007,0.963839246000134],[33.56817946100017,0.963215051000077],[33.568090864000055,0.960763360000158],[33.56807466500004,0.957913594000104],[33.56814813799997,0.957235066000067],[33.568153942000095,0.954955250000125],[33.567951035000135,0.950775623000027],[33.56760548400001,0.946786004000103],[33.567038842000045,0.940715637000096],[33.565611440000055,0.93681666100008],[33.565045507000036,0.935070704000111],[33.56488734100009,0.934385980000116],[33.56449137100003,0.93332474400006],[33.563854647000085,0.931488328000171],[33.56238479000007,0.925445239000112],[33.56077229400006,0.919583108000097],[33.55757697400003,0.914282128000082],[33.55448099500006,0.91202993200011],[33.55139786600017,0.909298243000137],[33.54983323,0.907642899000109],[33.54821173900007,0.905182385999979],[33.546768838000105,0.90245948300003],[33.54462757700014,0.898741521999966],[33.54427808200012,0.898258505000058],[33.5432261200001,0.896799244000022],[33.54254931700012,0.895575410000049],[33.541674462000174,0.89381139000011],[33.541421261000096,0.890889270000059],[33.541640589999986,0.888817490000065],[33.54156569100013,0.887514743000054],[33.54181533400009,0.885316303000025],[33.542350021000175,0.881000840000127],[33.54330250100014,0.87581681100005],[33.54463348400003,0.869990397000095],[33.54497478600018,0.868461417000049],[33.54525208500013,0.867158619000122],[33.545719754000174,0.865502965000076],[33.54589509000016,0.862155578000113],[33.54571108300007,0.859857686000055],[33.54511353200013,0.856682302000081],[33.544789527000034,0.853434503000187],[33.5445454450001,0.851308510000024],[33.54426489200006,0.84946297700003],[33.54414329400015,0.84754504600005],[33.543776763000096,0.845428117000154],[33.54351069200004,0.842677889000129],[33.54351336800005,0.841727962000164],[33.543710193000095,0.839312404000111],[33.54390603000007,0.837873916000092],[33.544927131000065,0.833196511999972],[33.54543182100008,0.831124696000188],[33.547497269000075,0.823316914000031],[33.548475567000025,0.82190545900005],[33.54916692300003,0.82114542100004],[33.551276930000085,0.81881102400007],[33.55636071700019,0.813255513000058],[33.559908437000104,0.80917486400017],[33.56191223100012,0.806550983000079],[33.56319141400019,0.803827688000069],[33.56405277200008,0.801701547000107],[33.56467844300005,0.801221976000136],[33.56786384700018,0.801203437000083],[33.56952869300011,0.800940844000138],[33.572155203000136,0.800922381000078],[33.57560180500002,0.800976174000027],[33.57778798400017,0.801274411000122],[33.581127866000145,0.801373449000096],[33.583718971,0.801255468000022],[33.58983812100007,0.801245535000021],[33.59174225900006,0.801100508],[33.595786860000146,0.79979717100008],[33.598193439,0.797743184000069],[33.60121153000006,0.794503972000086],[33.604215234000094,0.791539596000121],[33.60520059400011,0.790610779000076],[33.60611788900002,0.790161396000144],[33.606793474000085,0.789892995000059],[33.60727072800012,0.789749415000074],[33.60830583300009,0.789574555000172],[33.60924176900005,0.789443386000073],[33.609948373000066,0.789374646000056],[33.61030787500016,0.78934339500006],[33.61059944900012,0.789298865000092],[33.61115011200013,0.789291418000118],[33.611662856000066,0.789276308000069],[33.61209597000004,0.789396512999986],[33.612812854000026,0.78963193200002],[33.613863237000146,0.789631776000022],[33.61440087900007,0.789666772999965],[33.615824626000176,0.789701639000043],[33.61679535600001,0.789676437000082],[33.61774615100012,0.789505914000074],[33.61898566500014,0.789260181000088],[33.61994643100007,0.789194891000022],[33.620752888000084,0.789214813000058],[33.621240746000126,0.789234785000133],[33.62203720300005,0.788964061000115],[33.623455887000034,0.788442684000017],[33.625183196000194,0.78781101400017],[33.62682092500006,0.787354748999974],[33.628010636,0.786988752000184],[33.629688194000096,0.786572570000033],[33.62996695100014,0.786467292],[33.630320391000055,0.786427149000133],[33.63066382900007,0.786096359000169],[33.631625357000075,0.78460259100018],[33.635060105000036,0.779973781000024],[33.63606500100002,0.778473567000049],[33.63676708000014,0.777206120000073],[33.637535233000165,0.776163573000019],[33.63821993800008,0.775535769000157],[33.63901597000006,0.774773440000047],[33.639633821000075,0.773865424000064],[33.64015149000005,0.773170392000111],[33.64098091200009,0.772318387000041],[33.64130932299997,0.771853167000074],[33.641409447000115,0.771259078000071],[33.64153189700011,0.771029277000139],[33.64179906400011,0.770564066000077],[33.642199839000114,0.770020373000136],[33.64236122600005,0.769555178000132],[33.64242796899998,0.769112416000098],[33.642455726000094,0.768574383000043],[33.64271176800014,0.768176428000061],[33.642919843000186,0.767916711000169],[33.64286757000002,0.767604750000032],[33.642856387999984,0.767285297000171],[33.64287862800006,0.767089138000188],[33.64287045600008,0.766868814000077],[33.643105830000025,0.76328625900004],[33.64362706600019,0.759441305000053],[33.64342000700003,0.757025850000105],[33.642285576,0.75442055000002],[33.641183910000166,0.753081793000035],[33.64028496600008,0.751408274000028],[33.63993151500006,0.750376994000135],[33.639502250000135,0.749436193000179],[33.639817242000106,0.748658124000031],[33.639677770000105,0.747463971000059],[33.63917480400005,0.745690877000072],[33.63866451600012,0.743773036000107],[33.63856938400005,0.742343659000085],[33.63889269300006,0.741350693000129],[33.638907906000156,0.740782901000046],[33.638890239000034,0.740566323999985],[33.63889374400003,0.740406551000035],[33.638921935000155,0.740229022000165],[33.63898539600018,0.740062139000145],[33.63912290600018,0.739749676000088],[33.63919341700006,0.739547287000164],[33.639225128000135,0.739323601000137],[33.639277016000165,0.739084823999974],[33.63927193800009,0.737630188000082],[33.639628486000106,0.736770692],[33.63972381400015,0.735666972000161],[33.63991406700018,0.734563237999964],[33.6399388210001,0.733711307000078],[33.639962560000185,0.733436036000171],[33.64000413300016,0.733166747000155],[33.640057598000055,0.732915408000054],[33.6401823920001,0.732634138000037],[33.64018831800007,0.732502488000023],[33.64014073000004,0.732281083999965],[33.64010500400008,0.731862204000151],[33.64014057600019,0.731677285000046],[33.640744760000075,0.732013297000094],[33.64114483800017,0.732088407000106],[33.64185238400006,0.732100832000185],[33.6424530270001,0.732164931000057],[33.643171620000146,0.732514061000131],[33.64419220800005,0.733165364000115],[33.64442868300017,0.733290609000107],[33.644752254000025,0.733290562000036],[33.645100582000055,0.73319211200004],[33.64516413900009,0.733172462000027],[33.64541181500016,0.733102546999987],[33.645561161000046,0.73314010900009],[33.64573539500009,0.733165140000096],[33.645909646000064,0.733302921000075],[33.64608974300012,0.733473503000141],[33.646307924000155,0.733553421000181],[33.64651948500011,0.733515806000185],[33.64669372100019,0.733553364999977],[33.64715418800017,0.733553297000185],[33.647577175000094,0.732551004000129],[33.64774926900009,0.731830067000033],[33.647845922000045,0.731740430000173],[33.64804748400019,0.73168252],[33.64849562800015,0.731685120000066],[33.64918480900002,0.731657879000181],[33.65070584800003,0.731657656000095],[33.65188474000007,0.731642396000041],[33.65201113000006,0.731612687],[33.65230216000015,0.731436847],[33.65311706100016,0.731053173000078],[33.653857887000186,0.73074941699997],[33.65471046099998,0.730372429000056],[33.655661328000065,0.729938046000086],[33.65629203500015,0.729806152000037],[33.65654075700007,0.729822098000113],[33.656968352000035,0.729865479000011],[33.65851346300008,0.729886405000173],[33.658906253000055,0.729875019000133],[33.65918172500011,0.729854068000066],[33.65932431700003,0.7298856110001],[33.65949895200015,0.729901567000184],[33.659996401,0.729960092000113],[33.66040387700019,0.729949377000025],[33.660747874000094,0.730103814000131],[33.66101247600017,0.730146391000176],[33.66136703000018,0.730119703000128],[33.661499467000056,0.730070154000032],[33.661594570000034,0.730029108000167],[33.661843266000176,0.729863929000089],[33.66200201000015,0.729773344000137],[33.662335389000134,0.729693387],[33.66263703400011,0.729735960000085],[33.66276404300004,0.729751923000038],[33.66303392600008,0.729725246000044],[33.66317014200018,0.729631263000044],[33.66327732700006,0.729544087000079],[33.663666876000036,0.729239798000037],[33.66406046700018,0.729112472000168],[33.664790740000115,0.728932729000121],[33.665447446000144,0.728933680000125],[33.66573270000009,0.729037642000037],[33.666129609000166,0.729144126000108],[33.66638119400011,0.729107190000093],[33.666679945000055,0.728989557000034],[33.66679828400015,0.728890254000078],[33.666870430000074,0.728829714000028],[33.66705561300006,0.728600620000122],[33.66717202000018,0.72849938700017],[33.66734664500012,0.728440762],[33.66769062000009,0.728451365000069],[33.667912879000085,0.728440678000027],[33.66825684300011,0.728376700000069],[33.66851979000012,0.728250900000091],[33.66869649000017,0.728002866],[33.66890766100016,0.727790618000029],[33.66907699400002,0.727737321000177],[33.6694050910001,0.727726618000077],[33.669674974000145,0.727699941000083],[33.669801975999974,0.72767861300008],[33.66991086200011,0.727644668000039],[33.670098004000124,0.727563214000043],[33.67035228700013,0.727358903000095],[33.67054277000017,0.727188406000153],[33.67087085400016,0.727092469000127],[33.671479423000164,0.727097704000073],[33.673105618000136,0.727149054000051],[33.674412626000105,0.727004110000166],[33.675080477,0.727094475000115],[33.67539076600019,0.726741507000042],[33.67560172500015,0.726487268000028],[33.676254712000116,0.725502077000158],[33.677514455000164,0.72480529000012],[33.678393973000084,0.724325682000085],[33.680128878000176,0.72351121600002],[33.68074665700004,0.72305878800006],[33.68116274400012,0.722271662000082],[33.681661997000106,0.721746878000033],[33.682137646000115,0.721122584000057],[33.68375351200007,0.720570491000103],[33.68437186600005,0.720217576000152],[33.68560742900007,0.719357953000156],[33.68658185000015,0.718760723000116],[33.68791289300003,0.717873946000054],[33.68952921200014,0.716625258000079],[33.69056313900012,0.715819946000067],[33.69096745500019,0.715213757000129],[33.69163295200008,0.714616575000093],[33.69246472400016,0.714146021000033],[33.69310656500005,0.713114602000076],[33.69415279500015,0.711965516000021],[33.69645779400014,0.711178104000055],[33.69771757700005,0.710816045000058],[33.69869627300017,0.710120447000065],[33.699057052000114,0.710019734000127],[33.69967990300006,0.709838038000044],[33.70163318200008,0.709096683000041],[33.70357639800011,0.708518402000095],[33.70556375100017,0.707762274000061],[33.7071315660001,0.707272972000055],[33.70942807100016,0.706472336000104],[33.710992991000126,0.705835495999963],[33.713166091000176,0.70494239400017],[33.716539782000154,0.703141591000076],[33.7175035460001,0.70271624999998],[33.720308307000096,0.701232168000104],[33.72235214800003,0.700707146000013],[33.724799387000076,0.700960069000075],[33.72797865700005,0.702343701000189],[33.729944629000045,0.703148539000154],[33.733627733000105,0.704631597000116],[33.73769163399999,0.706015076000085],[33.74117253300017,0.707480063000048],[33.744761961000165,0.709732078000172],[33.74881180800014,0.714517050000097],[33.749857321000036,0.71602765300014],[33.75071235800016,0.717104052000082],[33.7511679430001,0.717538211000033],[33.75464051300003,0.719545967999977],[33.75749327600005,0.719825933000152],[33.75884519600004,0.719020270000044],[33.75930388300003,0.718522257000132],[33.76042699300007,0.717174804000081],[33.76113957200016,0.716098146000036],[33.76171615900017,0.715285536000124],[33.76227950500004,0.714569090000168],[33.767032438000115,0.708425700000078],[33.76829926700003,0.706670463000023],[33.76970091600009,0.705041855000104],[33.77196846400011,0.702273242000103],[33.772667536000085,0.701051846000098],[33.773476112000026,0.699712827000099],[33.775898643000176,0.696745169000053],[33.779129488000024,0.694283982000059],[33.780781161,0.693207173000019],[33.78092319500007,0.692800057000113],[33.781195310999976,0.69273274000011],[33.78151329100018,0.692725272000075],[33.78214284600017,0.692534026000033],[33.78240265400018,0.69240320300014],[33.78300222900009,0.69222202200018],[33.78356183600016,0.6920710280001],[33.783831654000096,0.692040803000168],[33.784181920000094,0.69196212200012],[33.784441222000055,0.69184956099997],[33.78468103400019,0.691668440000171],[33.78477095700009,0.691557764000095],[33.78487084300019,0.691266007000024],[33.78487082100003,0.691135226000142],[33.78492074300004,0.690863597000089],[33.785010594000084,0.690501567000183],[33.78538176800009,0.689997174000098],[33.78551017900014,0.689792994000072],[33.785556383000085,0.68961492000011],[33.78553715800018,0.689411891000077],[33.785442468000156,0.689132889000064],[33.78542893600007,0.689064838000036],[33.78540366100003,0.688934427],[33.78537599800012,0.688850977000016],[33.78544915700007,0.688697348],[33.785578537000106,0.688565951000101],[33.78574604000005,0.688493124],[33.78599108300017,0.68833749700002],[33.78628732900012,0.688098341000114],[33.78645295000007,0.687897319000172],[33.78679048400011,0.687550517000091],[33.78680274300018,0.687536343000147],[33.78697377500009,0.687311068000099],[33.78844225600017,0.686556728000028],[33.791136767000125,0.684511775000033],[33.792536934000054,0.684194915000091],[33.7958338630001,0.684112945000038],[33.80249970300008,0.684537006000028],[33.81219142000003,0.686362735000046],[33.82440122100013,0.689318796000123],[33.83338528500008,0.691515485000025],[33.84358983700008,0.693847624],[33.845539408000036,0.69425435800008],[33.849060164000036,0.695043267000074],[33.851590343,0.695610211000087],[33.85925778300009,0.697631733000037],[33.85948665900003,0.698245793000012],[33.85932172800011,0.698514254000145],[33.858800529000064,0.69914148800018],[33.85844476700015,0.699653306000073],[33.85829255700014,0.699719191999975],[33.85783720400008,0.699937575000035],[33.85750437100012,0.700088469999969],[33.85648771400014,0.700498060000143],[33.85633019300013,0.700614579999979],[33.855788131000054,0.701018534000013],[33.85562360900013,0.701137911000046],[33.85378937100006,0.700807470000143],[33.85292173300002,0.700686219000147],[33.852174837000064,0.700479023000071],[33.85073724000006,0.700216173000172],[33.85034998300006,0.700185546000057],[33.84925611700015,0.700157974000035],[33.848312329000066,0.700479732000019],[33.84675885100012,0.701810206000175],[33.84580058900008,0.702395080000088],[33.84523431700012,0.702599829000064],[33.84483365500017,0.702555318000179],[33.84418883400019,0.702658490000033],[33.843695227000126,0.703199427000072],[33.84301299100014,0.704529744000126],[33.842824269000175,0.704792893000104],[33.84233417400003,0.705632131000129],[33.84222627600019,0.706558711000014],[33.842234323000014,0.707447911000088],[33.84238872800012,0.707878741],[33.84336443800004,0.708502760000044],[33.84371612500007,0.708838802000116],[33.84384760400019,0.70910913900002],[33.84388766100005,0.709425510000187],[33.84390487500008,0.70981666800003],[33.843865116000075,0.71046670200019],[33.843818149000185,0.711008516000049],[33.84400870000019,0.711822653000183],[33.84400812700005,0.711979536000115],[33.84396243800012,0.712123353000038],[33.84388817700011,0.712255672000026],[33.84369393200012,0.71248580200006],[33.84351074600005,0.713116374000037],[33.843511233000186,0.713348689000156],[33.84345986699998,0.713693841000122],[33.843368510000175,0.714085019000152],[33.84322002500005,0.714562492000141],[33.843140071,0.71481561000013],[33.84297871200005,0.715159241000038],[33.84278018300006,0.715431180000053],[33.84258023800015,0.7157360920001],[33.842334564000055,0.715960479999978],[33.842123153000045,0.716058310000108],[33.84163749700019,0.716386284000066],[33.84121468700005,0.716650971000035],[33.84090042400004,0.716783335000116],[33.84063760300006,0.71699046800012],[33.84042198000009,0.717254430000139],[33.84030055799997,0.717531253],[33.84021800300019,0.717922810000175],[33.8402469130001,0.718997112000068],[33.84111942800007,0.720307924000167],[33.84131253600003,0.720493532999967],[33.84145540200018,0.720539525000049],[33.841841191000185,0.720598021000114],[33.84216973600013,0.720786741999973],[33.84219265200005,0.72110311800003],[33.84215842600008,0.721431010000174],[33.84206133700013,0.72171864600017],[33.84182708300011,0.721902765000038],[33.841341384000145,0.721994894000147],[33.84078138700005,0.722029513000052],[33.840404240000055,0.722018078000076],[33.839952816000164,0.722052677000022],[33.83974139900016,0.722121745000038],[33.839370014999986,0.722374918000128],[33.839010055000074,0.722605080000164],[33.83865009100015,0.722812232000081],[33.83818729500018,0.723157461000142],[33.83780451300015,0.723577455000054],[33.837650668000094,0.723833605000095],[33.837621772000034,0.724216002000048],[33.83768471100018,0.724658923],[33.837791988000106,0.725547138000024],[33.83777064100019,0.725826638000058],[33.83777068800009,0.726079742000081],[33.837823141000115,0.726255576000028],[33.838067090000095,0.726676981000026],[33.83884013300002,0.727459517000113],[33.8389481210001,0.727603899000144],[33.83898258,0.727908016000185],[33.83891966700003,0.728236665000111],[33.838616844000114,0.728432302000044],[33.838382567,0.7284898690001],[33.83809494400009,0.728614521000111],[33.8380569630001,0.729093929000157],[33.83796567100018,0.729836002000184],[33.837845770000115,0.730370995000101],[33.83775438800018,0.730624117000104],[33.8376115480001,0.730721934000087],[33.83735440500004,0.730733487000066],[33.837028657000076,0.730566729000145],[33.83661715900013,0.730215913000052],[33.83634285099998,0.730100916000083],[33.836142835000146,0.730026173],[33.83591997200011,0.73000320500006],[33.83575996600018,0.729980226],[33.835474250000175,0.72998603200017],[33.835325811000075,0.730043940000144],[33.834765779000065,0.730555650000042],[33.83453152900006,0.730757027000095],[33.83433608600012,0.731333360000065],[33.83426311800014,0.731637191000061],[33.83378890900008,0.732074460000092],[33.83350323900004,0.732327618000113],[33.83338327399997,0.732523222000111],[33.83339472900013,0.732667029000027],[33.83343598900018,0.73286647000009],[33.83315146300009,0.734133016999976],[33.83304651300011,0.734599892000176],[33.832817984000144,0.734841534999987],[33.83273229200012,0.734962351000036],[33.832614776000185,0.735178104000056],[33.83215421200009,0.735517301000129],[33.8316489930001,0.735757363000118],[33.83088680100013,0.736268488],[33.83035540900005,0.736498684000082],[33.83012116300017,0.736728823000021],[33.82977834400015,0.736953231000086],[33.829504068000176,0.737022311000146],[33.829178335000165,0.736936086000185],[33.82861255000017,0.736596802000179],[33.82792673300014,0.736084969000046],[33.82760101300005,0.736067772000126],[33.82732677200016,0.736332433000086],[33.8270525370001,0.736620104000167],[33.826526841000145,0.736752508000109],[33.825599591000184,0.736158149000062],[33.8248667850001,0.735597662000146],[33.82363088400007,0.734876604000135],[33.82279902500011,0.734668691000081],[33.82104061300009,0.735501288000137],[33.81811810700003,0.736245688999986],[33.817052312000044,0.736507243000176],[33.816280291,0.736679330000072],[33.81602751000014,0.736761911000087],[33.81620603100009,0.73753797500018],[33.8161780210001,0.737855453000122],[33.816246387000035,0.738089285000115],[33.816525996,0.738713602000189],[33.81654044700008,0.739561079000055],[33.81656099600008,0.739843065000116],[33.816588362,0.740042515000084],[33.81661570800014,0.740138799000079],[33.816752383000164,0.740290086000073],[33.81734775100006,0.740628062000155],[33.81744299400003,0.740694596000139],[33.8179967750001,0.741130376000115],[33.81818735600018,0.741287099000033],[33.818314383000086,0.741600024000093],[33.8181577470001,0.742413281000154],[33.818173967,0.742786460000048],[33.81828333800013,0.743075307000026],[33.818590858000164,0.743426017000104],[33.81881617000016,0.743844707999983],[33.81880133700008,0.74405430500002],[33.81878153800011,0.74421898900016],[33.81865765100008,0.744473519000053],[33.818424687000174,0.744633252000085],[33.818231799000046,0.744757955000182],[33.818216518999975,0.744852866000087],[33.81824629100015,0.745002569000178],[33.81818994400004,0.745617504000165],[33.818127461000074,0.745791063000013],[33.81779536400006,0.746035650000124],[33.817522743000154,0.74621036200017],[33.817220358999975,0.746285275000048],[33.81691299800008,0.746255390000158],[33.81672460800013,0.746190551000041],[33.81657092199998,0.746145667000064],[33.81630322100017,0.746120766000047],[33.81602067700004,0.746250567],[33.815723268000056,0.746420294000131],[33.815515094000034,0.746609965000118],[33.8151532600001,0.746889491000161],[33.81492524000009,0.746984350000105],[33.81461788400003,0.746984407000184],[33.81435514100008,0.746959505000063],[33.81404778900003,0.746979524000039],[33.81382472400014,0.747064401000046],[33.813811348000115,0.74720891200019],[33.813799993000146,0.74736382500015],[33.81379506200017,0.74750854600012],[33.813755426000114,0.747633311000016],[33.81370091700012,0.747748099000148],[33.81354466100015,0.747919077000063],[33.81343094900018,0.748089288000187],[33.81319040400007,0.748252217000072],[33.813140733000125,0.748402485999975],[33.81337297699997,0.748755716000119],[33.81387242700009,0.749452196000163],[33.81428871800017,0.749985857000183],[33.81509314200014,0.750628001],[33.81535108800017,0.751387852000107],[33.81478853700003,0.752663503000065],[33.81414076400017,0.753095960000053],[33.813785409,0.753239171000075],[33.81369977000014,0.753455188000089],[33.81359753200019,0.753938072000096],[33.81356588700015,0.754415221000045],[33.813152370000125,0.755486296000072],[33.812126805000105,0.755685511000138],[33.81123878800008,0.755568075000042],[33.81024071899998,0.755622542000026],[33.80929777900013,0.75615645900001],[33.80879863500007,0.757106428000043],[33.80825798500007,0.758373031000133],[33.80739872800012,0.758879793000119],[33.80639390800013,0.759107876000087],[33.805734696000115,0.759884261000082],[33.804847371000164,0.760472447000097],[33.803987601000074,0.761250603000178],[33.80341836600013,0.762842884],[33.803184213,0.763177647000077],[33.80232441800001,0.763820107000129],[33.80174208799997,0.764462514000115],[33.80132599000018,0.764996333000113],[33.80129864600008,0.765946216000088],[33.80158981700009,0.76715838500013],[33.80131320000004,0.768696333000037],[33.80106341400017,0.769528654000055],[33.80064791600006,0.770261495],[33.799843793000036,0.771265804000052],[33.799178417000064,0.772351505000131],[33.79890108300003,0.773048134000135],[33.79883159500014,0.773898514000109],[33.798333068000034,0.775156066000079],[33.798240947000124,0.778096182000183],[33.79816712600012,0.779787883000097],[33.79777916400019,0.780602139000109],[33.79761306900019,0.781443491000118],[33.79743294900004,0.782375311000123],[33.79759937900013,0.78329801700005],[33.7973776930001,0.784220798000149],[33.79704529800006,0.784826975000101],[33.79682360900006,0.785722617000147],[33.796283136000056,0.787921011000151],[33.79486902899998,0.791829355],[33.793721474000165,0.797402200000079],[33.79352567500007,0.798569231999977],[33.79305451300013,0.801916516]]]}},{"type":"Feature","properties":{"country":"Uganda","admin_level":"Admin2","name":"Bugulumbya"},"geometry":{"type":"Polygon","coordinates":[[[33.23308870100004,0.824764600000094],[33.23202129099997,0.825067042000057],[33.22995866600013,0.825736660000018],[33.22642492000011,0.827202522],[33.22445836400016,0.828170693000061],[33.22193683100011,0.829337934000137],[33.219227044000036,0.829184283000131],[33.217252022000025,0.829482953000138],[33.21608596400017,0.831156763000081],[33.21591589400015,0.833599536000122],[33.21570025400007,0.834784740000146],[33.21451027600017,0.835617154999966],[33.21414070500009,0.836476666000124],[33.214043329,0.838032803000033],[33.21385128000003,0.839199912000026],[33.21356267500005,0.841470793000099],[33.212961395000036,0.842429837000054],[33.21228739000014,0.843750775999979],[33.21096189700012,0.846176819000107],[33.21099295700003,0.849414081000077],[33.21053426000003,0.85156943100003],[33.210150709000175,0.85300061099997],[33.20942894800004,0.852834214000154],[33.20890149400009,0.852525960000037],[33.20849462199999,0.852331560000152],[33.20803772100015,0.852303281000047],[33.20746131600015,0.852147645000116],[33.206702138000026,0.851716062000037],[33.206139777000146,0.85128446900012],[33.20596402800004,0.850923611999974],[33.20594995200014,0.850605202000111],[33.20585153200017,0.850400009000111],[33.20572499700006,0.850237273000118],[33.205405297000084,0.850078504000066],[33.204875104,0.84974861500001],[33.20413284600005,0.84948666300005],[33.20355445900009,0.849224701000026],[33.20285075800001,0.848953042],[33.20233986000005,0.848875441000075],[33.201973563000024,0.849011309000161],[33.20165546500016,0.849127767000027],[33.20133735900015,0.849118081000086],[33.20037339100014,0.848846434999984],[33.199467255000116,0.848468048000029],[33.19837795800015,0.84789560300004],[33.19782666000003,0.84766901900008],[33.19632533000015,0.847099834000176],[33.19550044900018,0.846702472000175],[33.19547766700009,0.846691024000108],[33.19427493600011,0.846105552000154],[33.1932892960001,0.845567274000189],[33.192700933000026,0.84523727300018],[33.19216198600009,0.845169486000145],[33.19186107700017,0.84519210600007],[33.19151525900014,0.845273501000122],[33.19128171699998,0.845268991000125],[33.190612517000034,0.84502941300002],[33.190015170000095,0.844658724000169],[33.18936841700014,0.844220222000104],[33.18897637700002,0.84410906100004],[33.18861117800009,0.843655586000125],[33.18816408500015,0.843052379000028],[33.18774444700006,0.842758049],[33.18730797300003,0.842420466000078],[33.186927472000036,0.841980032000038],[33.186652106,0.841472187000022],[33.18602473600015,0.840597910000099],[33.18566228100008,0.839988479],[33.18554811600018,0.839548031000163],[33.185325430000034,0.838369031000127],[33.18519646700008,0.837382883000089],[33.18501974000014,0.836071034000156],[33.184438045000036,0.835573461000081],[33.18446437300008,0.833999231000064],[33.18394357699998,0.832470264000108],[33.18275632000007,0.831601779000096],[33.18218296800006,0.83137810900007],[33.181669218000025,0.830995450000103],[33.18072391200013,0.8301267],[33.18031291500017,0.829868150000095],[33.179799178,0.829754403000038],[33.17932654100008,0.829682025000068],[33.17880588200006,0.829645086000141],[33.17841208599998,0.829392468000037],[33.17787778900009,0.829040839000129],[33.17727016700013,0.828775336000092],[33.17677836900009,0.828254836000042],[33.17640846400013,0.827861828000039],[33.176091313000086,0.827468397000075],[33.175762561000056,0.826716561000012],[33.17527364800003,0.825882073000059],[33.17416846200007,0.824831492000101],[33.17350058900013,0.824324724000121],[33.172824625000146,0.823930045000054],[33.17186878700011,0.823369234000097],[33.17104264400007,0.822984665000149],[33.170582516000024,0.82246315000009],[33.170387284000185,0.822111504000134],[33.16983242700002,0.821459932000039],[33.16885386400014,0.820492323000167],[33.16857704200015,0.819993527000122],[33.16805482800015,0.81931905],[33.16748688000001,0.818918515000178],[33.16668826600005,0.818388256999981],[33.16619507200011,0.818109022000044],[33.165791481000156,0.817696836999971],[33.165568286999985,0.817281626000181],[33.16480794300014,0.816702461000148],[33.16418853800013,0.816448281000078],[33.16336646500008,0.816132271000015],[33.16265023600005,0.815761356000166],[33.162353897000116,0.815455809000184],[33.16231114400006,0.815016689000117],[33.16219129900003,0.814721315000156],[33.16207613600017,0.814529918000062],[33.1619333380001,0.814389871000117],[33.16163676200006,0.814157687999966],[33.16146467200019,0.813999213000102],[33.16131821500005,0.813892336000038],[33.16120471200003,0.81382231300006],[33.16111031800017,0.813809473000049],[33.1609850320001,0.813814951000154],[33.160820275000106,0.813888670000097],[33.16044682900008,0.814135622000094],[33.160249120000174,0.8141946],[33.16004057300006,0.814171884000075],[33.15990644400006,0.814054253000052],[33.159765941000046,0.813901423000175],[33.15963903400012,0.813734907000082],[33.15946000500014,0.81353189400005],[33.1592197920001,0.813312916000086],[33.15907249200018,0.813201147000143],[33.15897051400009,0.813087094000025],[33.158784692000154,0.813004981000063],[33.15860566900017,0.812950241000181],[33.15837225900003,0.812856725000074],[33.158143381000116,0.812767770000107],[33.157900906,0.812649161000138],[33.15768335600012,0.812516865000021],[33.15750206500013,0.812402816000088],[33.15732983900011,0.812291048000077],[33.15714854700002,0.812138220000065],[33.15677463200012,0.811878186],[33.156344065999974,0.811588500000028],[33.155705325000156,0.811241822000113],[33.1550376780001,0.810957356000017],[33.154635561000134,0.810866502000181],[33.154299089000176,0.810593907000055],[33.15397081100019,0.810007399000028],[33.15362611900008,0.809379587000137],[33.15342914900015,0.808908726000027],[33.15328962800004,0.808586558000172],[33.15320755500011,0.80835525700013],[33.15273156000006,0.807694406000053],[33.15253459300004,0.807339196000157],[33.152304803,0.807008771000085],[33.152157085000056,0.806917908000116],[33.15183703600013,0.806909659000041],[33.15154160500009,0.806893148000029],[33.15136926800017,0.806802286000163],[33.15113127800015,0.80669490300005],[33.150803023000094,0.806670133000125],[33.150384498,0.8067031920001],[33.150039831000186,0.806736248],[33.149736195000116,0.806719737000151],[33.14916416200015,0.80622551100015],[33.14861924000013,0.80495890800006],[33.14828751600004,0.804316561000121],[33.14799350500016,0.804144855000118],[33.14739900100017,0.803953375000049],[33.14688771200008,0.803319044000091],[33.14650722600004,0.803067711000153],[33.146162418000074,0.803055755000059],[33.14541333100004,0.80242143300012],[33.144879716,0.802009621000025],[33.14448588800013,0.801607583000134],[33.1434989870001,0.800518452000176],[33.14310660500013,0.800063649000094],[33.14249707600004,0.799892635000162],[33.142043089000026,0.799710166000068],[33.141635615999974,0.799522473000081],[33.14136625800012,0.799077551000039],[33.14060654900004,0.798305897000148],[33.13984684800016,0.797784518000071],[33.13905262900005,0.797631599000113],[33.13856919400013,0.797624664000182],[33.13820316100015,0.79747173100003],[33.13801668500014,0.797256222999977],[33.137919992000036,0.79707547300012],[33.13758848600014,0.796825209000019],[33.13708432200019,0.796491527000114],[33.13662850100002,0.796150891000025],[33.13637987600015,0.796102234000159],[33.13598622500018,0.796185673000025],[33.13551660500008,0.796227400000021],[33.13528179000008,0.796150935000185],[33.134791442,0.79591458200008],[33.13448757000009,0.795914592000088],[33.13426656900003,0.795858982000084],[33.133976498000095,0.7955531],[33.133410173000016,0.795045618000131],[33.133009614,0.795066486999986],[33.13269884300013,0.795344580000176],[33.132325913000045,0.795490586000028],[33.13196932200009,0.795324097000162],[33.13164908700014,0.794934442000169],[33.13124741100012,0.794467556000086],[33.13075990700014,0.794069913000158],[33.13034805600006,0.793934553000156],[33.12995301900014,0.793883800000117],[33.12963362400012,0.793723054000111],[33.12941508400013,0.793460774000096],[33.129053657000156,0.793096970000022],[33.128776290000076,0.793046214000071],[33.12837285000006,0.793054687000165],[33.12798621400003,0.79291932600006],[33.12754915100004,0.792834731000085],[33.127397856000016,0.792699362000178],[33.127187726000045,0.792538611999987],[33.12655734800012,0.792479406000098],[33.125876543,0.792547114000172],[33.125658010000166,0.792470972999979],[33.12550671400004,0.792276378000167],[33.12516210500007,0.792183320000106],[33.12479228400008,0.792149488000121],[33.12429639700002,0.792445632000124],[33.12394339500014,0.792784076999965],[33.123792105000064,0.792741777],[33.12364921400001,0.792597947000047],[33.12337451000002,0.79231673400011],[33.12312265700007,0.792317048000143],[33.12342595400003,0.79207536500013],[33.12348911600009,0.791985902000079],[33.12394212500004,0.791198771000097],[33.12467965800005,0.790746383000112],[33.125203176000184,0.790411617000132],[33.12596402700018,0.79019445800003],[33.126677691000054,0.789886827000089],[33.12705853300014,0.78960634900011],[33.127581774000134,0.789389197000105],[33.12858106900018,0.788891563000163],[33.12889112100004,0.788222052000094],[33.129961479000144,0.787896315000012],[33.13072233200012,0.787751534000051],[33.1312686170001,0.787968653000178],[33.131767713000045,0.788086252000028],[33.13179268400006,0.787253898000074],[33.13243445900014,0.787371493000137],[33.13302959000009,0.786828635000177],[33.13357615200016,0.78690099500011],[33.13398059200006,0.786855746000185],[33.13469342700017,0.787018574000172],[33.13574018200018,0.786403323000116],[33.13659707400018,0.785788077000063],[33.13733350800004,0.786168040000121],[33.13840275800004,0.786357998000028],[33.13899761800002,0.786149890000047],[33.13918858500011,0.785552761000133],[33.139641313000084,0.784883244000071],[33.14026003900011,0.784458],[33.140355796000165,0.783933252000111],[33.14052316900006,0.783308982000165],[33.14109470200003,0.782648509000126],[33.14196256100013,0.782494675],[33.142082464,0.78175279200002],[33.14272478900017,0.781535634000022],[33.14320138500017,0.780730407000078],[33.1431314240001,0.779943294000077],[33.14370295400016,0.779246631000035],[33.144108212000106,0.778486643000065],[33.14452526600019,0.77773570200003],[33.1453094310001,0.777681391000044],[33.14661767900003,0.777482303999989],[33.146975194,0.776812791000111],[33.14752340600006,0.775953277000042],[33.14719112900019,0.77545568700009],[33.14714476400019,0.774804282000105],[33.14731213599998,0.774161917000185],[33.14783537500006,0.773999047000189],[33.14900011000003,0.774044243],[33.149428963000105,0.773383773999967],[33.1498336680001,0.772931394000068],[33.15007265500009,0.772189507],[33.150453764000076,0.771592371],[33.15063320900009,0.770886674000167],[33.15061043300017,0.770126701000038],[33.15094407500004,0.769529567000063],[33.15153892900008,0.769240032000141],[33.15163551300003,0.768335298000068],[33.15237276600004,0.768127183],[33.15303895000011,0.767602415000113],[33.153847546,0.767484771000113],[33.15413372000006,0.766842402000179],[33.15475189600005,0.766842379000082],[33.15508553900003,0.766290481000112],[33.15537253600007,0.765096226000139],[33.15575952200015,0.763983394000093],[33.15637291400009,0.763766236000038],[33.156861303000085,0.763015291000158],[33.15733735200013,0.762707665000107],[33.157575780000116,0.76211053500009],[33.15760074800005,0.76129627600011],[33.15817282600017,0.760364383000024],[33.1581741980001,0.759459652000032],[33.158887850000156,0.759061544000133],[33.159127111000146,0.758174899000039],[33.15980566300016,0.758002975000068],[33.16113284099998,0.761006631000043],[33.16194321199998,0.76336794600013],[33.162828589000185,0.766127340000025],[33.16304988200011,0.766855462000024],[33.163308157000074,0.777564055000084],[33.16332664000009,0.778010195999968],[33.163548253000044,0.778372676000117],[33.16408380900009,0.779088339999987],[33.16434236000009,0.779608828000107],[33.16460092500006,0.780463922000138],[33.16471175600009,0.781281843000045],[33.16490878900015,0.781731881000155],[33.16569805200015,0.782028102000083],[33.16619301700018,0.782337800000107],[33.16671474100019,0.782728294000094],[33.16720970300008,0.78294373000017],[33.16757089400005,0.783118774000059],[33.16814613200006,0.783684323000045],[33.16852070900006,0.784088288000021],[33.16933672800013,0.78445183700012],[33.16985843500004,0.78439795100013],[33.17008583400013,0.784101690000057],[33.170460371000104,0.783549569000115],[33.17048711600012,0.783334111000045],[33.17062088300008,0.783226377000176],[33.170941931000186,0.783132102000081],[33.171289732000105,0.78302436000007],[33.1715305080001,0.782728098000064],[33.17157062800004,0.782458776000169],[33.1717043860001,0.782135586000095],[33.172065560000135,0.781920115000105],[33.17253375100006,0.781731571000137],[33.173215965000054,0.781246766999971],[33.17392492700009,0.780654233000178],[33.17441987899997,0.780586882000023],[33.1747944330001,0.780465672000105],[33.17528937499998,0.780182866000132],[33.175784319000115,0.779980854000144],[33.17605186200012,0.780007775000172],[33.17647993500009,0.78010201900014],[33.17713541200004,0.780088525000053],[33.177523343000075,0.779940382000177],[33.17797814700009,0.77953638300005],[33.17841958700018,0.779401704000179],[33.178700507000144,0.779415158000063],[33.179101814000035,0.779280481],[33.17940946900018,0.778849555000079],[33.179677010000034,0.778809146000185],[33.180733804000056,0.778862964000041],[33.18256646999998,0.77893021400007],[33.183101556000054,0.778957123000055],[33.18365003100007,0.779293749000033],[33.18417173700004,0.779239862000111],[33.184532911000076,0.779078255000172],[33.1851482460001,0.778781975000129],[33.187135935000185,0.77696665700006],[33.188437351,0.776078298000186],[33.191019228000016,0.774268723000091],[33.19348855900017,0.774295752000114],[33.19527454800004,0.77417805500005],[33.19720177000016,0.773182763000136],[33.199290183000016,0.771591673000103],[33.201390415000105,0.77048905200013],[33.20278198600005,0.769892327000036],[33.203232946000014,0.76945129700016],[33.20359371100011,0.769023243000049],[33.20405757300017,0.768945396000106],[33.20441835700018,0.768932407000023],[33.20498529499997,0.768724846000168],[33.20582277800008,0.767622286000062],[33.206312374000106,0.766792129],[33.20668603000013,0.766493782000111],[33.20693084100003,0.766351091000104],[33.20703391300003,0.766156523],[33.20707256100019,0.76601384300011],[33.20724006100005,0.765871155000013],[33.20766526800014,0.765780339000173],[33.20802603800013,0.765494962999981],[33.20812000400008,0.765187771000171],[33.20796936300013,0.764761340000121],[33.20765868400014,0.764325439000061],[33.20746083500018,0.764009858000122],[33.20744214300004,0.763842152000109],[33.20768690800014,0.763965333000101],[33.20784694500014,0.763993755000115],[33.20802580100019,0.763832646000026],[33.208421156000156,0.763311424000051],[33.20881652300011,0.763027111999975],[33.20908952500014,0.763027099000055],[33.209268388000055,0.763036566000039],[33.209409590000064,0.76292284200008],[33.20972022700005,0.762505864000047],[33.21012499800008,0.762041499000077],[33.2108498450001,0.76167188300002],[33.21215834100019,0.761131662000025],[33.21292084500004,0.760799948999988],[33.2131373580001,0.760705174000066],[33.213466843000106,0.76074306300012],[33.21384340600008,0.760932573000161],[33.21399114900015,0.76102624300006],[33.21416528500015,0.761051276000103],[33.214396279000084,0.761022645000139],[33.21453842700009,0.760976131],[33.21461006900017,0.760930568000049],[33.214687679,0.760822296000185],[33.214698334000104,0.760700664000069],[33.21469527200003,0.760589533000029],[33.21476584200019,0.760446664000028],[33.214876116000084,0.760373740000034],[33.215078567000035,0.760299975],[33.21537352700011,0.760235567000052],[33.21579997300006,0.760113913999987],[33.21609848300005,0.759967225000025],[33.21631525500004,0.759820541000181],[33.21652136500006,0.759630928000036],[33.21666351000016,0.759512866000023],[33.21680920800014,0.759380495000187],[33.216997553,0.759305360000099],[33.21747020000015,0.759226634000129],[33.21782202100019,0.759183687000018],[33.21804590400018,0.759076354000115],[33.21842969400012,0.758732903000066],[33.21889877300009,0.758367985000064],[33.219731904000014,0.757834072000037],[33.22117052100015,0.75702011900006],[33.22260916100015,0.756649011000093],[33.224463923000144,0.755930786000079],[33.22568347000009,0.755276785000092],[33.23007763600003,0.752290955000149],[33.23214412500005,0.750969943000086],[33.23402357100008,0.749829887000089],[33.23583169100016,0.748934110000107],[33.23747135399998,0.749124013000085],[33.23977288200018,0.752281380000113],[33.24070826400015,0.754506954000078],[33.241110525000124,0.755791642000133],[33.24247232100015,0.756489205000037],[33.24515278900009,0.758333692000122],[33.24684480200017,0.760414464000178],[33.247811241000136,0.761507376],[33.24843178000003,0.76212497400013],[33.25000130700016,0.764051275999975],[33.25068728600013,0.766132104000064],[33.250721063000185,0.767389670000171],[33.250715237000065,0.768582188999972],[33.250707186,0.770230508000054],[33.25071116800018,0.771089997],[33.25147122400017,0.77192229800005],[33.251701121999986,0.774545988000057],[33.252414934000114,0.781711367000071],[33.25267565399997,0.783077486000025],[33.25157803700006,0.782842324000114],[33.250758468000186,0.782525720000024],[33.24998558400017,0.783267641000066],[33.249481302,0.785692335000135],[33.248898927000084,0.787881805999973],[33.24823848200003,0.790225084000099],[33.247306729000115,0.792649804000121],[33.24673554300011,0.794097399000123],[33.24543589100006,0.797028788000091],[33.24455353700006,0.798937812000133],[33.243789704000164,0.800819687000114],[33.24313208400014,0.803488667000181],[33.24317659500019,0.805759526000031],[33.24339591600011,0.809912203000181],[33.24336746800009,0.813250642000071],[33.24340412400005,0.815648162],[33.24323119300004,0.816978119],[33.24303863000006,0.818787582000084],[33.241941701000144,0.820814235000171],[33.24044197500001,0.822216651000019],[33.23925283000017,0.822723370000119],[33.2363869510001,0.823619221000058],[33.23476977000013,0.824144058000059],[33.23391315900005,0.824542189000056],[33.23308870100004,0.824764600000094]]]}},{"type":"Feature","properties":{"country":"Uganda","admin_level":"Admin2","name":"Bulamagi"},"geometry":{"type":"Polygon","coordinates":[[[33.458571418000076,0.620216965000054],[33.458320625000056,0.620340261000138],[33.45801957300017,0.620384152000156],[33.45779774300013,0.620396135000135],[33.45744123000003,0.620420093000178],[33.45717583600009,0.620539748000056],[33.45690648700008,0.620747133000066],[33.45668468000014,0.621026293000057],[33.45662527400003,0.621181820000061],[33.456649059000085,0.621369241000025],[33.45672037100013,0.621492855000099],[33.45672434300013,0.621608499000104],[33.45667285600001,0.621724147000066],[33.456530270000144,0.621947472000159],[33.456264881000095,0.622142895000081],[33.45599948800009,0.622282489000099],[33.455896512000095,0.622469921000118],[33.45588860800018,0.622701210000173],[33.455868821000024,0.622912562000067],[33.455805450000014,0.623024223000186],[33.45569454200012,0.623115951000102],[33.455559870000116,0.623235595000097],[33.4554767030001,0.623466890000088],[33.45549652400007,0.623646337000139],[33.455488630000104,0.623973331000172],[33.455437144000086,0.624096956000187],[33.45529059500018,0.624304330000143],[33.45471229900011,0.624886589000084],[33.4545301010001,0.625129857000104],[33.45451031500005,0.625357160000021],[33.45447864500011,0.625592439000059],[33.45436377800013,0.625716069000134],[33.4542409820001,0.625755957000081],[33.454082535000055,0.625791860000106],[33.453983510000114,0.625871623000023],[33.453832543000146,0.626142382000126],[33.45383391100006,0.626733726000055],[33.45382149700009,0.627128478000031],[33.453187949000096,0.628120544000069],[33.453077003000146,0.628681282000059],[33.45303744900008,0.62907922900007],[33.45311040600018,0.629451982999967],[33.45307351800011,0.629902825000158],[33.45267389300017,0.630584838],[33.45245561800016,0.630825067000103],[33.452281848000155,0.630971346000024],[33.452202945000124,0.631090513],[33.45217139099998,0.631221592000145],[33.452100385000165,0.631408284000088],[33.45198597300009,0.631555259000095],[33.451907074000076,0.631718119000084],[33.45181635200004,0.632043833000012],[33.451729576000105,0.632381463000058],[33.45168224500003,0.632588012000042],[33.451642796000044,0.632667456000036],[33.451465234000125,0.632592004000173],[33.450628589000075,0.632201403000124],[33.44900981500007,0.631368805000136],[33.447605517000056,0.630536597],[33.444724447000056,0.628700292000076],[33.44246290700016,0.626655847999984],[33.44210426700016,0.627186231999985],[33.44154421899998,0.62948766],[33.44128594600005,0.630727131000128],[33.43891234800009,0.632030113000155],[33.43553517600009,0.633464089000142],[33.434736194000095,0.633119463000014],[33.433613861000026,0.633177006999972],[33.432263288000115,0.63361756300003],[33.432111122000094,0.633809074000169],[33.432244351000065,0.634651649000148],[33.43223466000006,0.635144479000076],[33.43211133600016,0.636375134000048],[33.431864102000134,0.637102843000093],[33.431331545000035,0.63804122300013],[33.430722905000096,0.63907535900006],[33.43048877500007,0.639949845000103],[33.43040144200006,0.640653660000169],[33.430337903000066,0.640885602000026],[33.43024258200006,0.641085555000132],[33.430186995000156,0.64139747500019],[33.43021880500015,0.641765373000055],[33.43020295000014,0.642181260000086],[33.42994081600011,0.642709138999976],[33.429412839000065,0.643430246000037],[33.42923599400007,0.64379062],[33.429154216000086,0.64409854500002],[33.429033302,0.644259675],[33.42891399100017,0.644305034000126],[33.42879500999999,0.644338465000146],[33.42861074700011,0.644489323000187],[33.42843225800004,0.644718023000109],[33.42810508000014,0.645165606000091],[33.427909490000104,0.645512925000162],[33.42787749500002,0.645695531000172],[33.42787040200005,0.645931840000117],[33.42780283500008,0.646057161000044],[33.42762146000007,0.646268423000151],[33.4274554910001,0.646407271000101],[33.42743297800013,0.646529811999983],[33.42742587400005,0.646655126999974],[33.427472123000086,0.646791181000026],[33.427543271000104,0.64695229400013],[33.42753972200006,0.647052546999987],[33.42742947200003,0.647145647000059],[33.427291450000155,0.64719134],[33.42721607500005,0.647202953000033],[33.42708091900005,0.647181482000121],[33.42685329700004,0.647267431000046],[33.4267466070001,0.647399917000143],[33.42663991700016,0.647535982000136],[33.42643365300012,0.647822435000137],[33.42625584900014,0.648198397000158],[33.426184743000135,0.648534965000067],[33.426088729000185,0.648735478000049],[33.42594605599999,0.64886364],[33.42578998200008,0.648925266000163],[33.42561791300011,0.649086255000043],[33.42553747600016,0.649168759000133],[33.425452124000174,0.649276178000036],[33.42508229700002,0.65011761400001],[33.4246109770001,0.650916900000084],[33.424527523000165,0.650973388000125],[33.42441371600006,0.651062908000085],[33.42434259400005,0.651216873000124],[33.42434737100018,0.651343293000082],[33.424324834000174,0.651478247000057],[33.42424304100007,0.651621471000055],[33.42403465200016,0.651886822000051],[33.42401988700004,0.651911424000104],[33.42382696599998,0.652330435000067],[33.42370607000015,0.652709972000139],[33.42367407400013,0.652885417000164],[33.42364920500012,0.653221980000012],[33.42362076600017,0.653401005000035],[33.42352473900013,0.653447559000142],[33.423410922000016,0.653415345000155],[33.42330065500005,0.653311521000091],[33.42319750900003,0.653290047000041],[33.42307658500016,0.653347344999986],[33.42296458000004,0.653558454000176],[33.42286658100005,0.653829825000116],[33.42283393200006,0.65413408400002],[33.422695096000155,0.654495912000073],[33.42217235600003,0.655104467000115],[33.42158424400009,0.655441665000126],[33.42112043600008,0.65552691400012],[33.42079188300016,0.65536772500019],[33.42030991100006,0.655088180000064],[33.42004851100012,0.65503064000012],[33.41987697600001,0.655096439000147],[33.419697283000176,0.655302032000179],[33.41961921200004,0.655594471000143],[33.419550289000085,0.655787209000096],[33.41934608000014,0.655861234000099],[33.41919910500019,0.65589744600004],[33.419184054000084,0.655772057999968],[33.419128897000064,0.655655985000067],[33.41904867200009,0.655550006999988],[33.418973462000054,0.655428888000188],[33.418968432000156,0.655247201000179],[33.41893834000018,0.655110937000075],[33.41875283200011,0.654974687],[33.41835675600004,0.654798079000159],[33.41802084800008,0.65468707600013],[33.417775180000035,0.654576066000175],[33.41765484800004,0.654470091000178],[33.417594678,0.654354018000106],[33.41755957300006,0.654222802000049],[33.417439242000114,0.654111780000108],[33.41724872400016,0.654025999000055],[33.41710866500006,0.653918990000136],[33.41701306600004,0.653697971000042],[33.416922806,0.653486009000119],[33.41694283900017,0.653243757000155],[33.41705813900012,0.653122622000183],[33.41720351800018,0.65300653200012],[33.41727870200015,0.652789509000058],[33.41727865900009,0.652274725999973],[33.41733879500009,0.651961815000107],[33.41726854300015,0.651194693999969],[33.417173277000074,0.65106348300003],[33.41686744400005,0.650891914000169],[33.41662177500007,0.650760715000047],[33.41644487400009,0.65064039300006],[33.41640050300009,0.650551676000077],[33.41642622100005,0.650392309000097],[33.41653149300009,0.650271175000057],[33.41655655000011,0.65014500000018],[33.41644624400004,0.650018838000051],[33.41633092899997,0.649943143999963],[33.41618052100017,0.649882594000132],[33.416030107000154,0.649746340000036],[33.415954891000126,0.649574753000138],[33.415909758000055,0.649418303000175],[33.415844561000085,0.649145776000069],[33.41588586500012,0.648959859000058],[33.415965351000125,0.648844787000144],[33.41602501600016,0.648802573000012],[33.41612025700016,0.648630971000046],[33.416155333,0.648398811],[33.41614529200018,0.648237312000049],[33.41612522600013,0.648085907000052],[33.41618536600009,0.647838605],[33.41649615900019,0.647338936000153],[33.41661143900012,0.647000786000092],[33.41665654000019,0.646758530999989],[33.416696628000125,0.646521324],[33.41670659400006,0.645769337000047],[33.41664139900013,0.645516998000062],[33.41650601900011,0.645310087000098],[33.41646166800007,0.645234293000044],[33.416490963000115,0.645113260000016],[33.41665024700012,0.644994414000166],[33.416796298000065,0.644888156999968],[33.41685340600014,0.644800484000086],[33.41708249200008,0.644447021000076],[33.417007252000076,0.643967574000101],[33.41674152100006,0.643725345000064],[33.41637050500009,0.643452843000034],[33.41616496,0.643513423000115],[33.4161198490001,0.643634552000094],[33.41606471000006,0.643740541000057],[33.41594329600014,0.643806835000021],[33.415733847000126,0.644023194000113],[33.41550824900014,0.644093869000187],[33.415267611000104,0.644169592000139],[33.415001907000146,0.64425541200012],[33.414781317,0.644275617000119],[33.41463536000015,0.64415347500011],[33.41454065400012,0.644053574000111],[33.41436517600016,0.643952651],[33.414191515000084,0.643721026000151],[33.414214737000066,0.643488350000041],[33.41430496700008,0.643352076000156],[33.41447040300005,0.643266265000079],[33.41468597000005,0.643135029000064],[33.41499748100017,0.642924813999969],[33.41509202600008,0.642751432000011],[33.415182256000094,0.642610111000124],[33.41518224400005,0.642463752000026],[33.41513711700014,0.64238300500017],[33.41503684000014,0.642282075000026],[33.41495160400018,0.642181144000062],[33.41489644100017,0.641999461000069],[33.41486521500002,0.641902566000113],[33.41494682200016,0.641612989000066],[33.41516710900015,0.641292875000033],[33.415202190000116,0.64112632500013],[33.41525732200006,0.640934538000124],[33.41523217900004,0.64000086599998],[33.415192035000075,0.639541602000179],[33.41514188100018,0.639304402999983],[33.41509173800006,0.639188328000103],[33.415081695000026,0.638986454000076],[33.415166912000075,0.638845134000121],[33.41541256200014,0.638764364000167],[33.41566557200008,0.638710383000046],[33.41579357,0.638617972000134],[33.415838682000015,0.638506937000102],[33.41577851200003,0.638406003999989],[33.41573839900019,0.638325258000066],[33.415648053000155,0.638066781000077],[33.41563810000014,0.637936656000079],[33.41570959500012,0.637800439999978],[33.4157784570001,0.637724675000015],[33.41579347800018,0.637467282000159],[33.41574834400018,0.637305786000127],[33.415731710000045,0.637143655000102],[33.415933814000084,0.63697772300003],[33.41602405000009,0.63691715200008],[33.41610425500005,0.63679602000002],[33.41612429300011,0.636599191000187],[33.416089173000046,0.636271146000126],[33.41597385800003,0.63620049900004],[33.41589865000003,0.63611470800015],[33.41580338500006,0.63598854300011],[33.415778309000075,0.635882561000017],[33.415853500000026,0.635756382000181],[33.415973818,0.635705904000076],[33.416086478000125,0.635605788000134],[33.416174335000164,0.635458589000109],[33.41618936100019,0.63527185300012],[33.41617431000009,0.635145683000189],[33.416043954000145,0.63504475600007],[33.41596874700002,0.634979151999971],[33.41593865900006,0.634888311],[33.415909536000015,0.634829687000149],[33.41592922300015,0.634702775000108],[33.41599880100006,0.634661196000138],[33.416013834000125,0.634565303000102],[33.41599377000006,0.634439133000171],[33.41591354100012,0.634252405000154],[33.41576312100011,0.634030354000174],[33.415532488999986,0.633848685000146],[33.41535200500016,0.63382851199998],[33.41522666700013,0.633798241000079],[33.41514644500006,0.633707403000187],[33.41514142200009,0.63359637200017],[33.41512637200009,0.633465154000135],[33.415076234000026,0.633424783000066],[33.41498097700003,0.63338441500008],[33.41489073000014,0.63331881400012],[33.41485061500009,0.633217878000096],[33.414840581000135,0.63313712900009],[33.41487566700005,0.633036189000052],[33.41497593200006,0.632995805000121],[33.41509443400008,0.632983403000139],[33.415191500000105,0.632879710000168],[33.415266691000056,0.632748485000093],[33.41525665500012,0.632642500000088],[33.415196484000035,0.632521380000185],[33.41505609700005,0.632369985000025],[33.414890645000185,0.632253920000096],[33.41484551400009,0.632132798000043],[33.414870573000144,0.632016717999988],[33.41491812800007,0.631933947000164],[33.41499635900004,0.631863933000091],[33.415040963000024,0.631824014000074],[33.41507609900009,0.631729029000098],[33.41504099900004,0.631653328000141],[33.41495576500006,0.631577632000074],[33.41491366700012,0.631488894000029],[33.41491063200016,0.631416135000165],[33.414950734000115,0.63134547500016],[33.4150813760001,0.631278676000022],[33.415206406000095,0.631204142000115],[33.41532170500017,0.631077960000141],[33.41534676100008,0.630946739000024],[33.4153567780001,0.63081551900018],[33.41544199400005,0.630664105000108],[33.41555294900013,0.630442358000153],[33.41588926200012,0.630051154000114],[33.415973356000165,0.6299221700001],[33.415918199000146,0.629801049000093],[33.415845878000084,0.629676139000082],[33.415837939000085,0.629225711000117],[33.41586800300007,0.629018786000131],[33.41585294500004,0.628801770000109],[33.41575768000007,0.628670560000103],[33.41558340100016,0.628583861000095],[33.41559157500012,0.628367350000019],[33.415647351000075,0.628246629000103],[33.415672409000024,0.628130549000048],[33.41563730500013,0.627994286000103],[33.41560220100007,0.627878210000063],[33.415410183000176,0.62766968700015],[33.41535703800014,0.627488895000113],[33.41539661100012,0.627363444000082],[33.41546678900011,0.627242313000124],[33.41550688000012,0.627030340999966],[33.41553192100014,0.626707338000188],[33.41550182300011,0.626490323999974],[33.415491777,0.626253121000161],[33.41549176000012,0.626041151000038],[33.41549674800018,0.625708057],[33.41560806900003,0.625419793000162],[33.415732344000105,0.62527905200011],[33.41578246500006,0.625112501000103],[33.41576741199998,0.624961096000106],[33.415717268000094,0.624819787000035],[33.41555153900015,0.62459775300016],[33.415566833000184,0.624405954],[33.4155467650001,0.624229314000161],[33.41546654400014,0.624138476999974],[33.41532615900019,0.624022410000066],[33.41520583000005,0.623926529000016],[33.41507434300013,0.623766245000127],[33.41514563800007,0.623527829000068],[33.415195761000064,0.623396605999972],[33.41518071200011,0.623280528000123],[33.41505536700015,0.623149319000049],[33.414935035000155,0.623018110000089],[33.41482446600014,0.622895244000063],[33.41481343700019,0.6226120500001],[33.41481968500017,0.622498290000067],[33.41474447700017,0.622402405000059],[33.41463918500017,0.622261100000173],[33.41454892900015,0.622084466000103],[33.414553930000125,0.621917919000111],[33.41453384200008,0.621478841],[33.41448870500017,0.62126687500006],[33.414433547000044,0.621140708000041],[33.41433327000016,0.621019590000117],[33.41415277300007,0.620837916000028],[33.41413270600009,0.62067641800013],[33.414137694000146,0.620338275000165],[33.41408252400004,0.620050607000167],[33.41399225600003,0.619702378000056],[33.41380673800012,0.61941472],[33.41361032500015,0.619170041000132],[33.413607112000136,0.619056535000141],[33.41380225700004,0.618860055000084],[33.41384127400016,0.618663589000164],[33.4137464480001,0.618231377000086],[33.41351779100012,0.617698137000048],[33.41318319300012,0.617204199000184],[33.412982444000136,0.617024589999971],[33.41291552600012,0.616951623000091],[33.41280957100014,0.616811300000109],[33.41278725500007,0.616665358000091],[33.41284545999997,0.616620136000108],[33.41293779199998,0.616468883000096],[33.41303257100009,0.616289251000183],[33.41303255700012,0.616109628000117],[33.41298235300002,0.615851422000105],[33.41296003400004,0.615654961000075],[33.41304923400014,0.615464104000182],[33.41319977300009,0.615290081000069],[33.41335030700009,0.615065540000046],[33.413428354000075,0.61485223],[33.41343390600019,0.614537889000189],[33.41357328599997,0.614285281999969],[33.41393011400004,0.613819355000089],[33.414091794000115,0.613516227000048],[33.41421444500003,0.613252395000075],[33.41433151000001,0.612848233000022],[33.414381672000104,0.61257317899998],[33.41430916800016,0.612354268999979],[33.414258964000055,0.612101677000055],[33.41424779800019,0.611916441],[33.414314693000165,0.611691905999976],[33.414392743,0.611517890000187],[33.414459641000064,0.611338261000128],[33.41440385800013,0.611035150000021],[33.4144149870001,0.610732033999966],[33.414498603000084,0.610428912000145],[33.41462125300012,0.610148241000104],[33.41465469600013,0.609979840999983],[33.41457661600003,0.609766544000024],[33.41436471500003,0.609586936000085],[33.41423088300013,0.609474682000041],[33.41412492900008,0.609351199000059],[33.4140524230001,0.60910983500014],[33.41401895500019,0.608958281000014],[33.41403194600014,0.608825821000096],[33.41420952800007,0.608600160000151],[33.414336745000185,0.60841377100013],[33.41448170700011,0.60823975],[33.414537454000026,0.608076961000108],[33.41453744100011,0.607908564000127],[33.41448166600003,0.607700878000173],[33.41442031500003,0.607510033000096],[33.414414730000146,0.607392155000127],[33.41444259400015,0.607184463000181],[33.41460427000004,0.606813977000058],[33.41463289300003,0.606636905000187],[33.41473876400016,0.606450299000187],[33.41485236500006,0.606273703000113],[33.41534336400008,0.605750234000084],[33.415787582000064,0.604727876000027],[33.41588100200016,0.604630327000052],[33.415808502,0.604478775000132],[33.41578561900019,0.604317628000047],[33.41596564400004,0.603961433000109],[33.41614858000008,0.603732188000095],[33.41611511100007,0.603552567000065],[33.41571360100005,0.603047406000087],[33.415512850000084,0.602828505],[33.41540132000006,0.602688183000112],[33.415351125000086,0.602553469000156],[33.41533910800007,0.602481382000178],[33.415445900000066,0.602328932000148],[33.415568563000136,0.602216658000089],[33.41574699000006,0.602160512000069],[33.415814918000024,0.602121327000134],[33.41595886300013,0.601975258000039],[33.4159811560001,0.601840538999966],[33.415964417000055,0.601683369000114],[33.415825005000045,0.601509370000031],[33.41576365800006,0.601369044000137],[33.41581919700013,0.601216998000154],[33.4158363250001,0.601189536000049],[33.415936491000025,0.601082755000164],[33.41599222600013,0.600757182000109],[33.415785873000175,0.600207101000024],[33.41564087800003,0.599943290000112],[33.415562800000146,0.599746832000051],[33.41551817700008,0.599555986000041],[33.415534869000055,0.599078859000088],[33.415534853000054,0.598859943000093],[33.415462352000134,0.598680324000043],[33.415356103000136,0.598443470000177],[33.41532278600016,0.598281090000057],[33.41533031300014,0.598179343000083],[33.415367291,0.598070162000056],[33.415534783,0.597933758000124],[33.41566301300014,0.597714832000122],[33.41565742600011,0.597557661000167],[33.415654054000015,0.597391021000078],[33.415746611000145,0.597164727000177],[33.415880426000115,0.597058066000159],[33.41610583300019,0.596959205000019],[33.41622054300012,0.596827897000026],[33.41615361500004,0.596603372000175],[33.41594170500014,0.596300274000157],[33.41586363000016,0.596148722],[33.41588034900019,0.596025230000123],[33.41598628300005,0.595901730000037],[33.41612567600015,0.595823134000113],[33.41619814600011,0.595587372000125],[33.41621484300015,0.595177604000128],[33.41617021500019,0.594913786000177],[33.41616461799998,0.594621898000185],[33.416209209000044,0.594408591000047],[33.41628168300019,0.594228961000113],[33.41651414800015,0.593862249000097],[33.416872683000065,0.593527262],[33.41690055300006,0.593398155000102],[33.41687196099997,0.593255478000117],[33.4168798390001,0.593221534000122],[33.41688379599998,0.593016456000043],[33.41694359300004,0.59294265800014],[33.41724761700016,0.592568457000027],[33.417391161000126,0.592370894999988],[33.417435754,0.592180041],[33.41743016099997,0.591961125000012],[33.417352081000104,0.591725375000067],[33.41731861000011,0.591534527000078],[33.4172712460001,0.591360659000088],[33.41730185400013,0.591152829000123],[33.417374329000154,0.590978813000106],[33.417604892000156,0.590759280000157],[33.41763504200014,0.590704724000091],[33.41780921700007,0.590484815000082],[33.41797088900017,0.590086262000057],[33.417998752000074,0.589861731000042],[33.41799316100003,0.589659654000116],[33.41795969000003,0.589457581000033],[33.41788161100004,0.589244283000141],[33.41784814500011,0.589109568000083],[33.417853713000056,0.58900291600014],[33.41789831300002,0.588896261000116],[33.41798679000016,0.588809414000139],[33.41811576000015,0.588688555000147],[33.418260733000125,0.588671704000092],[33.418403670000146,0.588701394000054],[33.41857298100007,0.588587482000037],[33.4187012160001,0.588430301000074],[33.418762542000024,0.588306805000173],[33.418779259000075,0.588155247000088],[33.418818276000025,0.587964393999982],[33.41882258800018,0.587901379000016],[33.418844683000145,0.587879133000172],[33.41948050200011,0.587384297000085],[33.41985513500009,0.587141915000075],[33.41995569900007,0.586998830000027],[33.41998356900007,0.586869724000053],[33.41986088500005,0.586690110000063],[33.41970474300007,0.586488045000181],[33.41962666800009,0.586336494000136],[33.41958533400003,0.5862329200001],[33.419605525000065,0.586124467000104],[33.41981064400005,0.585926713000049],[33.41996118500015,0.585791984000025],[33.42000020500018,0.585634810000158],[33.41998903500013,0.585393442000111],[33.420011319000025,0.585124005000068],[33.4200336130001,0.585000512000079],[33.42009762300006,0.584904110000082],[33.420227834000116,0.584604752000018],[33.42052648600014,0.584178764000114],[33.420750479000105,0.583903122000038],[33.420918471000164,0.583665070000109],[33.42104912000019,0.583326793000083],[33.421173544,0.582950932000131],[33.42138509100005,0.582675291000157],[33.42149708100004,0.582443507000164],[33.421497064000164,0.582217996000054],[33.42150949600011,0.582036334000122],[33.42154802099998,0.581966300000033],[33.42173972000012,0.581873447000078],[33.42189526500016,0.581616603000157],[33.421901460000186,0.581247014000041],[33.42185164300008,0.580770939000161],[33.42183294600005,0.580376296000111],[33.42193870900019,0.580094399000131],[33.421969809000075,0.579914772000109],[33.42200152800012,0.579690241000094],[33.4219923440001,0.579522178000161],[33.42211222000003,0.579359557000089],[33.42231821900015,0.579179798000041],[33.422405320000166,0.578973072000167],[33.422421243000144,0.578856848000157],[33.42258783200015,0.578726097000072],[33.422815988000025,0.578672360000155],[33.423008877000086,0.578515740000171],[33.42309597600007,0.578283959000089],[33.423071060000154,0.577945694000107],[33.422909243,0.57754479700003],[33.422778534000145,0.577074992000178],[33.42277548500016,0.576954140000112],[33.42286562000004,0.576667813000142],[33.42302619700007,0.576446996000072],[33.42320160800011,0.576235558000178],[33.423214036000104,0.575997518000179],[33.42323267900014,0.575684306000028],[33.423318436000045,0.575529731000131],[33.423330276000115,0.575310811000122],[33.423257530000114,0.575145583000108],[33.42303972700017,0.57497646700017],[33.42299382199997,0.574815111000134],[33.42303784400008,0.574645714000042],[33.4234005780001,0.574187150000114],[33.42343167400014,0.573955373000047],[33.42333832700018,0.573848888000043],[33.42316409000006,0.573767467000152],[33.42303352200008,0.573651071000086],[33.42303040500008,0.573582123000108],[33.42306450400014,0.573435472000142],[33.42315583300018,0.573367974000064],[33.423174742000015,0.573335217000079],[33.42322627900012,0.573278855000012],[33.42326982499998,0.573122247000072],[33.42312669700004,0.572984445000031],[33.422977353000135,0.572971928000129],[33.422722226000076,0.572940626000047],[33.42262265700009,0.57283414200009],[33.42259775300016,0.572652481999967],[33.42256662300008,0.572426973000063],[33.42249194200019,0.572282902000154],[33.42234259100019,0.572163894000084],[33.42226524700004,0.572078488000102],[33.42229900700016,0.571813101000089],[33.42243589100008,0.571643958000038],[33.42264744400012,0.571437223999965],[33.422690992000184,0.571293144000151],[33.422703416000104,0.571011254000098],[33.4229717500001,0.570717393],[33.42303022500005,0.570580050000103],[33.42315138500015,0.57024072500019],[33.42318248100008,0.570008947000019],[33.423176240000146,0.569758380000167],[33.423070435,0.569470234000107],[33.42294595800013,0.569119448000038],[33.42276547600011,0.568756138000026],[33.42275300500006,0.568405345000031],[33.422695790000034,0.568077668],[33.42271535800006,0.56801061800013],[33.42272184900014,0.567797719000055],[33.42280107800019,0.567718785000068],[33.42288983300017,0.567453176000015],[33.42289603500018,0.567183815000021],[33.42297690200019,0.566807957000037],[33.4229521900001,0.566619615000093],[33.4230757090001,0.566330099000083],[33.42331630100011,0.565940698000134],[33.42343729700019,0.565780594000046],[33.423468437999986,0.565534103000118],[33.423480816000165,0.565248134],[33.42356791600008,0.565022617000125],[33.42368134100013,0.564910822000172],[33.42381898800005,0.564858930000128],[33.42430003900017,0.564756941000155],[33.4243683630001,0.564523944000143],[33.4243855630001,0.564404418000038],[33.42438941199998,0.564393275999976],[33.42445277200011,0.564209853000023],[33.42464294400003,0.563912624000181],[33.42471000900014,0.563751319000062],[33.42469621600014,0.563489750000031],[33.42468262099999,0.563036968],[33.424655274000145,0.562885615000027],[33.42479193600008,0.562624174000177],[33.42505160200005,0.562238886999978],[33.42509259400009,0.562073770000097],[33.42511991600003,0.561881133000043],[33.42505594900018,0.56159325800013],[33.425361655000074,0.560904189000041],[33.425415315000066,0.560608479999985],[33.42537176100018,0.560424390000037],[33.42532104700007,0.560281475000011],[33.42525238700006,0.560247252000124],[33.42507592900006,0.560104465000109],[33.42505432000013,0.560076189000085],[33.42498250900013,0.560010434000105],[33.42498942200007,0.559909430000062],[33.42511742700009,0.559836279000137],[33.425199810000095,0.55969457700013],[33.42520406299997,0.559685395000088],[33.42523503700005,0.559543708000035],[33.42525924600005,0.55941483800018],[33.42525578100003,0.559334732000139],[33.42525231700006,0.559285972000168],[33.42519694900011,0.55911531400011],[33.425193477000164,0.558955101000095],[33.42519346800009,0.558819268000093],[33.42522459600019,0.55868691600017],[33.42528671600019,0.558583802000157],[33.42542042200006,0.558499414000096],[33.42547714300002,0.558491855000113],[33.42551865900009,0.558474437000086],[33.42561761100012,0.55848741],[33.42568126500004,0.558432630000084],[33.425712394000016,0.558331624000061],[33.42571585000013,0.558268932000033],[33.42565356700004,0.558164449],[33.42559199000004,0.558128845999988],[33.42545981400008,0.558066943000142],[33.42542923600007,0.558016306000127],[33.425407565000114,0.557971309000038],[33.425415865000105,0.557922057000042],[33.42543454200012,0.557846825000013],[33.425452349000125,0.557802828000035],[33.425500962000115,0.557750692000184],[33.42553656800004,0.557701499000075],[33.425565307000056,0.557660829000099],[33.42557568400008,0.557629482000095],[33.42559021200003,0.557577238000022],[33.425611676000074,0.55753691100017],[33.42565663000005,0.557460208000123],[33.425658688000055,0.557217798000124],[33.42565660200006,0.557067337000035],[33.42565036800005,0.556983748000107],[33.42563944400007,0.556944666000106],[33.42561507200014,0.556887622000147],[33.42559223100011,0.556799855000065],[33.42559637800019,0.556732983000074],[33.42555485500009,0.55665984500007],[33.42554447400016,0.556622231000119],[33.42552371000005,0.556551181000145],[33.425488415000075,0.556478043000084],[33.42543028400013,0.556384009000169],[33.425361775000056,0.556283706000102],[33.42533271000008,0.556248183000093],[33.425312695000116,0.55617976000002],[33.425309866000134,0.556122800000139],[33.42530986200012,0.556058018000101],[33.42529947800017,0.55598905800008],[33.4252973990001,0.555951443000083],[33.42531607700005,0.555874121000045],[33.425351362000185,0.555830234000041],[33.42538041700004,0.555732014000114],[33.42549115000003,0.555563671000129],[33.42556099700005,0.555462425000087],[33.42572082100014,0.555238811000095],[33.425854958000116,0.555068701000039],[33.42591385500009,0.554969221000135],[33.425985540000056,0.554855139000097],[33.42603009000004,0.554789495000023],[33.42609235800006,0.554687093000098],[33.426115186000175,0.554593053000133],[33.426115183000036,0.554559617],[33.42606328200014,0.554486480999969],[33.42592419500005,0.554421709000167],[33.42572283300012,0.554348582000046],[33.42568847000018,0.554274975000055],[33.42568338500001,0.554248278000102],[33.42567507500007,0.554158420000135],[33.42565223500014,0.554076921000046],[33.42562524500005,0.554022590000045],[33.425616936000154,0.553951540000071],[33.425629389,0.553907655000046],[33.42566259500012,0.553817794000167],[33.425755132,0.553732442000069],[33.426092278000056,0.553571173000137],[33.42624380900003,0.553483394000068],[33.42634967100008,0.553397706000055],[33.42646175700014,0.553270224000187],[33.42654685700006,0.553130206000105],[33.42658421700014,0.553065420999985],[33.42663402900018,0.552942123000093],[33.42667969000013,0.552839722000101],[33.426700443000186,0.552760310000053],[33.426710816000025,0.55266836100003],[33.42669835600009,0.55259731100017],[33.42666833900017,0.552534069000103],[33.42664229900015,0.552480290000176],[33.426627763,0.552411329000051],[33.4266256840001,0.552365356000109],[33.42663190500019,0.552283856000088],[33.426646433000144,0.55223579],[33.42665812500002,0.552199876999964],[33.42666447100004,0.552176141000132],[33.42667165400019,0.552156899000181],[33.42688487400005,0.5521091170001],[33.42707456800014,0.551949489000037],[33.42729331400011,0.551796275000186],[33.427501564000124,0.551627010000118],[33.4279210950001,0.551581320000025],[33.42820732100017,0.551571492000107],[33.42850597700016,0.551571178000074],[33.42892923100004,0.551642958000173],[33.42906137600005,0.551660685000115],[33.42964257400013,0.551681206000126],[33.43020848800006,0.551652440000055],[33.430503335000026,0.551642843000081],[33.43058107800016,0.551642837000088],[33.43072889100006,0.551670967000121],[33.43076963700008,0.551684866000073],[33.43090476500004,0.551743391000059],[33.43092183700003,0.551757711000164],[33.43105025300002,0.55196356100015],[33.431116853,0.552260377000039],[33.43117868600007,0.5524087820001],[33.43129730300018,0.552544739000098],[33.43136416900006,0.552605053000093],[33.43146521700004,0.552684390000024],[33.43170657900015,0.552695988999972],[33.43198240200013,0.55266724400002],[33.432174590000045,0.552579755000124],[33.43254274600014,0.552470587000187],[33.43279083400006,0.552394301999982],[33.433371018000116,0.552394259000096],[33.43385865100004,0.552438648000134],[33.43402194800012,0.552462989000105],[33.43430312700019,0.552566537000132],[33.434600161000105,0.552748666000184],[33.43472639700008,0.552848964000134],[33.43491187100011,0.552935123000054],[33.43512111900003,0.552954258000113],[33.43524476400006,0.552944674000059],[33.43556096100019,0.552865970000141],[33.43599613100014,0.552700459],[33.436544851000065,0.552551522000044],[33.436904433000166,0.552465808000022],[33.437677117000135,0.552396288000182],[33.43780553,0.552401741000153],[33.438354886000184,0.55241782600018],[33.438935076,0.552513530999988],[33.43951527700017,0.552748071000053],[33.439648439000166,0.552819873000146],[33.43978160000006,0.552872524000122],[33.44006095100019,0.552922901000102],[33.440372319,0.552840993000075],[33.44137540000014,0.552195691000179],[33.44161719200008,0.551967564000051],[33.441856741000095,0.551630272000182],[33.442006746000175,0.551397983000072],[33.44215475000016,0.551293751000173],[33.44260633300013,0.551148964000163],[33.443152270999974,0.550913699000148],[33.443439114,0.550696548000019],[33.443698211000026,0.550696528],[33.44404308100019,0.550642220000157],[33.44482660100016,0.550262184000132],[33.44546571900008,0.549230770000065],[33.445844818000126,0.548751246],[33.44688894600017,0.548199296000178],[33.447350583000116,0.548063685000045],[33.44757062800011,0.548063675000037],[33.4476950400001,0.548076502000129],[33.447848138000154,0.548153549],[33.44792707300019,0.548207893000097],[33.4480310030001,0.548217750000106],[33.44809819000005,0.548176389000162],[33.44816707800004,0.548127838000141],[33.44821479400008,0.548057543000084],[33.44827988900005,0.547953005000124],[33.448315900000125,0.547909495999988],[33.44837006000017,0.547877417999985],[33.44839571400013,0.547867311000175],[33.44866035700011,0.547905189000062],[33.44878793700019,0.547952270000167],[33.44890130700014,0.548020736000126],[33.44918344700005,0.548264754000058],[33.449321557000076,0.548445136999987],[33.449383334000174,0.548495914],[33.44949296300007,0.548488093000174],[33.44972547400005,0.548410766000075],[33.45012649000017,0.54837939500004],[33.45054225700005,0.548665187000097],[33.4510870580001,0.549160530000108],[33.451263284000106,0.549312701000019],[33.451536052999984,0.549507271000152],[33.45177942800018,0.549655269000141],[33.45189112300005,0.549785629000041],[33.452027885,0.550027835000037],[33.45217493800004,0.550252406000027],[33.45235240300008,0.550415720000046],[33.45258057199999,0.550640279000106],[33.452737752000075,0.550737243000128],[33.4530027240001,0.550855145000071],[33.453111310000054,0.550904519000085],[33.45366561300017,0.551247570000157],[33.45393434200014,0.551456814000062],[33.454116876000114,0.551609919000043],[33.45442109500016,0.551798744000109],[33.454862209000055,0.55203349400017],[33.45507008800013,0.552115142000162],[33.45501869600014,0.552294513000163],[33.454994253000166,0.552421622000111],[33.45513744800019,0.552576049000038],[33.45574087800003,0.552730440000119],[33.45688386700016,0.552758249000021],[33.45873798400004,0.55282143400018],[33.461281276000136,0.552766953000173],[33.46258998900015,0.552703520000023],[33.46584604200018,0.552495181000097],[33.468959418,0.552205427999979],[33.471192635000136,0.551861462000147],[33.472831184000086,0.551542801000153],[33.47321046600001,0.55122456600003],[33.47382999000013,0.551084506000166],[33.47436100600004,0.550906268000176],[33.47488674100009,0.550838384000031],[33.47544844800012,0.550863574000175],[33.4758714620001,0.550900249999984],[33.476174137000044,0.550951619999978],[33.47665185000005,0.550984621000168],[33.477096743000175,0.55101028200005],[33.47735754300004,0.551046036000173],[33.478164934000176,0.551714644000072],[33.4788308950001,0.552239232000147],[33.47919764700009,0.552404367],[33.479651260000026,0.5526083580001],[33.47999873700013,0.553103825000164],[33.48008563100018,0.553541019000079],[33.48019182799999,0.553978212000118],[33.480346268000176,0.554279383000107],[33.48054895200005,0.554425101000049],[33.48056386400003,0.554281081000056],[33.48056239700003,0.554474983000091],[33.48055360800009,0.554669999000055],[33.480465571000025,0.554891614000041],[33.480280679000145,0.555153126000164],[33.47998323300004,0.555524796000043],[33.4797957240001,0.556673784000054],[33.479656528000135,0.557913238000083],[33.47969496400009,0.558346667000023],[33.479733169000156,0.558602931000053],[33.47985411000013,0.558897627000135],[33.47991777800007,0.559230768000077],[33.479917805000184,0.55956391400008],[33.47984783200013,0.559941912999989],[33.47970424100009,0.560434018000137],[33.47981608600003,0.56086447500013],[33.479809736,0.561024641000074],[33.47980340600003,0.561447482000119],[33.47974616400006,0.561870326000133],[33.47974618899997,0.562177846000168],[33.47984167100009,0.56243410400009],[33.480268098000124,0.562837688000059],[33.480452679000166,0.563119566000125],[33.48050361900016,0.56345270800017],[33.48046547100017,0.56388836400015],[33.480402453000124,0.564320984000062],[33.4802448100001,0.564906463000057],[33.48021737900007,0.565195343000028],[33.48021104999998,0.565611777000186],[33.480274712000096,0.565868037000087],[33.480351105000125,0.566162738],[33.480363856000054,0.566438222999977],[33.48032569900016,0.566771372000119],[33.48028754300003,0.567110928000147],[33.48026847500006,0.567405637000093],[33.480287589,0.567661901000179],[33.48037670700012,0.567924567000034],[33.480383101000086,0.568270525000059],[33.48038952000019,0.568943225000112],[33.48033863700016,0.569295595000142],[33.480166832000066,0.569603129000029],[33.47994846900019,0.569945758000017],[33.479944139000054,0.570211781000125],[33.47991235000018,0.570576963000121],[33.47992282300004,0.570944119000103],[33.47992512800016,0.571179187000041],[33.479721505999976,0.57152516400015],[33.479626066000094,0.571781439000119],[33.47961972700017,0.572088958999984],[33.47964521800009,0.57250539000006],[33.47958797300004,0.572883388000093],[33.47916746100009,0.573428929000045],[33.47889786600007,0.573871903000054],[33.478850342000044,0.574242930000139],[33.47880876600016,0.574679782000032],[33.47877908300006,0.57515254000009],[33.47861861600006,0.575559483000063],[33.477792426000065,0.57667860600003],[33.47756063700018,0.577223191999963],[33.47738234700017,0.577755805000095],[33.47731104600001,0.578150771000082],[33.47703168800018,0.578539771000123],[33.476354228000105,0.579391633000057],[33.476107517,0.579642570000146],[33.475903613000185,0.579967003999968],[33.47574250600013,0.580248347000065],[33.47562168200005,0.580542361000084],[33.47550085900008,0.580836373000068],[33.47534730299998,0.581102509000061],[33.47474311500008,0.581720980000171],[33.47466759800017,0.581875591000085],[33.47462229200016,0.582020061000151],[33.47460721000016,0.582306462000133],[33.47461733600011,0.582960363000154],[33.47454182100017,0.583145389000151],[33.47420702000005,0.583730888000048],[33.473957819000134,0.584308776000057],[33.47387979900009,0.58462813],[33.473819394000145,0.58485877600009],[33.47344181500006,0.585707866000178],[33.47339903200003,0.585905561000118],[33.4733688390001,0.586138739000035],[33.47333864000018,0.586298415000101],[33.47325557300013,0.586491044000127],[33.47312466900013,0.586663402],[33.47297614400003,0.586863640000047],[33.47282258700017,0.587117104000072],[33.47274386100008,0.58736732300008],[33.472761742000046,0.58793821900008],[33.47292940600005,0.58828289700017],[33.47301505200005,0.588810701000114],[33.47305075300005,0.589205658000026],[33.473011553,0.58961139400003],[33.47288317800013,0.589920192000022],[33.472797594000156,0.590117679000116],[33.47273698800012,0.590444424000054],[33.4727584260001,0.590886060000173],[33.472722779000094,0.591126629000087],[33.47260866500005,0.591367206000029],[33.47203805200019,0.592071003000058],[33.47147812600008,0.5926239960001],[33.47139254100017,0.592817893000017],[33.47133906700003,0.593130275000135],[33.47132485599997,0.59378375700004],[33.4713534170001,0.59411049400012],[33.47129996000007,0.594609586000047],[33.47126076300009,0.595054817],[33.47115736000018,0.595428243000185],[33.47088633800013,0.595981211000094],[33.47084712500015,0.596228962000112],[33.470804344999976,0.596465942000179],[33.47078653300014,0.596706511000093],[33.47079368300018,0.596914761999983],[33.470759332000114,0.597094113000026],[33.470682062000094,0.597201836000124],[33.47043835900007,0.597459180000101],[33.470260036000184,0.597608802000025],[33.47008766400012,0.597830234000071],[33.470018221000146,0.598178821000033],[33.46995496800014,0.598442724000108],[33.46993691000006,0.598692974000073],[33.46995953700008,0.599011469],[33.469991211000035,0.599439162000124],[33.46986018300004,0.599962420000111],[33.4696794140001,0.60021723400007],[33.46952125700005,0.600608544000067],[33.46945348700012,0.600917947000028],[33.46941283900014,0.601259198000093],[33.4693586250001,0.60153675000015],[33.46926373200017,0.601791557000183],[33.469141716000024,0.60199176600014],[33.468762094000056,0.602433144999964],[33.468490931000076,0.602692516000047],[33.46824237100009,0.603006486000083],[33.46808873300017,0.603406895999967],[33.46796672500005,0.603693555000177],[33.46785827700012,0.60399841100002],[33.467795023000065,0.604262314999971],[33.46773630600006,0.604726417],[33.467677577000075,0.605049469000107],[33.46748777200014,0.605345233000037],[33.4674199910001,0.605527238000093],[33.467406464000135,0.605895786000019],[33.46742414700009,0.606034146000127],[33.46739294200006,0.606305297000063],[33.46728757200009,0.606615751],[33.46668870600007,0.607262509000066],[33.46637967700019,0.607582585000102],[33.46620638300004,0.607865484000115],[33.466108813000176,0.608109133000141],[33.46611663900006,0.608321336000188],[33.46617131100015,0.608576761000108],[33.4661557230001,0.608871488000034],[33.46608158500004,0.609229096000149],[33.46596840500007,0.609519902000045],[33.465742036999984,0.609991483999977],[33.46550786100016,0.610455207000086],[33.46520731900017,0.610859990999984],[33.46470077499998,0.611315936000153],[33.46467934800012,0.611332926000159],[33.46367780200018,0.612260143000015],[33.46352746399998,0.612656505000132],[33.463418724000064,0.612924159000102],[33.46331904100009,0.613137066000036],[33.46315592200017,0.61344730400009],[33.46303509100005,0.613648048000016],[33.46287801400007,0.613955244000067],[33.46272092800007,0.614174239000135],[33.462603117000185,0.614371941000172],[33.46251900800007,0.61452572800016],[33.46250275200015,0.614565227000128],[33.46243839400012,0.614705282000102],[33.46234664700006,0.614924082000073],[33.4621051900001,0.615293618000123],[33.46184441100007,0.615619398000092],[33.46149669500011,0.615945186000033],[33.461274565,0.616186704000086],[33.46121597300015,0.616412094000111],[33.46111300300015,0.616687257000024],[33.46100211300006,0.616978370000083],[33.460867455000084,0.617265498],[33.46063376400019,0.617536684000072],[33.460352541000134,0.617843764000099],[33.46001584800007,0.618023242],[33.45975045900002,0.618202712000141],[33.45968313000009,0.618346277000171],[33.45960788000008,0.61852174400002],[33.45960788800005,0.618617449000055],[33.459663357000125,0.618741064000062],[33.45959602700003,0.618872665000026],[33.4594494640001,0.618916542000022],[33.45925536200019,0.618916559000127],[33.45913256100005,0.618900619000044],[33.45903352700003,0.61886872600013],[33.45888300000013,0.618884690000073],[33.45879190000005,0.619000343000096],[33.45878795100015,0.61913592600007],[33.458791924000025,0.619279483000128],[33.458807790000094,0.619522733000167],[33.45879592900013,0.619781937000141],[33.45872464900009,0.620049121000022],[33.45859394100012,0.620200666000073],[33.458571418000076,0.620216965000054]]]}},{"type":"Feature","properties":{"country":"Uganda","admin_level":"Admin2","name":"Bulopa"},"geometry":{"type":"Polygon","coordinates":[[[33.28065218400019,0.863849341000048],[33.27877552800015,0.86504371500007],[33.276352955,0.867432362000102],[33.27110305700012,0.868102241000031],[33.26960147800014,0.867134295000028],[33.26846672400006,0.866356314000086],[33.265711272000146,0.864103748000048],[33.26501105300002,0.862136035],[33.264882926000155,0.860203441000181],[33.264968065,0.857454842000038],[33.264911233000134,0.855799628000057],[33.264834882000116,0.854974045],[33.26483483700002,0.854321254000126],[33.26487293100013,0.853534063000097],[33.26493009900008,0.852785270000027],[33.26500633400008,0.851940477000028],[33.265044440000054,0.851345283000171],[33.26515884600008,0.850846082000146],[33.26517788000007,0.850270089],[33.26517782600007,0.849482900000169],[33.26510144700006,0.848234923],[33.26510140300002,0.847582133],[33.26504415800002,0.847217341000032],[33.26456731600018,0.847082977000127],[33.261801754000146,0.848081552000053],[33.25932229800014,0.849214505000077],[33.25745317900015,0.850213017000101],[33.25449694400004,0.852229188000024],[33.252924077000046,0.853416149999987],[33.251311872000144,0.854955763000135],[33.24954654300018,0.854260353000143],[33.24816939900012,0.853845364000165],[33.24637691300012,0.853818339000156],[33.24358003700013,0.854932657000177],[33.24278248800016,0.855284225000105],[33.24035751500014,0.855637222000098],[33.23724326900003,0.855537898000023],[33.233995984000046,0.856958519000102],[33.233276998000065,0.857474257000149],[33.23229175600005,0.858071437000149],[33.229310136000095,0.859003487000166],[33.22581451000008,0.859609864000163],[33.223151347000055,0.859818109000059],[33.222573936000174,0.859839939000096],[33.22110104300009,0.85997545400005],[33.219961102000184,0.860078281000085],[33.21939963100016,0.860009807000154],[33.2189062060001,0.859752932000106],[33.218599900000186,0.858845226000142],[33.21812345600017,0.858006038000156],[33.217664045000106,0.857492259000026],[33.21672824800004,0.857149775000096],[33.21616676300005,0.856824396000093],[33.215775412000085,0.856344867000132],[33.215043759000025,0.855539946000022],[33.21400585800018,0.854854930000045],[33.21347839700019,0.854426788000126],[33.212950950000106,0.854255549000072],[33.211827983000035,0.853639044000147],[33.210670993000065,0.853091049],[33.210150709000175,0.85300061099997],[33.21053426000003,0.85156943100003],[33.21099295700003,0.849414081000077],[33.21096189700012,0.846176819000107],[33.21228739000014,0.843750775999979],[33.212961395000036,0.842429837000054],[33.21356267500005,0.841470793000099],[33.21385128000003,0.839199912000026],[33.214043329,0.838032803000033],[33.21414070500009,0.836476666000124],[33.21451027600017,0.835617154999966],[33.21570025400007,0.834784740000146],[33.21591589400015,0.833599536000122],[33.21608596400017,0.831156763000081],[33.217252022000025,0.829482953000138],[33.219227044000036,0.829184283000131],[33.22193683100011,0.829337934000137],[33.22445836400016,0.828170693000061],[33.22642492000011,0.827202522],[33.22995866600013,0.825736660000018],[33.23202129099997,0.825067042000057],[33.23308870100004,0.824764600000094],[33.23476977000013,0.824144058000059],[33.2363869510001,0.823619221000058],[33.23925283000017,0.822723370000119],[33.24044197500001,0.822216651000019],[33.241941701000144,0.820814235000171],[33.24303863000006,0.818787582000084],[33.24323119300004,0.816978119],[33.24340412400005,0.815648162],[33.24336746800009,0.813250642000071],[33.24339591600011,0.809912203000181],[33.24317659500019,0.805759526000031],[33.24313208400014,0.803488667000181],[33.243789704000164,0.800819687000114],[33.24455353700006,0.798937812000133],[33.24543589100006,0.797028788000091],[33.24673554300011,0.794097399000123],[33.247306729000115,0.792649804000121],[33.24823848200003,0.790225084000099],[33.248898927000084,0.787881805999973],[33.249481302,0.785692335000135],[33.24998558400017,0.783267641000066],[33.250758468000186,0.782525720000024],[33.25157803700006,0.782842324000114],[33.25267565399997,0.783077486000025],[33.25309035900011,0.785637833000067],[33.25355334800014,0.787809144],[33.25410225700017,0.789564277000011],[33.254408436000176,0.790224707000107],[33.25535837100017,0.791256034000128],[33.256673703000104,0.791590403000157],[33.25782881400005,0.791111124],[33.258874137000134,0.790441562000069],[33.26122546300013,0.789799059000075],[33.262746037,0.789708490000123],[33.264302172999976,0.789932785000133],[33.26500435600008,0.789986231000114],[33.26567937400017,0.790142569000068],[33.26637673400012,0.790375771000186],[33.267183713,0.79091148700013],[33.26867234200017,0.791960869999969],[33.269408776000034,0.792223191000119],[33.2701924050001,0.792648360000044],[33.27115071600008,0.792874477000169],[33.27142766100019,0.793127782000056],[33.27171250300012,0.793869636000181],[33.27364831400013,0.795669907],[33.27417074600004,0.796140328000092],[33.27462241800009,0.796864076000134],[33.27550102400011,0.797958732000097],[33.276070130000164,0.799180070000091],[33.27649773000019,0.800170507000075],[33.276795130000096,0.800976093000088],[33.27752017400002,0.802717439000105],[33.278327484000044,0.804418263000173],[33.27872566700006,0.805168658000184],[33.27872883800006,0.80518780500006],[33.278773134000176,0.806459561000111],[33.278771031000076,0.806809431000147],[33.27876575800008,0.808573568000156],[33.278832421000175,0.810475649000068],[33.27940245500008,0.812388413000065],[33.280516732000024,0.815708878000066],[33.28073211500015,0.81634413200004],[33.28091922800007,0.816933560000166],[33.28092380700019,0.816947987],[33.28131446300017,0.818174650000174],[33.28150957700018,0.819603103000134],[33.28157570400003,0.820087222000154],[33.281622596000034,0.821535438000069],[33.28138553300005,0.826206791000118],[33.2812887660001,0.827590022000095],[33.28125185000005,0.828226886000039],[33.281563270000106,0.832274452999968],[33.28230807100016,0.834187360000101],[33.28309505200019,0.835638887000187],[33.28396255000018,0.836822264000148],[33.28458013000011,0.837468084000079],[33.28595757500011,0.838923843000032],[33.28623452500011,0.83916809699997],[33.287300205,0.840317015000039],[33.28839228500016,0.841438790000041],[33.290269150000086,0.843239046000122],[33.29295085600012,0.844963081],[33.29398827400013,0.845627789000162],[33.29545919999998,0.846540885000024],[33.295672243000126,0.84665298300007],[33.29726466600016,0.847499750000054],[33.30295338900004,0.848883528000158],[33.30494250200002,0.849335731000167],[33.30263794100006,0.851986746000023],[33.3000368750001,0.855813922000152],[33.29931864200012,0.856535163000046],[33.29890943300012,0.856946084000015],[33.29826538000003,0.857402347000061],[33.29699703900013,0.858157183000117],[33.29600330500017,0.858483167000088],[33.293860924000114,0.85920711100016],[33.292455515000086,0.859704817000136],[33.29156856700007,0.86001249100002],[33.289736319000156,0.860656152000047],[33.28750678500006,0.861351060000175],[33.28494818700011,0.862301943000091],[33.28363489100013,0.862709167],[33.28325001100012,0.863414119000083],[33.282219933000135,0.863279249000129],[33.28065218400019,0.863849341000048]]]}},{"type":"Feature","properties":{"country":"Uganda","admin_level":"Admin2","name":"Kisozi"},"geometry":{"type":"Polygon","coordinates":[[[33.11570480300003,0.727779063000071],[33.11548147200011,0.728136780000114],[33.11552437400013,0.728331098000183],[33.115599450000104,0.728644164000173],[33.11561489300004,0.729034395000042],[33.115634864000015,0.729596886000081],[33.115674787000046,0.730018752000035],[33.115854408000075,0.730661592999979],[33.11583447300012,0.731455107000102],[33.115714749000176,0.731957334000185],[33.115954252000165,0.733122486000127],[33.116064026000174,0.733725150999987],[33.11600417000005,0.734207287000118],[33.11576471300003,0.734820006000064],[33.11555518900008,0.735432723999963],[33.11559511200011,0.735814413000014],[33.115704881000056,0.736206144],[33.11564502400017,0.736648102000174],[33.11551532600009,0.73733113000003],[33.11512619400003,0.737793186000033],[33.114896712000075,0.738305460000163],[33.11477699200009,0.738968397000065],[33.114497617000154,0.739420406000022],[33.11428808800014,0.739822190999973],[33.11387900100016,0.740364603000103],[33.113679451000166,0.740806563999968],[33.113539770000045,0.741278658000169],[33.113400087000116,0.741660351],[33.11299099600012,0.74205209600018],[33.11269615200007,0.742505354000059],[33.1121212920001,0.742868017000092],[33.11142379400013,0.743261546000099],[33.1111325330001,0.743477600000176],[33.11105589200008,0.74381710300014],[33.111086561000036,0.744218330000024],[33.110971598,0.744634993000091],[33.110879627000145,0.744928200000118],[33.110657352000146,0.745259990000022],[33.110251124000115,0.745792399000152],[33.11016682000002,0.746170482000082],[33.11012850500015,0.746556279000117],[33.109921557000064,0.746772330000113],[33.10991390099997,0.747142694000047],[33.109691625000096,0.74742047400008],[33.109660975,0.747806270000069],[33.1095536740001,0.748122625],[33.10927007800012,0.748392691000163],[33.10904780900012,0.748940526000126],[33.108917515000144,0.749357189000023],[33.10895585100013,0.749804712000014],[33.10898652000009,0.750182791000157],[33.10893287400006,0.75051457800015],[33.10877958500009,0.750900378000097],[33.10876426300007,0.751247594000063],[33.10876427199997,0.751617959000043],[33.10864164700007,0.752188941000043],[33.10832739700015,0.752667336000115],[33.10827375000008,0.752983690000178],[33.10827376200007,0.753462077000052],[33.10793651400007,0.753871030000028],[33.10710872100003,0.754727518000038],[33.10660285200004,0.755398816000138],[33.10654154300005,0.755823192999969],[33.106794498000056,0.756317006000074],[33.10687882600013,0.756872550000026],[33.10704746400006,0.757242911000048],[33.107193107000114,0.757620987000053],[33.10710880000016,0.75791419400008],[33.10685586700009,0.758330861],[33.106556946000126,0.758824687000185],[33.10653396300012,0.759303075000162],[33.10657230000015,0.759804609000071],[33.106449674000146,0.760337011000104],[33.10633470800008,0.760668798000097],[33.10604345300004,0.761247500000025],[33.10588250100005,0.761687312000163],[33.10581353300017,0.762381746000074],[33.105882527,0.762775257000044],[33.10616614200012,0.763215058000071],[33.1069633190001,0.764079221000088],[33.10769150800007,0.764796784000055],[33.108312382000065,0.765275155000097],[33.10857300500004,0.765853842000126],[33.10863434400005,0.766617716999974],[33.108757001000185,0.767312148000144],[33.10904829000003,0.768114596000089],[33.109485207000034,0.768654699000137],[33.110190406000015,0.769518864000133],[33.11039737300018,0.769981814000062],[33.1104893640001,0.770437051000158],[33.110619683000095,0.770992594],[33.11089563100006,0.771370667000156],[33.11111181400008,0.771781461000046],[33.11134275300009,0.772528630000124],[33.11159018900014,0.773375421000082],[33.11206042600003,0.77417894000007],[33.11229540700003,0.774723665000124],[33.112331017000145,0.775060538000162],[33.11219574200004,0.775361577000126],[33.11214590800017,0.77567695],[33.112259840000036,0.776013820000173],[33.11236665200016,0.776343523000037],[33.11240226100017,0.776644557000054],[33.11230258400019,0.776888256000063],[33.112160189000065,0.777210798999988],[33.112195803000134,0.777683854000145],[33.11226701500016,0.778092400000048],[33.1123952050001,0.779052845000024],[33.11253050000005,0.779468558000019],[33.11247354500006,0.779726590000053],[33.112267065000026,0.779948789000059],[33.11204634500001,0.780213993000132],[33.111975156000085,0.780665549000048],[33.11208196800004,0.781023922000088],[33.11204637600014,0.781375131000118],[33.11194669900016,0.781590160000064],[33.111854144,0.781884030000072],[33.11188975400012,0.782228070000087],[33.112032166000176,0.782500433000166],[33.11231697900007,0.782665278000025],[33.11244514800006,0.782844462000128],[33.11245939400004,0.783102492000125],[33.11242380300018,0.783468037000091],[33.11235261000007,0.783812080000075],[33.11253062900016,0.784285132000093],[33.112530637000134,0.784600502000103],[33.1124167210001,0.784887206],[33.11221024700012,0.785345933000031],[33.11226722700019,0.786034013000119],[33.11254492900008,0.786528565000026],[33.11285111400008,0.787130629000103],[33.11286536900013,0.787653857000066],[33.11279417300011,0.787890387000061],[33.11263753399999,0.788126920000025],[33.11265178700006,0.78854980300008],[33.11253075900015,0.789130376000116],[33.11244532500018,0.789460083000108],[33.11247381400017,0.789761119000161],[33.11258062500019,0.790062152000075],[33.1127800000001,0.790348847000075],[33.11295801600005,0.790764558000149],[33.11290106400014,0.791108601000076],[33.112844107000114,0.791280623000091],[33.11283904900006,0.791338109000037],[33.11261411200019,0.791805714000134],[33.11256153200014,0.792348398000058],[33.112995464000164,0.793129320000048],[33.11303491800004,0.793394042000102],[33.11292973600001,0.793685241000105],[33.11267924800006,0.79405100800011],[33.11248321500011,0.79421209100002],[33.11200986900002,0.794390789000033],[33.11141818600004,0.794595017000063],[33.11102936999998,0.794875819000026],[33.11086877100013,0.794943894000085],[33.11058983000004,0.794901357000185],[33.11026862400013,0.7947822430001],[33.10970229600014,0.794841820000158],[33.10915287200015,0.794892888000106],[33.10899227600004,0.795114122000143],[33.10873025100011,0.795445973000142],[33.10844286100013,0.79548852500011],[33.10816391800006,0.795343882000111],[33.107910340000046,0.795437486000026],[33.10775819900016,0.79571828100012],[33.10769903700003,0.795990566000171],[33.10750463300013,0.79631390600008],[33.10723415000007,0.796450054000161],[33.106870688000186,0.796586205000153],[33.106338170000186,0.796637272],[33.10584791500003,0.796730882000134],[33.105653510000025,0.79696913500004],[33.10536612100009,0.797122301000115],[33.10527314000012,0.797054233000154],[33.10511254200003,0.797173361000034],[33.10504492900003,0.797522224000033],[33.10480826000003,0.797794513000099],[33.10439408100018,0.797939174000078],[33.10381929800013,0.797956206000094],[33.10368405200012,0.797845595000069],[33.10353190000012,0.797700948999989],[33.10326986900003,0.797828588000186],[33.10294021400006,0.797862631000044],[33.10270354400018,0.798066850000168],[33.10257676000015,0.798313609000104],[33.102314728000124,0.798381687000017],[33.102204842000106,0.798347653000064],[33.102078049,0.798279586000035],[33.10198507300015,0.798415730000102],[33.101917455000034,0.798543364000182],[33.10179067000013,0.798773106000169],[33.10155399700017,0.798900744000093],[33.10138494400013,0.798917766000045],[33.10124970700002,0.799181543000145],[33.101139827,0.79941128400003],[33.10085243800012,0.799547433000043],[33.100734103000036,0.799615507000169],[33.10070029600013,0.799777175000031],[33.100767922000045,0.799972877000073],[33.10062423000005,0.800168583000072],[33.10037910800003,0.800398327999972],[33.10031149200012,0.800670613000079],[33.100091727000176,0.800883339000052],[33.09975362100005,0.800959926000075],[33.09966064700018,0.801232212000059],[33.09966911200007,0.801700197000173],[33.099559229000135,0.80178528800019],[33.099398623000184,0.801640642000109],[33.099204208000174,0.801478979000137],[33.09897598200013,0.801368370000148],[33.098908363000135,0.801530039000113],[33.09896754000016,0.801819338000143],[33.09906898500009,0.802346884000087],[33.09916197500013,0.802755306000165],[33.09908590900005,0.803121187000158],[33.098764709000136,0.803231810000113],[33.098502673000155,0.803180763000114],[33.09829981100006,0.803325418000043],[33.09830827000013,0.803589192000061],[33.09834208899997,0.80392103500003],[33.098392818000036,0.804423056000132],[33.09823222100016,0.804618762000132],[33.097936376000064,0.804601752000167],[33.09757290600004,0.804482637000149],[33.0973193210001,0.80432097500011],[33.09707419300008,0.804380543000036],[33.09698122100019,0.804737917000125],[33.09688824900013,0.805069763000063],[33.09670229100004,0.805112312000119],[33.096583951000184,0.805052752000165],[33.096440253000026,0.804976177000128],[33.09609369700013,0.805197415000123],[33.09606834500016,0.805495224000026],[33.09596692000002,0.805818563],[33.0957217990001,0.806116376999967],[33.095358331,0.806116386000042],[33.09510475200011,0.806227007000075],[33.09500332700014,0.80656736300017],[33.09495262200011,0.807001315000036],[33.09484274400006,0.807324653000137],[33.09463143200003,0.807588431999989],[33.09453000800016,0.807988350000073],[33.094453939000175,0.808226599000136],[33.09422572200003,0.808524413999976],[33.09407357900011,0.808737138000026],[33.09404822900018,0.809128544999965],[33.09404823600005,0.809409337000147],[33.09382847100011,0.809673116],[33.09372704600014,0.810004962000107],[33.093726205000166,0.810461402000044],[33.09370082500004,0.810633879000022],[33.093652486,0.810832592],[33.09351494900011,0.810956237000028],[33.093425537000144,0.811046077000185],[33.093054074000065,0.810958948000177],[33.092714344,0.811111599000128],[33.09245524900018,0.811230507000175],[33.0923447510001,0.811238181000078],[33.09209327400015,0.811311063000062],[33.09193324600005,0.811433804000046],[33.091742735000025,0.811610245000168],[33.09139981400017,0.811752169000158],[33.09119098899998,0.8117778780001],[33.09077570700009,0.811836705000076],[33.09050714000017,0.812098055000035],[33.0904086650001,0.812197187000038],[33.090184853000096,0.812170157000139],[33.0898715190001,0.812251271000093],[33.08983571500016,0.812521628000127],[33.089602956000135,0.812719894000054],[33.08946866700012,0.81262076600018],[33.08920904500013,0.812593737000157],[33.08909266900014,0.81283705900006],[33.089280675000055,0.813062352000145],[33.08929858600004,0.813332708000132],[33.08900315500017,0.813305678000177],[33.08868086300015,0.813143472000093],[33.08827800100005,0.81306237400014],[33.08800942900018,0.81313447500014],[33.0878214330001,0.813386811000044],[33.08754391300005,0.813675197000123],[33.087221626000144,0.813675204000049],[33.08674714700004,0.81374731000011],[33.086639722000086,0.813981620000163],[33.086415915000146,0.814188898000054],[33.08615629499997,0.814215939000121],[33.08588772000007,0.81413483800003],[33.085628098000086,0.814143856000101],[33.08538638800013,0.814405205000128],[33.085341632000166,0.814684574000069],[33.085270016000095,0.814891849000048],[33.08502830200018,0.815009008000061],[33.08501040300001,0.81523430500016],[33.084849259,0.815306403000079],[33.08428525700009,0.815405546000022],[33.08419573800006,0.815657880000117],[33.08390925900005,0.81564887400009],[33.083631733000175,0.815630856000041],[33.08334525900011,0.815865171000155],[33.08318412000017,0.816108494000105],[33.08293345200008,0.816198618000101],[33.08275440000017,0.816054432000044],[33.08250372700013,0.815820129000144],[33.08218143500011,0.815630887000111],[33.08166219200001,0.81560386100017],[33.08131304400007,0.815513750000093],[33.08098180300016,0.81548672100007],[33.08061475500011,0.815639930000032],[33.08044465600017,0.815504755000177],[33.08019398600004,0.815495749000092],[33.08000599000013,0.81578413200009],[33.07989856600011,0.816036467000117],[33.079621043000145,0.816198686000121],[33.07946884800009,0.816036475000089],[33.07937932100003,0.815901299000075],[33.07908388900012,0.815874269000176],[33.07896751200019,0.816135616000054],[33.07892275500012,0.81636992600005],[33.07860046600018,0.816360920000022],[33.07830503200006,0.816252783000039],[33.07807227400019,0.816514131000019],[33.0778395100001,0.816478089000043],[33.07769626500004,0.816234772000087],[33.07748140100006,0.815982443000053],[33.07717702100007,0.816153674000134],[33.077159122000126,0.816433043000018],[33.07689950200012,0.81655020200003],[33.07663092500019,0.816387994000138],[33.076102725,0.816090613000142],[33.07561929400009,0.816225800000041],[33.07501948000004,0.81624383400009],[33.07475090800017,0.816351982000185],[33.07470615200003,0.816694434000112],[33.07467930000013,0.81697380200012],[33.07450025400004,0.817117995000046],[33.07422272600019,0.817063930000131],[33.07381987000008,0.817280222000079],[33.07381092100013,0.817496507000101],[33.07364082800018,0.817739831000154],[33.07357817000013,0.818208449000053],[33.07339912600008,0.818505844000015],[33.07313950500014,0.818532884000149],[33.07307684500012,0.818920395000134],[33.07287093800005,0.81893842300002],[33.0727187440001,0.81875818900005],[33.072485977999975,0.818686098000057],[33.07240541099998,0.81898349100004],[33.07240542000011,0.819488156000148],[33.072297995000156,0.819749502000093],[33.07226218900007,0.819929740000077],[33.072029426000086,0.819992827000078],[33.071859327000084,0.819938759000024],[33.07166237500013,0.819992834000175],[33.071402756000055,0.820209123000041],[33.07107151700012,0.820299248000083],[33.07088351200008,0.820119014000113],[33.070731317000025,0.819956803000082],[33.07040902700004,0.819902738000167],[33.06970178300014,0.81992978500017],[33.06946006600009,0.819911766000189],[33.06924520400008,0.819740544000069],[33.069039294000106,0.819587346000162],[33.06855586100016,0.819587355000067],[33.067929190000086,0.819722544000172],[33.06749052100014,0.819803658000126],[33.067365190000146,0.820010933000162],[33.06734728900017,0.820263266000154],[33.06715033600011,0.820398447000059],[33.06694443000015,0.820398450000141],[33.06672957500007,0.820632763000049],[33.066640054000175,0.820876085000123],[33.06642519800016,0.821110397000155],[33.06638044300013,0.821570002999977],[33.066156635000084,0.821768268000142],[33.065888063000045,0.821921474000021],[33.06571797200007,0.822245904000056],[33.065646357000105,0.822588357000029],[33.06528826200008,0.822822671000097],[33.06493912000013,0.823065997000128],[33.06472426700003,0.82353461800011],[33.06457207700004,0.823624739000024],[33.06427664500012,0.823633756000106],[33.06400807300008,0.823750914000072],[33.06374845300013,0.823850048999986],[33.063605212000084,0.823750921000169],[33.063309779000065,0.823732902000188],[33.063256070000136,0.824048319000042],[33.06341721900009,0.824354718999984],[33.0633008420001,0.82468816100004],[33.06311284700013,0.825111722000031],[33.06302332700017,0.825445162000108],[33.06269208700013,0.825526274000026],[33.06237874700014,0.825337030000185],[33.06215493999997,0.825688496000168],[33.06196694000005,0.825832689000094],[33.06177893700004,0.82574257300007],[33.06136712500006,0.825913805000027],[33.06089264999997,0.826337371000079],[33.060740458,0.826328361000037],[33.06055245400012,0.82623824500007],[33.06032864600007,0.826454534000106],[33.06025525700011,0.826772146999986],[33.060228374000076,0.82713002600002],[33.05998638900007,0.82740069100015],[33.059574116000135,0.827833755000086],[33.05918872800004,0.828086378000137],[33.05887503500014,0.827933008000059],[33.05874955500002,0.82760821700009],[33.05849860000018,0.827427780000164],[33.05809528400016,0.827490940000075],[33.05792499700004,0.827680405000024],[33.057674047000035,0.827869872000178],[33.05725280600012,0.827914988000146],[33.056948077000186,0.827815750000127],[33.05677779000007,0.82797814900016],[33.05672402000005,0.82839316400009],[33.05644618100007,0.828519476000054],[33.0561145640001,0.828438283000025],[33.05595323700015,0.828384152000069],[33.05568436100009,0.828510465000136],[33.05538859400002,0.828447315000062],[33.0552272650001,0.828275899000062],[33.05503905000006,0.828194703000122],[33.0547701750001,0.828402214000164],[33.05442063400005,0.828411241000083],[33.054286191000074,0.828122537000183],[33.05440270100007,0.82787894],[33.0547343180001,0.82793306800005],[33.05494941800015,0.82773458000014],[33.05494941300003,0.827364676000116],[33.05478808200007,0.827084995000121],[33.05448334900018,0.826760206000188],[33.054277205000176,0.826453460000039],[33.054097949000095,0.826155734000054],[33.05365877899999,0.825903123000046],[33.05356915000016,0.825614420000079],[33.05356914500004,0.825253538000027],[33.05338989000006,0.825009944000158],[33.052861096000186,0.824928754000155],[33.05229645300011,0.824901695000165],[33.05196483499998,0.824748325000087],[33.05125677900003,0.823846130000106],[33.05110441300002,0.823638625000115],[33.05131054900005,0.823431116000052],[33.05147187500006,0.823349915],[33.051767640000094,0.823367955000094],[33.05203651900007,0.823413061000053],[33.05229643200016,0.82330479400008],[33.05230360400003,0.822885737000149],[33.05233213200012,0.822311229000036],[33.05250334400006,0.821918647000075],[33.0527982160001,0.821889918000068],[33.05313113500006,0.82182288700011],[33.0535496600001,0.821573929000124],[33.05370184800012,0.821286672999975],[33.05402525000005,0.820884515000103],[33.05420597200009,0.820357881000064],[33.054272550000064,0.819917425000028],[33.05443424800012,0.819486542],[33.055071543,0.818902451000099],[33.05579444500012,0.81818430800007],[33.05627954900012,0.817600219000155],[33.056308075000175,0.816920386000106],[33.05639367400005,0.816163950999965],[33.056536344000165,0.815531990000181],[33.05695486500008,0.814995779000128],[33.057525575,0.814402114000131],[33.05796312000007,0.813932926000064],[33.058334080000066,0.813444590000131],[33.05863845800019,0.813090307000039],[33.05887625200012,0.812678573000085],[33.05906648500013,0.812228540000035],[33.05927806900007,0.811664730000132],[33.05954375700003,0.80750350500017],[33.06002593200003,0.802771742000061],[33.057910741000114,0.802627016000031],[33.051670774000115,0.802500437000106],[33.04898458700018,0.802509518000079],[33.044723873000066,0.802482425000051],[33.04134170200007,0.802373893000095],[33.03984441300008,0.802274388000171],[33.037799999000015,0.802129650000097],[33.03740829100013,0.801322644000095],[33.03731910400012,0.800006066000037],[33.03740827000007,0.799048553000148],[33.03746770800018,0.797702052000034],[33.03776494200008,0.796116171000165],[33.03794327800006,0.794739746000062],[33.038032440000165,0.793333400000051],[33.03815131900018,0.791178998000134],[33.03815130100014,0.789174207000087],[33.038507990000085,0.788276536000126],[33.03895384900011,0.78684026500008],[33.03969695900014,0.785972513000047],[33.04100483600007,0.784626],[33.0426396850001,0.783459015000062],[33.04332334300017,0.782381808000025],[33.04388810000006,0.781095146000155],[33.04421506000011,0.779958097000133],[33.04362055800016,0.779180125000039],[33.04302605700008,0.778551764000042],[33.042193759000156,0.777893483000184],[33.04133173100007,0.776786369000035],[33.04082043800008,0.775539499000104],[33.040958877000094,0.772915770000168],[33.0437090530001,0.769993451000062],[33.04551751000008,0.768844423000189],[33.047041451000155,0.767062080000073],[33.04746400700009,0.766341496000109],[33.048459496000135,0.764818328000047],[33.04809222600011,0.764099735],[33.048080325000114,0.764076446000104],[33.047953119000056,0.763814677000028],[33.047037182000054,0.762049853000065],[33.04661137900007,0.760737997000035],[33.04733593100019,0.759670785000026],[33.04828710300018,0.758414040000048],[33.048970755000084,0.757217142000115],[33.04911936800005,0.756289551],[33.04935715000016,0.755062737000117],[33.04947603200003,0.753686312000013],[33.05007050300014,0.751950815000043],[33.05027855700013,0.750394856000185],[33.05057579300018,0.749557031000052],[33.05057578200007,0.748629441000048],[33.050282504000165,0.746702285000083],[33.05024878300014,0.746026210000025],[33.05051628900003,0.744799394000154],[33.05072434500005,0.743452891000175],[33.05143771600018,0.742106382000088],[33.05265640400012,0.740819712000189],[33.053131982000025,0.739772427000105],[33.05328059300018,0.738844836000055],[33.05301305900002,0.73767787200012],[33.052448282000114,0.736510911000096],[33.05122956700012,0.735343958000101],[33.05012975100004,0.734177004000173],[33.049594705000175,0.733548642000073],[33.04885158800005,0.732890361000045],[33.04822736800014,0.732202157000131],[33.04727617800012,0.731274577000079],[33.04787065099998,0.729957992000152],[33.048524579000116,0.729090240000119],[33.04926766900013,0.72732481900016],[33.05056733000009,0.726332292000166],[33.05393567300018,0.72633225200002],[33.057218396999986,0.727855183000145],[33.06167145800015,0.727711447000161],[33.065296701000136,0.727280366000116],[33.070434848000104,0.72722281700004],[33.07310722400007,0.727535414000045],[33.076058262000174,0.727050314000053],[33.07870912800013,0.725844549000044],[33.078834523000126,0.725802589000125],[33.081909997000025,0.724665180999978],[33.08405084700007,0.722366317000024],[33.08547805699999,0.719636438],[33.08872907700004,0.717912821000141],[33.09075608900008,0.717675312000097],[33.094412662000025,0.717538585000113],[33.096382259,0.716532808000068],[33.100307179000026,0.71459309200003],[33.100737160000165,0.714650161],[33.10493152700002,0.716001015000074],[33.106815637000125,0.721518144000129],[33.10714213700015,0.724667220000072],[33.11147283500003,0.723136387000181],[33.11279588500008,0.722696144000054],[33.11449440500007,0.725943186000109],[33.115522076000104,0.7276098050001],[33.11570480300003,0.727779063000071]]]}},{"type":"Feature","properties":{"country":"Uganda","admin_level":"Admin2","name":"Kitayunjwa"},"geometry":{"type":"Polygon","coordinates":[[[33.19115107200014,0.955730112000083],[33.19035226500017,0.955730157000175],[33.18881923700019,0.955458824],[33.18746402600004,0.955594608000069],[33.18579957800017,0.955857071000025],[33.18408792400015,0.955775738000114],[33.18239905600018,0.956372950000173],[33.181007897000086,0.956617301000051],[33.178772720000154,0.957069784000112],[33.175537395000106,0.958490377000146],[33.17313456800014,0.959630459000152],[33.17144434000011,0.961177632000158],[33.170134148000045,0.963014298000076],[33.16956205400015,0.964009529000066],[33.16884109500006,0.964986673000112],[33.168007506000095,0.966000011000119],[33.166483008000114,0.967954302000066],[33.16626817100018,0.968605718000163],[33.164936275000116,0.968976722000093],[33.16407935500007,0.969646264000062],[33.16325865500005,0.970053432000043],[33.16259608700011,0.970442498000068],[33.161637904000145,0.970559846000185],[33.16119736200011,0.970781037000108],[33.16092797300013,0.970641619000105],[33.159990330000085,0.968967915000178],[33.15885267200008,0.966606624000121],[33.15790544300012,0.964118662000146],[33.15761405400008,0.962928935000036],[33.15762843800002,0.962566546000119],[33.15776410899997,0.962338830000135],[33.15777984400012,0.962305720000074],[33.158046015000025,0.961740283000097],[33.158334005000086,0.961290909000013],[33.15860237400017,0.960496163000187],[33.158765948,0.959732622000161],[33.15883073700013,0.959449956000014],[33.15889552200008,0.959058574000153],[33.15892431300006,0.958862883000052],[33.158986418000154,0.958673661000034],[33.159016144000134,0.958180527000081],[33.158967431000065,0.957036447000064],[33.159039386000075,0.956007263],[33.15882460500018,0.955036317000122],[33.15870315700005,0.954650479],[33.158376868000175,0.953941684000085],[33.158204030000036,0.953260403000115],[33.15805169400005,0.95222714200014],[33.15782954200017,0.951593437000042],[33.15777188700008,0.950419303000047],[33.157650574000115,0.948505834000116],[33.15796672300007,0.946793085000024],[33.158010030000185,0.941753738000102],[33.15813375200008,0.938569084],[33.15814655200012,0.935882036000066],[33.15815073099998,0.935140157000092],[33.15808375100016,0.932181693000075],[33.157997704000024,0.929947015000096],[33.157862483000144,0.927214737000156],[33.15805980700014,0.924310545000026],[33.15834653700006,0.923396755000113],[33.1591949970001,0.922148188999984],[33.15978760900009,0.921514852000087],[33.160549845000105,0.920374858000059],[33.16107473699998,0.919090117999986],[33.16176646200012,0.917705850000061],[33.16236691300014,0.916538721000052],[33.16286371400014,0.915172556000073],[33.161105970000165,0.914077912999971],[33.15851711000005,0.91256713100006],[33.158225744000106,0.911089532000062],[33.16096497700016,0.907633661000034],[33.161396034,0.905562001000078],[33.161454082000034,0.90356273000009],[33.161686171000156,0.901601412],[33.16258134700013,0.899717932000158],[33.164304014000095,0.898849657000142],[33.16660709800004,0.899589601000059],[33.169297654000104,0.900079482000024],[33.16969210100012,0.898180725000032],[33.16908851300013,0.896388537000064],[33.1667372390001,0.894877887000121],[33.16474240100007,0.89344863600013],[33.16252236800011,0.893113486000061],[33.16089544500011,0.894118780000156],[33.15922602000006,0.893503161000069],[33.15871728400009,0.891829587000188],[33.15800823400019,0.88898902700015],[33.15711838500005,0.888075372000117],[33.15138720800019,0.889785397000139],[33.148663328000055,0.892147452000074],[33.14694673900004,0.893856490000076],[33.144086371000185,0.896617159000186],[33.14156785299997,0.897873336000089],[33.139634324000156,0.897492948000092],[33.13759026800011,0.895023851000133],[33.136739201000125,0.893507964000037],[33.13528811400005,0.892319041000178],[33.135748367000076,0.890515249000146],[33.13528125000005,0.888953753000067],[33.13428537700014,0.887451769000165],[33.13620174700009,0.885018607000063],[33.1339657420001,0.882019777000096],[33.13012358100008,0.877927290000173],[33.12935729800017,0.876649064000105],[33.12851532900004,0.874832446000084],[33.12723475100012,0.872634194999989],[33.127233545000024,0.870677669000145],[33.12746799100006,0.867721950000089],[33.12766226500014,0.865026092000107],[33.128728673000126,0.863026784999988],[33.128369924000026,0.860801362000188],[33.12774349500012,0.858340741000063],[33.12537717300012,0.854676240000174],[33.12379428800011,0.851957233000178],[33.12179084400009,0.850992553000083],[33.120749352000075,0.849834530000123],[33.120251629,0.849002192000171],[33.11925369100004,0.848468432000061],[33.11899358400012,0.847663229000148],[33.118864085000155,0.847020873000133],[33.118514374000085,0.846016632000044],[33.118348925000134,0.845401419000041],[33.11801692200015,0.844804307000061],[33.11820844300007,0.843800048000162],[33.11842356400018,0.843031020000126],[33.11835387900004,0.842035817000124],[33.118355532000066,0.840977281000107],[33.118897594000146,0.840642514000024],[33.11956322100008,0.839746809000076],[33.120314784000186,0.838588729000037],[33.12143317300007,0.837901098000032],[33.12257542999998,0.83705061400002],[33.12272003900017,0.835847317],[33.12494281100004,0.83576582000012],[33.12584387800007,0.837267645000111],[33.126507053000125,0.838823762000175],[33.128314150000165,0.838923223000165],[33.13031111000004,0.838905062000151],[33.13159550000006,0.838552172999982],[33.13402241700004,0.837149757000134],[33.135093054000095,0.836407840000106],[33.13599660100016,0.836434950000069],[33.13668584699997,0.836434926000038],[33.1374205780001,0.836009677000163],[33.13846000500007,0.834372077000182],[33.13915172500009,0.832861151000031],[33.139917283000045,0.830545013000062],[33.14077466599997,0.827740316000074],[33.14232135600008,0.82672696100002],[33.14703755000005,0.824103069000159],[33.14905886000014,0.822067349000122],[33.14951832500003,0.821271169000113],[33.15025305100005,0.820836870000164],[33.15065128500015,0.819977361000042],[33.151386286000104,0.819362116000036],[33.15187636500008,0.818584029000021],[33.152118704000145,0.818434201000059],[33.15228185700005,0.818276037000146],[33.15230602300011,0.818130044000043],[33.1523661650001,0.817851179000115],[33.15258984900015,0.81738780500018],[33.152735029999974,0.817120251000063],[33.1528341070001,0.816917742000101],[33.15318218700014,0.816645759000039],[33.153345338000065,0.816487595000126],[33.153391436000106,0.816291161000038],[33.1533211470001,0.815970542000059],[33.15332113900007,0.815757637000104],[33.1534448700001,0.815599161000137],[33.15361175000004,0.815313530000026],[33.153687521,0.815134041000022],[33.15372763400006,0.814985963000026],[33.15372762800007,0.814824426000087],[33.15371870700011,0.814653915000122],[33.153741287,0.814478853000026],[33.15410120700017,0.814214095000125],[33.1546935290001,0.813653139000053],[33.15485088000008,0.813401957000053],[33.15511386800017,0.813186564000091],[33.15522084200012,0.81299361300006],[33.155195360000164,0.812761078000051],[33.155225256000165,0.811844903],[33.155211456000075,0.811466259000156],[33.155705325000156,0.811241822000113],[33.156344065999974,0.811588500000028],[33.15677463200012,0.811878186],[33.15714854700002,0.812138220000065],[33.15732983900011,0.812291048000077],[33.15750206500013,0.812402816000088],[33.15768335600012,0.812516865000021],[33.157900906,0.812649161000138],[33.158143381000116,0.812767770000107],[33.15837225900003,0.812856725000074],[33.15860566900017,0.812950241000181],[33.158784692000154,0.813004981000063],[33.15897051400009,0.813087094000025],[33.15907249200018,0.813201147000143],[33.1592197920001,0.813312916000086],[33.15946000500014,0.81353189400005],[33.15963903400012,0.813734907000082],[33.159765941000046,0.813901423000175],[33.15990644400006,0.814054253000052],[33.16004057300006,0.814171884000075],[33.160249120000174,0.8141946],[33.16044682900008,0.814135622000094],[33.160820275000106,0.813888670000097],[33.1609850320001,0.813814951000154],[33.16111031800017,0.813809473000049],[33.16120471200003,0.81382231300006],[33.16131821500005,0.813892336000038],[33.16146467200019,0.813999213000102],[33.16163676200006,0.814157687999966],[33.1619333380001,0.814389871000117],[33.16207613600017,0.814529918000062],[33.16219129900003,0.814721315000156],[33.16231114400006,0.815016689000117],[33.162353897000116,0.815455809000184],[33.16265023600005,0.815761356000166],[33.16336646500008,0.816132271000015],[33.16418853800013,0.816448281000078],[33.16480794300014,0.816702461000148],[33.165568286999985,0.817281626000181],[33.165791481000156,0.817696836999971],[33.16619507200011,0.818109022000044],[33.16668826600005,0.818388256999981],[33.16748688000001,0.818918515000178],[33.16805482800015,0.81931905],[33.16857704200015,0.819993527000122],[33.16885386400014,0.820492323000167],[33.16983242700002,0.821459932000039],[33.170387284000185,0.822111504000134],[33.170582516000024,0.82246315000009],[33.17104264400007,0.822984665000149],[33.17186878700011,0.823369234000097],[33.172824625000146,0.823930045000054],[33.17350058900013,0.824324724000121],[33.17416846200007,0.824831492000101],[33.17527364800003,0.825882073000059],[33.175762561000056,0.826716561000012],[33.176091313000086,0.827468397000075],[33.17640846400013,0.827861828000039],[33.17677836900009,0.828254836000042],[33.17727016700013,0.828775336000092],[33.17787778900009,0.829040839000129],[33.17841208599998,0.829392468000037],[33.17880588200006,0.829645086000141],[33.17932654100008,0.829682025000068],[33.179799178,0.829754403000038],[33.18031291500017,0.829868150000095],[33.18072391200013,0.8301267],[33.181669218000025,0.830995450000103],[33.18218296800006,0.83137810900007],[33.18275632000007,0.831601779000096],[33.18394357699998,0.832470264000108],[33.18446437300008,0.833999231000064],[33.184438045000036,0.835573461000081],[33.18501974000014,0.836071034000156],[33.18519646700008,0.837382883000089],[33.185325430000034,0.838369031000127],[33.18554811600018,0.839548031000163],[33.18566228100008,0.839988479],[33.18602473600015,0.840597910000099],[33.186652106,0.841472187000022],[33.186927472000036,0.841980032000038],[33.18730797300003,0.842420466000078],[33.18774444700006,0.842758049],[33.18816408500015,0.843052379000028],[33.18861117800009,0.843655586000125],[33.18897637700002,0.84410906100004],[33.18936841700014,0.844220222000104],[33.190015170000095,0.844658724000169],[33.190612517000034,0.84502941300002],[33.19128171699998,0.845268991000125],[33.19151525900014,0.845273501000122],[33.19186107700017,0.84519210600007],[33.19216198600009,0.845169486000145],[33.192700933000026,0.84523727300018],[33.1932892960001,0.845567274000189],[33.19427493600011,0.846105552000154],[33.19547766700009,0.846691024000108],[33.19550044900018,0.846702472000175],[33.19632533000015,0.847099834000176],[33.19782666000003,0.84766901900008],[33.19837795800015,0.84789560300004],[33.199467255000116,0.848468048000029],[33.20037339100014,0.848846434999984],[33.20133735900015,0.849118081000086],[33.20165546500016,0.849127767000027],[33.201973563000024,0.849011309000161],[33.20233986000005,0.848875441000075],[33.20285075800001,0.848953042],[33.20355445900009,0.849224701000026],[33.20413284600005,0.84948666300005],[33.204875104,0.84974861500001],[33.205405297000084,0.850078504000066],[33.20572499700006,0.850237273000118],[33.20585153200017,0.850400009000111],[33.20594995200014,0.850605202000111],[33.20596402800004,0.850923611999974],[33.206139777000146,0.85128446900012],[33.206702138000026,0.851716062000037],[33.20746131600015,0.852147645000116],[33.20803772100015,0.852303281000047],[33.20849462199999,0.852331560000152],[33.20890149400009,0.852525960000037],[33.20942894800004,0.852834214000154],[33.210150709000175,0.85300061099997],[33.210670993000065,0.853091049],[33.211827983000035,0.853639044000147],[33.212950950000106,0.854255549000072],[33.21347839700019,0.854426788000126],[33.21400585800018,0.854854930000045],[33.215043759000025,0.855539946000022],[33.215775412000085,0.856344867000132],[33.21616676300005,0.856824396000093],[33.21672824800004,0.857149775000096],[33.217664045000106,0.857492259000026],[33.21812345600017,0.858006038000156],[33.218599900000186,0.858845226000142],[33.2189062060001,0.859752932000106],[33.21939963100016,0.860009807000154],[33.219961102000184,0.860078281000085],[33.22110104300009,0.85997545400005],[33.222573936000174,0.859839939000096],[33.22235265600017,0.861419522000176],[33.22191860700002,0.864368957000011],[33.22145363700014,0.866856983],[33.22223241900008,0.870584411000038],[33.22273926600019,0.873352845000113],[33.222864024000046,0.874239469000145],[33.22385170500013,0.876772644000027],[33.2244450120001,0.878690629000175],[33.22497648800004,0.879921025000044],[33.226334323000174,0.882248336000089],[33.22626305600005,0.88344522],[33.22590814199998,0.884815538000055],[33.22498861500003,0.885403666000059],[33.22328150100003,0.885476149000112],[33.21960771900018,0.885069243000032],[33.21746411300006,0.884761763000142],[33.21593616200005,0.884291396000037],[33.21466450300005,0.883821588999979],[33.21210214100017,0.885202036000067],[33.20824799900009,0.887174112000025],[33.20818228400009,0.887526678000029],[33.20834273100013,0.889788968000175],[33.209459221000145,0.891618301999983],[33.21220279600004,0.89393055700009],[33.21329230900005,0.894789433000085],[33.21325085500018,0.895340438000119],[33.213335248000135,0.896066869000094],[33.21347587300011,0.896793298000091],[33.21413735700014,0.898862732000055],[33.214351759000124,0.903191236999987],[33.2143130450001,0.903969305000089],[33.214145196000175,0.905869241000062],[33.214106276000166,0.907922974000087],[33.213463143000126,0.908945354000139],[33.211083694000024,0.910393059000114],[33.20803857400011,0.911750329000142],[33.205611657000134,0.913270412000031],[33.19978927900013,0.917700927000112],[33.19933946500004,0.918141634000051],[33.19895793100011,0.918570208000176],[33.19861655500006,0.918909835000079],[33.198299267000095,0.919059441000059],[33.19801410500014,0.91911201500011],[33.19814969700019,0.919794129000081],[33.198757905000036,0.921582152000155],[33.19965488800011,0.922281840000153],[33.20200561000007,0.924190681000084],[33.20529474900019,0.926470404000099],[33.20766881000009,0.928741130000049],[33.20994475700019,0.929437634000124],[33.210368912000035,0.930070918000126],[33.211134421,0.932305548000102],[33.21256898600012,0.934793460000094],[33.213562629000194,0.938068510000164],[33.21345035900015,0.939362276999987],[33.21304713100017,0.941099378000104],[33.21085754800009,0.942791351000039],[33.20709872400016,0.944474372000116],[33.20566126700015,0.945361091000052],[33.202625155000135,0.947586901000022],[33.20088746800013,0.948944095],[33.200006150000036,0.950038866999989],[33.19774656300007,0.950798969],[33.19467781700013,0.952273852000133],[33.19263225000009,0.952979656000082],[33.19115768100005,0.953341630000182],[33.190561728000034,0.95448162100007],[33.1909650930001,0.955006340000068],[33.19115107200014,0.955730112000083]]]}},{"type":"Feature","properties":{"country":"Uganda","admin_level":"Admin2","name":"Magada"},"geometry":{"type":"Polygon","coordinates":[[[33.62376725300004,0.906355201000167],[33.62329280400013,0.906365095000069],[33.62248963300016,0.90643168600019],[33.621466424000175,0.906553691000056],[33.62002269300018,0.906572960000119],[33.62028683200009,0.906407091000176],[33.62156986400004,0.905631881000147],[33.62297129000012,0.904558577000159],[33.62445150900015,0.902491684000154],[33.625421995000124,0.901048814000092],[33.62719801600008,0.899225502000093],[33.62847200000016,0.898057188000053],[33.62990523200011,0.896739971000045],[33.63211197900017,0.89487293000002],[33.63385239600018,0.893670179000026],[33.635581496999976,0.89283389000002],[33.63649158100014,0.892570338000098],[33.63805007500014,0.891974568000023],[33.639540263000185,0.891126868000015],[33.64092807700007,0.890370801000074],[33.64212250000003,0.889683479000041],[33.642782221000175,0.888984799000184],[33.64310060400015,0.88805714300014],[33.64340764100007,0.887301266000065],[33.64397632000015,0.886430825000048],[33.64456776300011,0.885629090000066],[33.64511372500016,0.884976239000139],[33.645591521000085,0.884861636000153],[33.64595170500007,0.884599087000026],[33.646217138000054,0.884323289000122],[33.64628530100015,0.883762136000144],[33.64629658000007,0.883200993000173],[33.646353354000155,0.882571131000077],[33.64654660700006,0.881712208000181],[33.646808190000115,0.881265540000129],[33.64697878200002,0.880944858000078],[33.64702419900016,0.880429516000106],[33.647012726000185,0.879868378000026],[33.64709228900011,0.879444646000138],[33.64729702500017,0.879204121000043],[33.647565486000076,0.87885621700002],[33.64777787900016,0.877699867000103],[33.648256708000076,0.875935667000135],[33.64834756300007,0.875573182999972],[33.64842493800012,0.875304730999972],[33.64856253500005,0.875070907000179],[33.64866846300015,0.874942907000047],[33.64875555400016,0.874916450000114],[33.64924719100003,0.87465021700018],[33.64943733300015,0.874435400000095],[33.6496042710001,0.874150548000159],[33.65006341800017,0.873767592000092],[33.650768396000046,0.873333231000117],[33.65130641999997,0.873080999000024],[33.65161251400008,0.872805461000155],[33.6519186110001,0.87254860000013],[33.65197423799998,0.872343145000059],[33.65199272600012,0.871955597000181],[33.65200193800018,0.871582057000182],[33.65204353000007,0.87068556000014],[33.65209912300014,0.870288665000089],[33.65214081400012,0.869966482000166],[33.652205710000146,0.869714333000161],[33.65240047100019,0.869387454000048],[33.65259058900011,0.869037228000025],[33.652780712000094,0.868715019000092],[33.652901244000134,0.868308776000163],[33.65300324300017,0.86802860500012],[33.65308669600006,0.867795130000104],[33.653170146000036,0.867552316000058],[33.65328606800017,0.867309496000075],[33.65346227200018,0.866968612999983],[33.65356891500005,0.866725794000104],[33.65373119500015,0.866328882000118],[33.65383318900007,0.866025365000098],[33.653879542000084,0.865833919000067],[33.65395834700013,0.865549083000133],[33.654013968000186,0.865310943000168],[33.65422255000004,0.864433093000173],[33.65431991700018,0.864194946000111],[33.654408001000036,0.863919447000114],[33.65445434300011,0.863667302000124],[33.65451923400008,0.863387137000132],[33.654588765000085,0.863111641000103],[33.65463510800009,0.862873503000117],[33.65472318300016,0.862541972000145],[33.654783430000066,0.862229125000056],[33.65486684900014,0.861799542000142],[33.65494101500008,0.861510038000176],[33.65503372900008,0.861183176000111],[33.65508469700006,0.860856322000075],[33.6551820250001,0.860394052000061],[33.655283997000026,0.85995512900007],[33.65538134000019,0.859572234999973],[33.65545550000007,0.859245377000093],[33.65549720700011,0.85901657800008],[33.65570578900014,0.858134060000111],[33.65574749600012,0.857905261000099],[33.65586340100003,0.857573726000112],[33.65591900800007,0.857246872000076],[33.65596070700008,0.856971380000175],[33.6560395140001,0.856695883000043],[33.65612760700003,0.856471745000135],[33.6562991780001,0.856163547000051],[33.65654495500007,0.855794637000088],[33.65687421500013,0.855374350000034],[33.657333335000146,0.85484198],[33.65775536200016,0.854407670000171],[33.65819132300004,0.85407141100012],[33.65843248400006,0.853842577000023],[33.6587339620001,0.853707118000102],[33.65904484400005,0.853633569000124],[33.66090639900017,0.854130816000179],[33.66520531900005,0.85552326300018],[33.66886430500011,0.856583690999969],[33.67060021400016,0.856990299000074],[33.67252619600015,0.856511235000028],[33.67509393900008,0.85454801800006],[33.67823040000013,0.851603740000144],[33.68217688900012,0.848669352000172],[33.68249369800009,0.848734002000185],[33.68251010500012,0.851053065000144],[33.68220990500015,0.854538764000154],[33.68215419500018,0.855363419000071],[33.68203141200007,0.858203608000167],[33.681879847,0.858691235000094],[33.68328617800012,0.861716106000188],[33.68427162600011,0.861389478000149],[33.684912803000145,0.861767674000021],[33.68524248600016,0.861867231000133],[33.68594448500005,0.861826830000098],[33.68667403000012,0.861863786000129],[33.68880333100003,0.86214230500002],[33.69183691600011,0.861676356000089],[33.69202312400006,0.861105236000071],[33.692216632000054,0.860475099000098],[33.69234514200002,0.859719704000042],[33.69238534800019,0.859287158000086],[33.69245240600003,0.858834332000129],[33.692570213000124,0.858247174000041],[33.69271280100003,0.857792363000158],[33.69351359400008,0.857806246000166],[33.69498369900015,0.858079179000072],[33.69888391900008,0.861094398000091],[33.703116825,0.862936682000111],[33.70522327300006,0.861788266000133],[33.70830004200013,0.860302756000124],[33.71166252100011,0.86109661800009],[33.711836370000185,0.861535260000153],[33.71225312800004,0.862525874000028],[33.71272571800006,0.863629474000049],[33.71287809000006,0.864443642000083],[33.71370627300007,0.865755246000049],[33.71384739100006,0.866469903000109],[33.713949655000135,0.867310975000066],[33.714264461000084,0.868539852000083],[33.714496795000116,0.869316376000029],[33.714893852000046,0.869813906000161],[33.715178543000036,0.870205904999978],[33.71541083500006,0.870763783000143],[33.71551574000017,0.871012566000047],[33.71562811000001,0.871125637000034],[33.715942695000024,0.871178353000175],[33.716129964000174,0.871291409000094],[33.71612253400008,0.871608069],[33.71550754200018,0.872182014000146],[33.71532919000015,0.872451425000179],[33.71531648700011,0.872669495000082],[33.71566061700014,0.873015771000155],[33.71597925100002,0.873310742000115],[33.716782307000074,0.874580507000076],[33.716999048000105,0.875144874000171],[33.717470724000066,0.876094016000025],[33.71817145700004,0.875375541000153],[33.71894863500006,0.87458008800013],[33.71934355500002,0.873977121000109],[33.72012069300007,0.872976428000186],[33.72107623600016,0.871988530000124],[33.721738720000076,0.871167444000037],[33.72198074300013,0.870667126000058],[33.72257396200007,0.869924038000022],[33.725072713000145,0.868756542000085],[33.72799581500004,0.869027372000062],[33.73070544000018,0.869126356000095],[33.73264533700018,0.868148945000144],[33.73817523700012,0.862575166],[33.74092442500006,0.861100035000106],[33.74267416800018,0.860883418000014],[33.74450515500001,0.861472388999971],[33.746059388000106,0.86209355800014],[33.74691105000005,0.862575569000171],[33.747555927000064,0.862884521000126],[33.748157561000085,0.863068062000139],[33.74875423900005,0.863127509000151],[33.749370641999974,0.863186951000102],[33.75024840400016,0.863295980000146],[33.75082044500016,0.863454707000074],[33.75119083400017,0.863534586000185],[33.75124918500006,0.863546488000111],[33.75201830000003,0.863447805000021],[33.7527090370001,0.863305417000163],[33.75515610700006,0.86257117200006],[33.75712044600016,0.86193476800014],[33.7596522610001,0.861123452000186],[33.76355126900012,0.859991849000039],[33.766927953000106,0.859104607],[33.769068088000154,0.859656010000094],[33.77418058300009,0.862576987000068],[33.77825898700007,0.865344375000063],[33.78104134400013,0.86694502600011],[33.78381179100012,0.867984794000165],[33.7872123570001,0.868581148000089],[33.790053913000065,0.868535317000124],[33.79057731900019,0.877104806000148],[33.79069077400004,0.878821017000121],[33.79113494700016,0.886202839000021],[33.79145471800001,0.894852269000182],[33.79167404800006,0.901337459000104],[33.79199916800013,0.916318333000106],[33.790699652000114,0.919946256000173],[33.787635754000064,0.923113205000107],[33.78368770100019,0.926081332000081],[33.777534666000065,0.930162669000026],[33.76994093100018,0.934579047],[33.76717946400004,0.936416100000031],[33.762319563000176,0.932801474000087],[33.75975579200002,0.928516086000116],[33.756794801000126,0.922762854000155],[33.751857976999986,0.91613672200009],[33.75148426700002,0.912318755000115],[33.75054058500007,0.905727326000147],[33.74585118500005,0.905430567],[33.736244134000174,0.905719997000176],[33.72908436900008,0.906199018000109],[33.728517086000124,0.906562565000058],[33.720987151000145,0.908744681000144],[33.71617077200017,0.910638750000089],[33.71003655900006,0.911994723000134],[33.705926715000146,0.910512934000167],[33.69617877200017,0.912241162000157],[33.69365132600012,0.911670543000128],[33.689282302000095,0.90840190900002],[33.68797669700018,0.906323955000062],[33.684669336000184,0.909000200000037],[33.67793954900014,0.913172737000082],[33.67104813500015,0.912865729000032],[33.66773599700019,0.912483793000092],[33.66071192900006,0.912165999000081],[33.65502348400008,0.912336463000145],[33.65141885200006,0.911573096000154],[33.64129181200008,0.908917674000179],[33.63533095200012,0.908239911000123],[33.629986680000115,0.907246953000026],[33.62741839200004,0.90690959200009],[33.62376725300004,0.906355201000167]]]}},{"type":"Feature","properties":{"country":"Uganda","admin_level":"Admin2","name":"Namasagali"},"geometry":{"type":"Polygon","coordinates":[[[33.01477370000009,1.078618560000052],[33.01277963400008,1.078353903999982],[33.00964044300014,1.077738698000076],[33.00642176600019,1.07903247400003],[33.004311468000026,1.081384782000157],[33.00178882300014,1.083158061000063],[33.00096385800015,1.083384244],[32.999965023000016,1.083890895000081],[32.996038499000065,1.08534751100018],[32.99417396800004,1.085971774000086],[32.989201132000176,1.087925982000115],[32.986722296000096,1.088722137000161],[32.98236403400006,1.090540627000166],[32.97983800400016,1.091472485000168],[32.97845968400014,1.091942936000123],[32.97495587800012,1.093263817999969],[32.97311437000019,1.093951399000105],[32.969963910000104,1.095941780000032],[32.967217081000115,1.098013588000072],[32.96441040800016,1.101062503000151],[32.95990824900002,1.106626549000111],[32.9587032120001,1.108209814000077],[32.95808243600004,1.108942638000144],[32.957107453000106,1.110073539000041],[32.95649145100015,1.110869694000087],[32.95307723200017,1.107888996000042],[32.947791923000125,1.103378472000031],[32.94342582700017,1.098752304000072],[32.94055342299998,1.094704421000074],[32.938542782000184,1.090020467000102],[32.937336438000045,1.085394355000176],[32.93727906900017,1.081520005000073],[32.93894523100016,1.07492786500012],[32.941013528000155,1.068451382000092],[32.94262219900014,1.063304890000097],[32.943484002000105,1.059546209000018],[32.94371385000011,1.056712734000143],[32.942909628000166,1.053243153000039],[32.941703268000026,1.049715738000145],[32.93929052900012,1.044048733000125],[32.937337377000176,1.038902171000075],[32.935728906000065,1.03450735399997],[32.93480981100015,1.030575160000069],[32.93435026300011,1.028666889000021],[32.93469504000012,1.024387764000039],[32.93544194300006,1.020629082000085],[32.9369356740001,1.016696936000187],[32.939980480000145,1.013805689000151],[32.94256567700006,1.012070953000148],[32.94417426000018,1.009931414000107],[32.945208382000146,1.006519691],[32.945553141000175,1.00224056400009],[32.945610638,0.999233606000132],[32.9458979370001,0.995648391000088],[32.94578311400011,0.991137950000166],[32.945036361,0.98703228300019],[32.94526625300006,0.980902717],[32.945266297000046,0.978184888000101],[32.94561102800003,0.975293587000067],[32.94676002699998,0.97217099500017],[32.947679224000126,0.969684486000062],[32.949460138,0.966561901000034],[32.95026443400013,0.964248868000084],[32.94991981100014,0.960143206],[32.94865604100005,0.955574922000039],[32.94831141000003,0.952105348000032],[32.948771048000026,0.947941872000172],[32.950666848000026,0.944472332000146],[32.952620086000024,0.941407573000106],[32.954515860000186,0.939325856000096],[32.95698609100003,0.93811153900009],[32.9590541770001,0.938169390000155],[32.96089247500015,0.938227237000092],[32.963247803000115,0.937533349000034],[32.96405206700007,0.936723792000123],[32.964741451000066,0.934468579000111],[32.96502871900003,0.931056837000085],[32.96680962000005,0.925447717000168],[32.966981987,0.922556411000187],[32.96726924600006,0.919780757000069],[32.96887778000013,0.916253375000053],[32.970543743,0.914460778000148],[32.972496936000084,0.912783835000027],[32.97542671700012,0.910991245000048],[32.976920335000045,0.909140818000139],[32.97795437900015,0.907695170000068],[32.9792334010001,0.905065278000109],[32.98120091300018,0.905855604000124],[32.982509671000116,0.90627366800004],[32.984221302000094,0.906906995000156],[32.985933212000134,0.906653675000143],[32.98764484500009,0.906780345000129],[32.989356488000055,0.906825589000164],[32.9916110420001,0.907332241000177],[32.99328082500011,0.908381732000066],[32.99528484800015,0.909349798000051],[32.99720545100013,0.910272635000069],[32.998416012,0.911991630000102],[32.99940356100012,0.913746812000056],[33.00030151400006,0.915022482999973],[33.000830392000125,0.91585484],[33.002871780000135,0.917772872000114],[33.00527380100016,0.917202891000102],[33.0094962710001,0.915756993000173],[33.012140116000126,0.914771730000098],[33.01413421100017,0.914054392000082],[33.01579837500003,0.913873441000135],[33.01734402300019,0.913746770000046],[33.01914485600008,0.913592990000097],[33.021377137000115,0.91332280600011],[33.021857837000084,0.913501568000186],[33.021843850000096,0.913811351000163],[33.021682983,0.914036649000138],[33.0209625710001,0.914085937000095],[33.019913427000176,0.914205632000176],[33.01926295800007,0.914297162000082],[33.01884330100006,0.914508379000097],[33.01845162400008,0.915043462000028],[33.01828376500015,0.915803839000148],[33.018164863000095,0.916106583000158],[33.018038967000166,0.916324839000083],[33.017521391000116,0.916895124000121],[33.01701080900017,0.917261234000023],[33.01673173300014,0.917637127000148],[33.016521213000146,0.918253951],[33.01635335300011,0.919021368000188],[33.01624529200012,0.91986659000014],[33.01569589600018,0.920809665000093],[33.015003464000074,0.921753098000067],[33.01478664200005,0.922126247000108],[33.01472403700012,0.922834679000118],[33.01416662200012,0.924155338000048],[33.01338639300013,0.92526215800018],[33.01319435900007,0.925760065000077],[33.01310125100014,0.926070524000068],[33.01297904800009,0.926515711000036],[33.012536786000055,0.927130772000055],[33.01207124600012,0.927663827],[33.011751187000186,0.928196880000144],[33.01159763800018,0.928601772999968],[33.01146953700015,0.928972833000159],[33.01142259500017,0.929234868000037],[33.011431131000165,0.9296],[33.01140979500019,0.929844852000087],[33.01135005100019,0.930094000999986],[33.01123483100008,0.930588002000093],[33.011100837000185,0.931036248000055],[33.01089780799998,0.931633386000101],[33.01054704300003,0.932237816],[33.01000288500012,0.932969289000027],[33.00994097200004,0.933050005000155],[33.009359125000174,0.933821056999989],[33.009230552000076,0.934571721000111],[33.00926912700015,0.9354906370001],[33.009101981000185,0.936461323000174],[33.009410567000145,0.938260326000034],[33.00993773200014,0.939632227000118],[33.010362035000185,0.94047348600003],[33.010593474000075,0.941353574],[33.01061919100016,0.941858330000059],[33.012422273000084,0.944983904000026],[33.01468147900016,0.951746318000176],[33.015454368000064,0.954140093000092],[33.01922476800013,0.955320116999985],[33.02167436200011,0.955176117000178],[33.02344891200005,0.955000271000188],[33.02614521300012,0.955071675000056],[33.02825968000019,0.954971666000063],[33.02904190600003,0.956052220000117],[33.02924253100002,0.956357213],[33.02987943200009,0.95725474000011],[33.030526129,0.957787336000138],[33.03117282600016,0.958329796000044],[33.03175093600004,0.959138558],[33.03236824200013,0.960095263000028],[33.03296595300009,0.961130872000183],[33.033446082000125,0.96204812600007],[33.033740039,0.962630041000182],[33.03406339400004,0.963428941000188],[33.03448473600008,0.964553319000117],[33.034945272000186,0.965766463000136],[33.03535681300002,0.966614678000042],[33.03594472300017,0.967176863000134],[33.036297470000136,0.967719323999972],[33.03655367800002,0.968571745000077],[33.03683433000015,0.969000016000052],[33.03730296600003,0.969690741000136],[33.037880917000166,0.970346708000136],[33.038415971,0.970844752000119],[33.03917749800007,0.971425968000062],[33.03970136200007,0.972050937000176],[33.03995472700018,0.972582341000077],[33.04016120699998,0.97307883600007],[33.04028739300014,0.973644610000122],[33.04068888300014,0.97447595],[33.04105595500016,0.974914710000064],[33.04197363200012,0.975757591000104],[33.04292572300011,0.976635109000028],[33.04347443000012,0.977110778000053],[33.04397062700008,0.97747974400005],[33.04460048400006,0.977939836000076],[33.04548375000013,0.978678798000146],[33.045954062000135,0.979244567000137],[33.046802913000136,0.979764145000104],[33.04774353000005,0.980237536000118],[33.04893651100008,0.981057317000023],[33.049705067000104,0.981669268000132],[33.05066863000013,0.98229276100011],[33.05118482600005,0.982789251000156],[33.05220574500004,0.98356284700003],[33.05352278300012,0.984326256000031],[33.05419082000009,0.985024534000104],[33.05483317000011,0.986136614000088],[33.05514150800019,0.987261630999967],[33.05510298700011,0.988438377000023],[33.054961695000145,0.989679783000042],[33.05492317800008,0.991102224999963],[33.054974587000174,0.992447078000112],[33.05470481700007,0.993067784000175],[33.05460205200018,0.993585037000059],[33.0545892130001,0.994050564000133],[33.05456352800019,0.994529021000176],[33.054460764,0.995110930000124],[33.054460787000096,0.996507509000082],[33.054571078000095,0.997887383000034],[33.05502608800009,0.999307122],[33.05661858100012,1.001551212000038],[33.057801590000054,1.003886903000136],[33.058620605000044,1.005993610000075],[33.059166646000165,1.009062085000039],[33.05948521800008,1.013412917000153],[33.06130526700014,1.018359097000143],[33.06135082500015,1.021427581000182],[33.06023323400012,1.022947528000088],[33.058617938000054,1.025960317000056],[33.05753630500004,1.028285499000049],[33.05682317300017,1.029850699000065],[33.05550252200004,1.033171090999986],[33.054549816000076,1.035930541000027],[33.053467899,1.038445716000069],[33.052091046000044,1.040608049000184],[33.050242861000186,1.042218503000015],[33.0475455510001,1.042996616000039],[33.04510973400011,1.043222835000165],[33.04087738300012,1.043286225000088],[33.03982885200014,1.043838125000093],[33.037523115000056,1.046769487000176],[33.03619092100013,1.050044635000063],[33.03408742900018,1.054486896000185],[33.0329442470001,1.056124474000171],[33.03096684800016,1.058947260000139],[33.029372024,1.063217613000063],[33.02864203600018,1.066800361],[33.02703595500009,1.069424100000106],[33.02566272300015,1.071523092000064],[33.02523325400006,1.072346402000164],[33.02367041800005,1.074083501000075],[33.022462052000094,1.075006337000048],[33.019431299000075,1.076734397000052],[33.017028323000034,1.0779919900001],[33.01518262000013,1.078625312999975],[33.01477370000009,1.078618560000052]]]}},{"type":"Feature","properties":{"country":"Uganda","admin_level":"Admin2","name":"Nambale"},"geometry":{"type":"Polygon","coordinates":[[[33.541575810000154,0.887425625000105],[33.53708664400017,0.887303407000104],[33.53579119100016,0.887278797000022],[33.53476792300006,0.887283971000102],[33.53371469900014,0.887233879000064],[33.53279123200019,0.887033030000055],[33.531732978000036,0.886716635000084],[33.53104410600008,0.886455456000022],[33.53014002900011,0.88600921200009],[33.528464917000065,0.884837005000179],[33.52734501700013,0.884019065000189],[33.525872377000155,0.883084701000143],[33.524594425000146,0.882270900000037],[33.522917093000046,0.881065236000097],[33.521691310000165,0.880165059000149],[33.52091708800003,0.87958772900015],[33.519975187,0.879246882000132],[33.51944640500017,0.879097258000172],[33.518488006000155,0.878947694000033],[33.517075195000075,0.87873997700018],[33.515670661,0.878640374000042],[33.51471225500012,0.878440910000052],[33.5140925820001,0.878208133000044],[33.51311179700002,0.877676896000082],[33.51226564000012,0.877060660000041],[33.511589812000125,0.876463653000144],[33.51037858400014,0.875242479000178],[33.50990273100007,0.874654491000172],[33.50938588900016,0.874193166000111],[33.508847134000064,0.873879961000057],[33.508600377000164,0.873661605000109],[33.50808844900007,0.873436152000181],[33.50783279600017,0.873348144000033],[33.50740794600017,0.873180175000073],[33.505598559000134,0.872456662000161],[33.50495249200003,0.871769179000182],[33.50467869700003,0.871492240000123],[33.50432505300006,0.87098020500008],[33.50416794900008,0.870789289000129],[33.503852516000165,0.870577669],[33.50367226400016,0.870418947000019],[33.5035220310001,0.870124152000074],[33.50336678900004,0.869593019000092],[33.503236544000174,0.86920950800004],[33.50309381000011,0.868824000000131],[33.50274081600003,0.868514113000174],[33.502480754000146,0.86845617299997],[33.50172090100011,0.868463850000182],[33.50152022200007,0.868483853000157],[33.50104985200005,0.868082310000034],[33.500285312000074,0.867437682000173],[33.499344182000186,0.866558867000037],[33.49834528500003,0.865301467999984],[33.49454583600016,0.860995600000081],[33.49156717400007,0.857549082],[33.48886715700007,0.854328697000085],[33.48610871400018,0.851008799000056],[33.48380469500006,0.847616462000076],[33.48239832300004,0.844404949000022],[33.48193447900002,0.840921907000165],[33.48214805100014,0.837330215000179],[33.48196913200013,0.834923731000174],[33.48360965100011,0.832915091000075],[33.48566089900015,0.831874430000028],[33.48651692700014,0.831693384000118],[33.48805042099997,0.831837945000132],[33.490511979000075,0.832914230000085],[33.49279488100018,0.833737219000056],[33.4958977980001,0.833881577999989],[33.4970579890001,0.834043390999966],[33.49732162500004,0.833989379000116],[33.49782654600017,0.833800392000057],[33.498268912000185,0.833660892000069],[33.498715751000134,0.833552879000081],[33.499176006000084,0.833530329000155],[33.50014469700005,0.833494842000164],[33.49969615900005,0.829936605000171],[33.498750132000055,0.824617094000132],[33.49775070600015,0.818944755000018],[33.49730445100005,0.816864002000102],[33.496376874000134,0.815280894000182],[33.49567913900006,0.814539126999989],[33.493181985000035,0.81162630200015],[33.49134543200006,0.808939568000085],[33.48991621900018,0.807067012],[33.4880259470001,0.806053977000147],[33.48706705100017,0.805565554000168],[33.48547504000015,0.804489152000087],[33.48370154100007,0.80294232500006],[33.48305932100004,0.801350128000081],[33.482588995000185,0.799857426000187],[33.48197377100007,0.798545682],[33.48137659400015,0.797858179000059],[33.48047220900003,0.797559734000117],[33.47972122500005,0.797731716000158],[33.47829222700011,0.797641414000168],[33.477007508000156,0.796845427000108],[33.475216665,0.795841416000087],[33.47319939700009,0.794339843999978],[33.47072092500002,0.792467394000141],[33.46977994800005,0.791445187000022],[33.4693725300001,0.789852956],[33.46902858200008,0.788233576000152],[33.468612705,0.786333745999968],[33.46835475700016,0.785220990000084],[33.46818723600006,0.784035848000087],[33.467897810000125,0.782724060000078],[33.467906582000126,0.780778946999988],[33.467743346000134,0.777702973000032],[33.46787834500003,0.774328413999967],[33.46838478700016,0.772356104000039],[33.469008467000094,0.768927208000036],[33.46957826800008,0.765914483000074],[33.470608667000135,0.762892660000034],[33.47146786700017,0.760983641000109],[33.47166704400007,0.758893755000031],[33.47185671700004,0.757210986000132],[33.47311330500008,0.752551628000106],[33.47361967900008,0.749936981000019],[33.47390882200011,0.748697506000099],[33.474315332000174,0.747186608000106],[33.474193855000124,0.745802426000182],[33.474095426000076,0.744581088000189],[33.474260496000056,0.743920636999974],[33.474350821000144,0.74348907100017],[33.47440084700003,0.743224001000101],[33.47450412000012,0.742799669000135],[33.474607519000074,0.742440603000091],[33.47486428200011,0.741991757999983],[33.475088969000126,0.741787072000136],[33.47554430400004,0.741562734000013],[33.476036322000084,0.741360136000139],[33.47665300800014,0.740781059000085],[33.476784818,0.740508581000086],[33.47689667700013,0.740385476000142],[33.47730506100015,0.740011991000074],[33.47785043200008,0.739631957000029],[33.47861096000014,0.739487121000138],[33.478691722000065,0.739374352000141],[33.47872032800012,0.739256495000063],[33.47873592800016,0.739164828000014],[33.47874632700007,0.739088877000086],[33.4787490010001,0.739020427000071],[33.47878272800011,0.738884592000147],[33.47890239800006,0.738819105000118],[33.478985655000145,0.738850523000053],[33.479191201000106,0.738981450000153],[33.47932649799998,0.739075719000027],[33.47942016200011,0.739107136000086],[33.47960228000005,0.739112354000156],[33.479729761000044,0.739112341000066],[33.48010727400009,0.738953184000138],[33.48063080700018,0.739215490000163],[33.48075483500014,0.73925889200018],[33.48091354100012,0.739282445000072],[33.481093054000155,0.73926933100006],[33.48135062100005,0.739282397000068],[33.481581775000166,0.73928776200006],[33.482699007000065,0.739378110000075],[33.48360162600005,0.739061365000111],[33.48528954500017,0.739151649000121],[33.48611800500015,0.738708254000073],[33.48679823900011,0.738843884000119],[33.48791547900004,0.739006606000089],[33.48843900100019,0.739169394000044],[33.48855064900016,0.739407298],[33.48866086100003,0.739534530000071],[33.48879700100014,0.739661759000057],[33.48903037400015,0.739788977000103],[33.48941607699999,0.739883551999981],[33.489772598000116,0.73988024900018],[33.4902198690001,0.739880200000073],[33.49049860000014,0.739841017000117],[33.49080833500011,0.739749837000033],[33.49106899499998,0.739485321000188],[33.491305578000095,0.739325424000185],[33.491571336000106,0.739214464000042],[33.491817652,0.739149182000176],[33.492222786000184,0.739106723000134],[33.49255661700016,0.739090372000078],[33.492880728000046,0.739090335000185],[33.49319382100015,0.739440274000117],[33.49403747800005,0.739295427000116],[33.49458368699999,0.738425673000052],[33.494696198000156,0.738284060000183],[33.49478331800009,0.738209436000034],[33.49493406300007,0.738113867000038],[33.495084814000165,0.738082937000115],[33.49528582100004,0.738080103000073],[33.495472866000114,0.73804635800002],[33.49566269800005,0.737970457000074],[33.49585859200005,0.737813367000058],[33.49608978700013,0.737509512000031],[33.496243062000076,0.737404355000137],[33.49705194400002,0.737711862000083],[33.49773484800005,0.7378572450001],[33.49813455200007,0.737573156000167],[33.49851069400012,0.736863003999986],[33.49883985399998,0.736567088000015],[33.499251314000105,0.736271162000094],[33.499451130000125,0.735809568000093],[33.49962741000013,0.735146779000047],[33.49992129300006,0.734791691000112],[33.50011030000013,0.734768462999966],[33.500306527000134,0.734789233000129],[33.50049501100011,0.734823000000176],[33.500637022000035,0.734877565000147],[33.500983015000145,0.735030873000028],[33.50116117300013,0.735090631],[33.501362570000026,0.735152987],[33.501449874000116,0.735218934000045],[33.50147836399998,0.735250280000173],[33.50155107100005,0.735347898000043],[33.50157690100008,0.735449259000177],[33.50158208800008,0.735654587000113],[33.50158209900013,0.73575595200009],[33.50158210900014,0.735844321],[33.501584703,0.73594568600015],[33.50161809000019,0.736083287000042],[33.501729835000106,0.73616574600004],[33.50206846700007,0.736179912000182],[33.502357695,0.736023641000088],[33.50287267099998,0.735810530000151],[33.50342290900005,0.735497991000159],[33.50383910900018,0.735213874000181],[33.503959013000156,0.734972402000096],[33.50443869800017,0.734624362000034],[33.50560971100015,0.733914055000184],[33.506724294000094,0.73328187400017],[33.50743679000004,0.7329622150001],[33.50824804500013,0.732578628000056],[33.50874891400008,0.732408130000181],[33.50940499900014,0.732337037000093],[33.51005401300017,0.732116809000161],[33.510554870000135,0.731839784000044],[33.511062812000034,0.731832624000162],[33.511436713000194,0.731818378000071],[33.51169773300012,0.731761534000157],[33.512059205000185,0.731592053999975],[33.5129793430001,0.731711891000032],[33.51380009700017,0.732151886000111],[33.514350358000115,0.732059500000105],[33.51485121800016,0.731810882000161],[33.51538736700019,0.73169719100008],[33.51649725300018,0.731720530000132],[33.517708885000104,0.732172737000155],[33.51895695800005,0.732027840000171],[33.520477529000175,0.732534292000139],[33.52190322300004,0.733465962000139],[33.52257639700014,0.733706135000034],[33.52318312000017,0.733826793000048],[33.52366284900012,0.73386934600012],[33.52407907300011,0.733826687000033],[33.52440359000008,0.733805344000132],[33.52461524400013,0.733897641000056],[33.524953897000046,0.734117752999964],[33.52522905500007,0.734302365000133],[33.52561708100018,0.734437252000021],[33.52593460600008,0.734553243000107],[33.52614620700007,0.734593426000174],[33.52641429700009,0.734678615],[33.527095710000026,0.734876672000155],[33.52837924800019,0.735401242000023],[33.52932971700005,0.736070603000087],[33.53046151500007,0.736904301000152],[33.53090847000004,0.737177876000146],[33.53178333100004,0.737781416000132],[33.53270137300012,0.739055689000168],[33.5338322290001,0.740403547000142],[33.534449703,0.741814794999982],[33.535352612000054,0.743994998000176],[33.53639760600015,0.745958056000063],[33.53759752400015,0.747052588000031],[33.53795626800019,0.747412762000181],[33.53838251500002,0.747774446999983],[33.539122147000114,0.748144505000084],[33.5407184180001,0.748964527000055],[33.54189265499997,0.749696268000093],[33.54348059200004,0.750697157000047],[33.544366497000055,0.751277508000044],[33.54531977000016,0.751918873000079],[33.54821443300011,0.753836455000112],[33.550299746000064,0.756179341000177],[33.552287560000025,0.757614083000021],[33.55741479800008,0.761048349000134],[33.55705479100004,0.761199506000139],[33.55671688600006,0.763036073000137],[33.55631087900014,0.763805114000036],[33.55554818000019,0.764465638],[33.55597136600005,0.766238777000069],[33.556962512000155,0.7686360780001],[33.55721947800009,0.775005068000041],[33.55767753100008,0.777040561000149],[33.559451783000156,0.780125319000092],[33.55999404400018,0.781798923],[33.56119670800018,0.786494103],[33.561817137000105,0.788819072000081],[33.5623004250001,0.790492683000082],[33.56297141200014,0.792835738000065],[33.563535140000056,0.795350698000163],[33.564222257000154,0.80060685],[33.56405277200008,0.801701547000107],[33.56319141400019,0.803827688000069],[33.56191223100012,0.806550983000079],[33.559908437000104,0.80917486400017],[33.55636071700019,0.813255513000058],[33.551276930000085,0.81881102400007],[33.54916692300003,0.82114542100004],[33.548475567000025,0.82190545900005],[33.547497269000075,0.823316914000031],[33.54543182100008,0.831124696000188],[33.544927131000065,0.833196511999972],[33.54390603000007,0.837873916000092],[33.543710193000095,0.839312404000111],[33.54351336800005,0.841727962000164],[33.54351069200004,0.842677889000129],[33.543776763000096,0.845428117000154],[33.54414329400015,0.84754504600005],[33.54426489200006,0.84946297700003],[33.5445454450001,0.851308510000024],[33.544789527000034,0.853434503000187],[33.54511353200013,0.856682302000081],[33.54571108300007,0.859857686000055],[33.54589509000016,0.862155578000113],[33.545719754000174,0.865502965000076],[33.54525208500013,0.867158619000122],[33.54497478600018,0.868461417000049],[33.54463348400003,0.869990397000095],[33.54330250100014,0.87581681100005],[33.542350021000175,0.881000840000127],[33.54181533400009,0.885316303000025],[33.541575810000154,0.887425625000105]]]}},{"type":"Feature","properties":{"country":"Uganda","admin_level":"Admin2","name":"Namungalwe"},"geometry":{"type":"Polygon","coordinates":[[[33.55702010200014,0.735660084000131],[33.556078968000065,0.737786227000129],[33.55604349200013,0.738614248000147],[33.55607205000018,0.738805738000167],[33.556157696000184,0.739155203000053],[33.556195769000055,0.739365841000051],[33.55647576800004,0.740299444000129],[33.55658001800009,0.741183781000188],[33.55658360300015,0.74133458200015],[33.556583630000034,0.741553602000181],[33.55658365000005,0.741715175000138],[33.556590811000035,0.741923423000117],[33.55658288300009,0.742284501000142],[33.556593650000025,0.74248185100015],[33.556593668000176,0.742630540000107],[33.55657488300011,0.742738680000173],[33.556529251000086,0.742914408000104],[33.55650510200013,0.743084729000088],[33.556504339000185,0.743258829000126],[33.55631369800011,0.744243028000085],[33.556344114000126,0.744360010000037],[33.5563899870001,0.744536234],[33.55648588400015,0.744762804000118],[33.55679855200009,0.745169772000054],[33.55700284100004,0.745534794000037],[33.55737809700014,0.74618159400012],[33.557977633,0.747819008000022],[33.55879537600009,0.748808310000186],[33.558778436000125,0.749015390000068],[33.5588156930001,0.749180317000139],[33.55911253800002,0.749581505000094],[33.559258072000034,0.749864549000108],[33.5592605010001,0.750079504000041],[33.559262265000086,0.750800254000126],[33.55913666200007,0.751610435000146],[33.559065126,0.752557237000133],[33.55912645300003,0.753427943000077],[33.55906263000003,0.755074488000105],[33.55953462300005,0.75638622800011],[33.55991221200014,0.757390386000054],[33.55969605600018,0.758132260000025],[33.55898003100003,0.759208935000174],[33.558776949000105,0.760109543000112],[33.55847710900014,0.76048693600012],[33.55792735500012,0.760826627000085],[33.557443853999985,0.760971282000071],[33.55410727200018,0.75909129300004],[33.551533354000185,0.757138156000167],[33.54904415800007,0.754623431000027],[33.54702803099997,0.753049523000186],[33.54484290900001,0.751618263000069],[33.54400294200008,0.751042004000055],[33.542749306000076,0.750238768000031],[33.54126165800011,0.749292547000039],[33.539498228000014,0.748304296000072],[33.53859981000011,0.747904814000037],[33.53821954200009,0.747660898000106],[33.53772618900007,0.747230171000069],[33.53703913700002,0.746555075000174],[33.53568526400005,0.745044403000065],[33.53485370100003,0.742963708000104],[33.534283905000166,0.741000590000056],[33.533083955000166,0.739616554000122],[33.532038456000066,0.738087746000076],[33.531345898000154,0.737461891000066],[33.530717972000105,0.737021662000188],[33.530375125000035,0.736839468000028],[33.528640474000156,0.735717854000143],[33.52773776300012,0.735166098000093],[33.52669070400009,0.73480619999998],[33.52629436000018,0.73462891700018],[33.52601216099998,0.734550832000025],[33.52584943200014,0.734507069000017],[33.525377211000034,0.734359162000146],[33.525095004000036,0.734217161],[33.524791626000024,0.73401834900011],[33.524502361000145,0.733840840000084],[33.524269550000156,0.733805359000087],[33.523818053000184,0.733869328000139],[33.523408874000154,0.733840970000074],[33.52290092700014,0.733798419000038],[33.52220248100008,0.733585450000078],[33.521119050000095,0.733077035],[33.51995456100008,0.732290085000102],[33.5182436070001,0.732064111000057],[33.51704381900015,0.732028063000087],[33.5158068770001,0.73165491200001],[33.51514045700003,0.731754034000062],[33.514597258000094,0.731910335000123],[33.51401879400004,0.732144759000164],[33.513550074000136,0.732118939000145],[33.512504124000145,0.731503865000036],[33.51190231100014,0.731669188000126],[33.51154253600015,0.731825467000021],[33.51129561800013,0.731811293000078],[33.510801786000115,0.731832654000186],[33.51021626000016,0.732003163000172],[33.509715405000065,0.732301492999966],[33.50917925000016,0.732365470000047],[33.508502002000114,0.732450768000149],[33.50781772700003,0.73277752700011],[33.507112287000155,0.733111389000044],[33.506061186000125,0.733644138000159],[33.50488312500005,0.734418361000166],[33.50409303600014,0.73482325100008],[33.503881427000124,0.735121547000062],[33.503662753000185,0.735341726000058],[33.50318306100007,0.735640053000168],[33.50271747300013,0.735874463000187],[33.5021742830001,0.736130187000015],[33.50186387900004,0.73618703700015],[33.50163651300005,0.736113569999986],[33.50158747800015,0.736015541000143],[33.50158211400009,0.735888506000038],[33.50158210400008,0.735800136000023],[33.50158209300014,0.735701371000061],[33.50157433500004,0.73557921400004],[33.50156656900009,0.735407675000147],[33.501522663,0.735285522000027],[33.50147618400018,0.735243942000182],[33.501429705000135,0.735199763000139],[33.501241215,0.735108815999979],[33.50108219300017,0.735076321000065],[33.50077645100009,0.734924333000095],[33.5005595610001,0.734838588],[33.500394314000175,0.734799619000057],[33.50020583100013,0.734771051000052],[33.50003026100018,0.734771071000011],[33.49976846800013,0.734921893999967],[33.499521625,0.735395328999971],[33.49936886900019,0.736140961000046],[33.499051462000125,0.736413206000122],[33.498616489000085,0.73670913400008],[33.4983461330001,0.737182572000165],[33.4979464650001,0.737786211000127],[33.49755187200003,0.737856558000146],[33.496552564000126,0.737449556000058],[33.49619307100011,0.73741113900013],[33.495941842000036,0.737680961000081],[33.495757610000055,0.737902998000095],[33.495570574000055,0.738012623000031],[33.49537515600002,0.738063231000126],[33.49516856800017,0.738085737],[33.49501502099997,0.738088564000179],[33.49485589800008,0.73815603100013],[33.494716265000136,0.738273863000131],[33.49465211800009,0.738330295000026],[33.4945109140001,0.738598754000122],[33.493431998,0.739584999000101],[33.49295562700013,0.739132702000063],[33.492695985000125,0.739093618000027],[33.49238159800018,0.739087129000097],[33.492025081000065,0.739129583000079],[33.49171069900018,0.739168771000095],[33.49145790200009,0.739253628000085],[33.49120511000018,0.739384163000182],[33.490971773000126,0.73958647500001],[33.490605554000126,0.739818165000031],[33.490368959000136,0.739867132000086],[33.48999947400006,0.739880224000103],[33.48954896200007,0.739886800000079],[33.48927022500004,0.739870517999975],[33.488926655,0.739749837000033],[33.48872568900009,0.739593251000031],[33.48862196200014,0.739485594000087],[33.488472308000155,0.739260341000033],[33.4882008240001,0.739024669000059],[33.4872262720001,0.739006683000184],[33.48639379600013,0.738672036000139],[33.48568101700005,0.738844008000115],[33.48452842900008,0.739034122000078],[33.483221365000134,0.739160924000089],[33.48200980600012,0.739432468000132],[33.48154020100009,0.739282494000179],[33.481228341000076,0.739269316000161],[33.48101760700001,0.739279815000032],[33.48085109900012,0.739274595000154],[33.48068458900019,0.739240566000092],[33.48036847100013,0.739007438000158],[33.479846098000166,0.739097965000099],[33.47966211800008,0.739112348000162],[33.479519026000105,0.739112364000164],[33.47936292400016,0.739091429000098],[33.47926405400017,0.739041679000081],[33.47904381900014,0.738861849000102],[33.47894402700007,0.738832195000157],[33.47880353600004,0.73883744800014],[33.47875411800004,0.738960545999987],[33.47874247000016,0.739035887000114],[33.47874112700015,0.739120306000075],[33.47872812800006,0.739211972000021],[33.478709926000136,0.739303637999967],[33.478660509000065,0.739431974000127],[33.47827844600016,0.739604769000096],[33.477542074000155,0.739776743000107],[33.47704331699998,0.740233210000156],[33.47682746200019,0.74046164900011],[33.47678048000017,0.740455352000083],[33.47533355700011,0.74064549700006],[33.47454557200018,0.740588444000082],[33.47417930600011,0.740609471000084],[33.4739902660001,0.740616672999977],[33.47380122900017,0.740656190000152],[33.473597925000036,0.740688526000156],[33.473479386000065,0.740699979000112],[33.472671079000065,0.740528173000143],[33.472093402000155,0.740438124000036],[33.471887916000014,0.740349045000073],[33.47156970599997,0.740146664000122],[33.47146744700012,0.740040415000124],[33.471369443000015,0.739967235000108],[33.471293572000036,0.739941786000031],[33.47114183600013,0.739938619000043],[33.470939525000176,0.739983192000068],[33.470785259000024,0.739980630000048],[33.470711916000084,0.739945030000115],[33.47057281600013,0.739868672],[33.47040527000013,0.739833686000111],[33.470212440000125,0.73984007100006],[33.470006969999986,0.739906919000077],[33.469807830000036,0.740043776000107],[33.46975726400012,0.740155158000107],[33.469615022000085,0.740269733000048],[33.46941904100015,0.740377950000038],[33.46927679000015,0.740397058000042],[33.4691399190001,0.740387740000131],[33.468998602000056,0.74035890100015],[33.46888480200005,0.740371642000071],[33.46877416700005,0.74044166300007],[33.468625605,0.740565785000058],[33.46842330800007,0.740734463000138],[33.46815559700002,0.740899586000069],[33.4668968740001,0.741388260000178],[33.46587514700019,0.741478839000081],[33.46575500800009,0.741444763000118],[33.46565738800018,0.741391547000148],[33.46536418200009,0.741298301000086],[33.46515381300003,0.741347327000028],[33.46472600200002,0.741604552000126],[33.464575514000046,0.741616851000174],[33.464425037000126,0.741735603000052],[33.4643681120001,0.741899383000089],[33.46433166500003,0.742202766000048],[33.46379691300018,0.742539422],[33.46351405100006,0.742562759000066],[33.463191439000184,0.742492392000031],[33.461836605000144,0.742429206000111],[33.46111203300006,0.74266450600004],[33.46025890600009,0.743623583000101],[33.45988905900015,0.74364727],[33.45961081200011,0.743750603000137],[33.45944822399997,0.743914306000079],[33.45923360799998,0.744130396],[33.45897345400016,0.744274468000015],[33.458706785000174,0.744307232999972],[33.458264512000085,0.744431682000084],[33.457532345000175,0.74472014800017],[33.45663890300017,0.74530671399998],[33.45587785100008,0.745858664000025],[33.45445913000003,0.747233964000145],[33.45203214700018,0.748600323000119],[33.45050546700003,0.748926176000168],[33.448866394,0.748736356999984],[33.44663409500015,0.747904258000176],[33.44496452800013,0.746113110000124],[33.442156782000154,0.742648369000051],[33.4416381150001,0.740504265000084],[33.44096897200012,0.738957284000094],[33.44067952900002,0.737283605000073],[33.43984590499997,0.736713722000104],[33.43856242600009,0.736858603000087],[33.43746935500019,0.736912994000079],[33.43628078100005,0.736822641000117],[33.43556740500003,0.736705100000108],[33.43447260400012,0.736298089000059],[33.43304584600003,0.735990629000014],[33.43209372300004,0.735637886000063],[33.43096468200014,0.735475149000024],[33.43008390000006,0.735167634000049],[33.42789660800008,0.735004999000012],[33.42692144800009,0.734579880000126],[33.42639792200009,0.734389941000131],[33.42601531500014,0.733485269000028],[33.42529904000014,0.732408735000149],[33.42427439500017,0.731386511000096],[33.4235104120001,0.730699005000076],[33.42223685600004,0.728853519000154],[33.42225876300017,0.728835520000189],[33.422349009000186,0.728860746000123],[33.422384110000166,0.728936445999977],[33.42243425100014,0.729002050000076],[33.42251948600017,0.729052511000077],[33.42279155900002,0.729042210000046],[33.42288399600017,0.728965602000073],[33.42327647400009,0.728502329000037],[33.42383293400013,0.728083385000048],[33.42411367800008,0.72795214000007],[33.42462503600012,0.72774517],[33.42563839500002,0.727300323000065],[33.42590843099998,0.727088952000088],[33.426149068000086,0.726967804000026],[33.42627440200016,0.726932464000072],[33.42639974000008,0.726932452000085],[33.42649499800012,0.726947584000129],[33.4266353750001,0.726942524000037],[33.4268659760001,0.726725486000021],[33.42729209100008,0.726382257000125],[33.42748259900003,0.726321677000101],[33.427622976,0.726311570000064],[33.427788421000116,0.726311554000063],[33.42796389300008,0.726306490000184],[33.428114291999975,0.726245913000071],[33.42821012300004,0.726206860000104],[33.428435123000156,0.725892601000112],[33.42862561800001,0.725705848000018],[33.42885622700004,0.725569561000043],[33.42901218600002,0.725404038000136],[33.429116901999976,0.725281864000124],[33.42925727000005,0.725175866000086],[33.42939764200014,0.725125383000034],[33.42956307700007,0.725019383000188],[33.42977130100007,0.724849888999984],[33.42982375700012,0.724777108000126],[33.429880843000035,0.724537246000182],[33.42991397100013,0.724474286000088],[33.43005935500008,0.72439352300006],[33.43024986300003,0.72434808200012],[33.43052058000012,0.72421179100013],[33.430816357000026,0.724014934000081],[33.431206207000116,0.723632494000071],[33.431584715000156,0.722800126000152],[33.43175371800004,0.722298906000049],[33.431899098000144,0.722177767000062],[33.43199757700006,0.722109333999981],[33.43206052500011,0.721937621999984],[33.43216477600009,0.721784086000071],[33.43217184400015,0.721681925999974],[33.432195439000054,0.721523849000164],[33.43206948200003,0.721390438000014],[33.432087836000164,0.721335075000127],[33.43246890500012,0.72074210400001],[33.432953933000135,0.720314797000128],[33.43332638100003,0.720166528],[33.43390672400017,0.720087996000075],[33.434270519000165,0.720035643000131],[33.43498077800007,0.719826303],[33.4363146660001,0.719320438000182],[33.437587936000114,0.718980250000072],[33.438739959000145,0.718840624000109],[33.43974474600003,0.718892845000028],[33.440758219000145,0.71918921300005],[33.44096612300012,0.719372304000046],[33.44110069600015,0.719521242000098],[33.44135595900008,0.719580983000128],[33.44159896500008,0.719580959000155],[33.44198936200013,0.71952076700012],[33.44222258000008,0.719489631000044],[33.442267277000155,0.719487337000032],[33.44296537000008,0.719496610000022],[33.443347811000024,0.71955271600001],[33.44370237200013,0.719664966999972],[33.44398920800006,0.719749154000112],[33.44446719700011,0.719838182000046],[33.444806385000106,0.71989921300019],[33.445288471000026,0.719903775000034],[33.44584283900002,0.719947317999981],[33.44670036400004,0.719912355000019],[33.44766158000016,0.719813413],[33.448894357000086,0.719451019000076],[33.45073499299997,0.718871823000086],[33.45116777800018,0.71885960000003],[33.451702804000035,0.71891340600007],[33.452517840000155,0.718962116],[33.4533491250001,0.718645386000105],[33.45472752100011,0.718473353000149],[33.45485938700017,0.718512144000101],[33.45498423200013,0.718571974000042],[33.45515068700013,0.718619831000012],[33.45543008800007,0.718637755000088],[33.45590563700006,0.718536584000162],[33.45714619300003,0.717854577000139],[33.45730254400007,0.717470636000087],[33.45751055800008,0.716979905000073],[33.45774237400008,0.716722559000061],[33.45832491300001,0.716321554000046],[33.45896955500007,0.715977168000109],[33.45990014400007,0.715268166000101],[33.46013196500019,0.715064678000147],[33.4602924510001,0.714867182000148],[33.46045292200017,0.714514093000105],[33.46068474700007,0.714334542000131],[33.46097075500012,0.714330602000132],[33.460999817000186,0.714333227999987],[33.46121977500013,0.714430236000055],[33.46138028800016,0.714490063000085],[33.46161763700019,0.714463039000179],[33.46195096800011,0.714418194000075],[33.46227195600005,0.714178791000109],[33.46248595000014,0.714035147000118],[33.46272968800008,0.714106933000039],[33.462967483000114,0.714196673000174],[33.463237972,0.714229426000088],[33.463997923000136,0.713939843000048],[33.46556439300002,0.712881179000021],[33.46665628700015,0.712401574000069],[33.46841319300006,0.711532879],[33.469767370000056,0.71076374200004],[33.47122600500006,0.709831747000123],[33.473266522000074,0.708537810999985],[33.47395396700017,0.707823025000039],[33.47407013000009,0.706764510000085],[33.47390125599998,0.705579674000148],[33.473826196000175,0.705217493000077],[33.47375311000019,0.70457516200014],[33.473870192000106,0.701481065],[33.47375143200003,0.699083614000187],[33.47462872700004,0.698341668000069],[33.47505381600013,0.697192652000012],[33.475240234000125,0.696064022999963],[33.47543739900016,0.695697378000091],[33.47569661300014,0.695371133000037],[33.476360868000086,0.694710472000168],[33.4767172920001,0.694310819000066],[33.47691169900014,0.694021280000186],[33.477138518000174,0.69380513700014],[33.477426093000076,0.693540055000028],[33.47774605000012,0.693026227000189],[33.47790399200005,0.692651060000117],[33.47796067100006,0.692349303000128],[33.47792823300006,0.692027165000127],[33.47761852200006,0.691646564000166],[33.476571470000124,0.691121942000109],[33.47587394300007,0.690749995000147],[33.47576769700015,0.69058661400004],[33.475688007000144,0.690406166],[33.475581755000064,0.69017893500012],[33.47533607400004,0.689918301000034],[33.47472443100014,0.689267488000098],[33.47416668000011,0.688449711000032],[33.473942569000144,0.688111377000098],[33.4734594790001,0.687309396000103],[33.47335987000014,0.68712143],[33.473111354000025,0.686622130000103],[33.47292718100016,0.686147345000165],[33.47285962200016,0.685841446000154],[33.472838497000055,0.685616268],[33.47284691300007,0.685369842000057],[33.472842664000154,0.685080932000119],[33.47282154400017,0.684898240000109],[33.47277931200006,0.684626329000082],[33.47265265600009,0.684231213000089],[33.472488017000046,0.683848847000036],[33.47240358400006,0.683627924000177],[33.472323369000094,0.683381508000025],[33.47226842500015,0.682599753999966],[33.471984778000035,0.680456948000142],[33.472893827000064,0.68004842400012],[33.47396620600006,0.679702857],[33.47494209900003,0.679681169],[33.475559376000035,0.679745514000103],[33.47595850500011,0.679620776999968],[33.47607993500003,0.679429055000128],[33.47640046999999,0.678569074000109],[33.47641249900005,0.677556294000112],[33.47659134300011,0.676724959000182],[33.476205812000046,0.675159351000161],[33.476054315000056,0.674147930000061],[33.47602672199997,0.673482879000176],[33.47623305500008,0.672249738000176],[33.47650819800003,0.670947314000045],[33.477072165000095,0.667483437999977],[33.47747324300002,0.666318628000056],[33.47878083000012,0.664014568000027],[33.47986212600006,0.661987877000115],[33.47996820800017,0.661850902000083],[33.48074075800014,0.660913511000047],[33.48190133900016,0.659915057000035],[33.4836846770001,0.659555826999963],[33.48505196100007,0.659884826000109],[33.48698408900003,0.661320851000028],[33.48907039400012,0.662313038000093],[33.48984105500017,0.662561176000054],[33.491131280000104,0.662928720000082],[33.49194241400005,0.663162613000168],[33.49249739400017,0.663243731000136],[33.493019164000145,0.663267554000072],[33.49355990000015,0.663219750000167],[33.49406269100007,0.663205374000029],[33.49454176800003,0.663200551000102],[33.49498765100003,0.663286455000105],[33.49546199100001,0.663348482000174],[33.49579876900003,0.663353223000115],[33.49634424100003,0.663248118000013],[33.49712212800017,0.663033166],[33.49781935500005,0.662612896000041],[33.498516588000086,0.662240377000046],[33.49906205600007,0.662077973000123],[33.49968343300009,0.66208268400004],[33.50047082300006,0.662053953999987],[33.500940403000186,0.66195840600011],[33.50181791000006,0.661853267000026],[33.50245825700017,0.661824552000041],[33.50320296300015,0.661867450000045],[33.503724741000156,0.661972446],[33.50445524500003,0.662282744000095],[33.50495806200013,0.662521442000127],[33.50526638700018,0.662597809000147],[33.50556996400013,0.662635978000026],[33.50591149900009,0.662788741000156],[33.50606804400013,0.662931974000173],[33.50627675400017,0.662979703000133],[33.50648071600017,0.662960582000039],[33.50669417900019,0.663084709000088],[33.50684124300011,0.663294793000091],[33.50696933300003,0.663495328000067],[33.50713061500005,0.663576486000011],[33.507325670000114,0.663596570000095],[33.50839084200015,0.664004797000018],[33.50876023600017,0.664474201000132],[33.50875127900002,0.664663406999978],[33.50879816200006,0.664812807000089],[33.50895440500011,0.66497792399997],[33.50933717200007,0.665080108000097],[33.510481558000095,0.665054029000146],[33.51162842700006,0.665136457000074],[33.51201601900016,0.665276631000097],[33.512500534000026,0.665685033000159],[33.512760957000125,0.665867894000087],[33.513130383000146,0.666026359000114],[33.513536165000176,0.666373806000024],[33.5140751940001,0.666879742000162],[33.51468771600014,0.667252002000055],[33.51489500400004,0.667828409000037],[33.51524945100016,0.668306176000044],[33.51586465600019,0.669047],[33.516369743000155,0.669707614000174],[33.5168381420001,0.670554869],[33.51695841800006,0.670892504000165],[33.51702804900009,0.671051764000026],[33.51719893400008,0.67119827300013],[33.51739512700004,0.671281071000067],[33.517730546,0.671370225000146],[33.517933075000144,0.671529472000088],[33.518072354000026,0.672020002000181],[33.518154668000136,0.672427718000165],[33.51853443500016,0.672956446000057],[33.51891736300007,0.673338035000086],[33.519071948000146,0.673577386999966],[33.5190838580001,0.673780848000035],[33.5190957690001,0.67398430999998],[33.519143350000036,0.674211705000062],[33.5192979250001,0.674379246000171],[33.51951194500003,0.674522844000137],[33.52028469600015,0.674127803000033],[33.52100986800008,0.673529304],[33.5214954380001,0.673023241000124],[33.52341117999998,0.670824185000072],[33.52471883100009,0.669411773000093],[33.52493289500006,0.669974265000121],[33.52555118600014,0.670512775000077],[33.52672827600003,0.671158941000101],[33.528894604000186,0.672398629000156],[33.52938909200009,0.671498553000106],[33.53003579000011,0.670847402000163],[33.53180489600015,0.670942954000054],[33.53302238300006,0.671344958000134],[33.53389741900014,0.671344861000023],[33.534620244,0.671057541000039],[33.53524799700017,0.671134069000175],[33.53593288500019,0.671842521000144],[33.53690301100016,0.671631770000033],[33.53848540200005,0.667165467000075],[33.53886454200017,0.667125249000094],[33.539383418000114,0.667547041000034],[33.53981250900017,0.668089372000054],[33.54004205400008,0.668661857000075],[33.540081998000176,0.668973218000133],[33.54077055400012,0.66996750200002],[33.541259503,0.670429472000023],[33.5419779070001,0.670650362],[33.543045553000184,0.671142400000065],[33.54354445600018,0.671403489000056],[33.54351455900007,0.671714857000097],[33.54364429500015,0.671975987],[33.54423299900003,0.672267198000043],[33.544592209000086,0.672437906000141],[33.54491150500019,0.672588531000088],[33.545300711000095,0.673341789000062],[33.54544042200018,0.673572786000079],[33.54534067100019,0.673793766000017],[33.54533071600014,0.673994648000132],[33.54544049200018,0.674205560000189],[33.545620104000136,0.674356201000137],[33.54591946500011,0.674677575000089],[33.545889578000015,0.675079340000025],[33.54603261700004,0.676521689000083],[33.546388827000044,0.677408247000074],[33.54627156300012,0.677739039000073],[33.54618227000009,0.677978824000093],[33.546137635000036,0.678196126000159],[33.54625873700013,0.678702447000035],[33.54635358000007,0.678982866000069],[33.54630150700012,0.679260112000065],[33.54619731700018,0.679402491000019],[33.546070805,0.679627296000092],[33.54617905300012,0.680049974000042],[33.54716045900011,0.68126215000018],[33.5473739900001,0.68204920800008],[33.548300327000106,0.683053310000048],[33.54882338200014,0.684129834000089],[33.54875157500015,0.684916924000049],[33.54887015800011,0.685495914000171],[33.549036483000066,0.686065850999967],[33.54947929700012,0.686892052000019],[33.54952540300002,0.687337184000114],[33.549523675000046,0.687884226000051],[33.549901976,0.688806977000127],[33.549934986000096,0.689053029000036],[33.54995525800018,0.68938939300017],[33.54985586700019,0.689919745000168],[33.55006942,0.690878694000048],[33.550449229000094,0.691810482000051],[33.550698716000056,0.692651816000023],[33.55160155300007,0.694397766000066],[33.55245661900011,0.695899453000038],[33.552618769,0.696398286000033],[33.55281182400006,0.696668607000106],[33.55297129800016,0.696833328000139],[33.553227290000166,0.69705717700009],[33.55347068800006,0.697238784000092],[33.55368039700011,0.697600187000091],[33.55375191100018,0.697927283000126],[33.55385265500013,0.698235631000102],[33.553936609000175,0.698497517000078],[33.55407512200014,0.698839654000039],[33.55423041800003,0.699156445000085],[33.55447803100003,0.699502793000136],[33.55466861300016,0.70062740700007],[33.554708829000106,0.700761130000046],[33.554805155000054,0.700965777000022],[33.55488008100008,0.701174017000028],[33.554915225000116,0.701453967000077],[33.554876568000054,0.701633602000129],[33.55480168500014,0.701780821000114],[33.55470074400006,0.702168699000083],[33.55479585000012,0.703697616],[33.554819096000074,0.705516043000102],[33.554797302000054,0.706348324000146],[33.554741297000135,0.706646983000041],[33.55488400600012,0.706977292000147],[33.55520509900015,0.707695354],[33.55535301000003,0.708103396000013],[33.555662096,0.709415161000152],[33.555400455000154,0.71030179100012],[33.554520945000036,0.711116120000099],[33.553973943000074,0.71183089200008],[33.55374784700018,0.714038367],[33.554175434000115,0.715205367000124],[33.55433782100016,0.715864884999974],[33.554295162000074,0.716073206999965],[33.554240916000026,0.71627808400018],[33.55416405900013,0.716492068000093],[33.55412338800005,0.716760680000107],[33.55419868300015,0.717023794000056],[33.55457854300016,0.718317457000069],[33.554875214000106,0.719131643000082],[33.55461361400012,0.720353008000188],[33.554446910000024,0.721330095000098],[33.55447060400019,0.722171456000183],[33.55529646900004,0.723205282000094],[33.55528223100009,0.723442257000045],[33.55523232100006,0.723643331000176],[33.555129658,0.723847249000187],[33.55496129900001,0.724059862000104],[33.55504042400008,0.724339911000072],[33.55518268200012,0.725563960000045],[33.555764730000135,0.726667611000096],[33.555778131000125,0.727131860999975],[33.55586375600018,0.72731855700016],[33.55603498500005,0.727519603000076],[33.55639354500005,0.72785821400015],[33.55657265000002,0.728341189000048],[33.55746196600006,0.72960764600009],[33.55744056499998,0.729774262000035],[33.557447734000164,0.73006150100008],[33.55752623200004,0.730298464000043],[33.557701217000044,0.730568234000032],[33.55784018200012,0.73090881000013],[33.557868745000064,0.731138598000143],[33.55787694500003,0.731538188000172],[33.557590428000026,0.732810235000159],[33.557447922000165,0.734131102000106],[33.55702010200014,0.735660084000131]]]}},{"type":"Feature","properties":{"country":"Uganda","admin_level":"Admin2","name":"Namutumba"},"geometry":{"type":"Polygon","coordinates":[[[33.724074064000035,0.868973854000103],[33.72206390600013,0.870442579000041],[33.72187883500004,0.870859558000177],[33.72140748300012,0.871603642000082],[33.72069403000012,0.872437564000165],[33.71964929400019,0.873476791000087],[33.719139730000165,0.874310675000174],[33.71856643000012,0.875041952000174],[33.717610861000026,0.875901576000047],[33.717164992000164,0.876632828000027],[33.716922520000026,0.874785720000091],[33.716540121000094,0.874221384000123],[33.715877289000105,0.873220969000045],[33.715545905000056,0.872887518000084],[33.715316468000026,0.872566875000132],[33.7153928780001,0.872310311000035],[33.715902525000104,0.871899734000067],[33.71615246400006,0.871449735000056],[33.71604756099998,0.871216031000074],[33.71571799300011,0.871148238000046],[33.71556818300013,0.871080411000037],[33.71546329500018,0.870929641000032],[33.71529093900011,0.870462226000143],[33.71506615500016,0.870002361000047],[33.71469159500009,0.869655615000113],[33.71436940500007,0.868992202000186],[33.71412203700004,0.86792164100018],[33.71384633100013,0.866804629000114],[33.713847901000065,0.866189457000189],[33.71318543700016,0.864986382000041],[33.71278419600009,0.863964188000011],[33.71251327600004,0.862978157000043],[33.71211151000006,0.862145943000144],[33.711756934000164,0.861358952000103],[33.70998147500012,0.85862720300014],[33.70825695900004,0.851848948000168],[33.70132773500012,0.845341188000134],[33.70178789100004,0.835776813000052],[33.71276642300012,0.828239040000142],[33.70770039600012,0.817854410000166],[33.70170980400002,0.813567363000061],[33.70015358700016,0.81137731400014],[33.69893587400003,0.809807325000179],[33.69840303300009,0.808581894000156],[33.698395520000076,0.807998492000024],[33.69839712300012,0.807288271000118],[33.69838856500013,0.80659168800014],[33.69824500700014,0.806022552000115],[33.697746986000084,0.805292074000079],[33.69726815700017,0.804735575000109],[33.69684003300006,0.804046291000134],[33.69105846100007,0.797500776000049],[33.68868646700008,0.798283850000189],[33.67452698000017,0.803321665],[33.66912918700018,0.801197043000116],[33.6671360950001,0.799876549999965],[33.66877342600014,0.796438528000124],[33.66958489400014,0.795370882000043],[33.67001446800015,0.794628981000017],[33.6706355070001,0.79346185300011],[33.67106616700005,0.792502831000149],[33.671371788000044,0.789399758000172],[33.67130416600014,0.78803371500004],[33.67142587100017,0.786911903000146],[33.671167842000045,0.785573031000183],[33.67118917500011,0.781990529000041],[33.67145570100013,0.780253517000062],[33.671743155000115,0.779439266000111],[33.67191363800009,0.777738457000169],[33.671788071000094,0.775784387000101],[33.67141100300017,0.774662655000043],[33.670313164,0.772735880000027],[33.66932724700007,0.771740898000132],[33.66673458400004,0.772266019000142],[33.66397353500014,0.773569185000156],[33.660772708000025,0.775044306999973],[33.65673031600005,0.775542513000175],[33.65328589500007,0.774584096000183],[33.65290799100006,0.774045886000067],[33.65283973000004,0.773565412000096],[33.65248512400018,0.773359545],[33.651885044000096,0.773167445000126],[33.65146224800009,0.772947860000158],[33.65105307100009,0.772604719000128],[33.65038475900019,0.77211060999997],[33.650261977000184,0.771822338000106],[33.6486390340001,0.77128719100017],[33.64686579300019,0.770894013000145],[33.644538080000075,0.770405845000084],[33.64419297800009,0.769964025000093],[33.64376976900019,0.769414852000068],[33.643413378000105,0.768921715000033],[33.643229613000074,0.768658333000076],[33.64308481899997,0.768389341000045],[33.642945581,0.768047490000072],[33.642919843000186,0.767916711000169],[33.64286757000002,0.767604750000032],[33.642856387999984,0.767285297000171],[33.64287862800006,0.767089138000188],[33.64287045600008,0.766868814000077],[33.643105830000025,0.76328625900004],[33.64362706600019,0.759441305000053],[33.64342000700003,0.757025850000105],[33.642285576,0.75442055000002],[33.641183910000166,0.753081793000035],[33.64028496600008,0.751408274000028],[33.63993151500006,0.750376994000135],[33.639502250000135,0.749436193000179],[33.639817242000106,0.748658124000031],[33.639677770000105,0.747463971000059],[33.63917480400005,0.745690877000072],[33.63866451600012,0.743773036000107],[33.63856938400005,0.742343659000085],[33.63889269300006,0.741350693000129],[33.638907906000156,0.740782901000046],[33.638890239000034,0.740566323999985],[33.63889374400003,0.740406551000035],[33.638921935000155,0.740229022000165],[33.63898539600018,0.740062139000145],[33.63912290600018,0.739749676000088],[33.63919341700006,0.739547287000164],[33.639225128000135,0.739323601000137],[33.639277016000165,0.739084823999974],[33.63927193800009,0.737630188000082],[33.639628486000106,0.736770692],[33.63972381400015,0.735666972000161],[33.63991406700018,0.734563237999964],[33.6399388210001,0.733711307000078],[33.639962560000185,0.733436036000171],[33.64000413300016,0.733166747000155],[33.640057598000055,0.732915408000054],[33.6401823920001,0.732634138000037],[33.64018831800007,0.732502488000023],[33.64014073000004,0.732281083999965],[33.64010500400008,0.731862204000151],[33.64014057600019,0.731677285000046],[33.640744760000075,0.732013297000094],[33.64114483800017,0.732088407000106],[33.64185238400006,0.732100832000185],[33.6424530270001,0.732164931000057],[33.643171620000146,0.732514061000131],[33.64419220800005,0.733165364000115],[33.64442868300017,0.733290609000107],[33.644752254000025,0.733290562000036],[33.645100582000055,0.73319211200004],[33.64516413900009,0.733172462000027],[33.64541181500016,0.733102546999987],[33.645561161000046,0.73314010900009],[33.64573539500009,0.733165140000096],[33.645909646000064,0.733302921000075],[33.64608974300012,0.733473503000141],[33.646307924000155,0.733553421000181],[33.64651948500011,0.733515806000185],[33.64669372100019,0.733553364999977],[33.64715418800017,0.733553297000185],[33.647577175000094,0.732551004000129],[33.64774926900009,0.731830067000033],[33.647845922000045,0.731740430000173],[33.64804748400019,0.73168252],[33.64849562800015,0.731685120000066],[33.64918480900002,0.731657879000181],[33.65070584800003,0.731657656000095],[33.65188474000007,0.731642396000041],[33.65201113000006,0.731612687],[33.65230216000015,0.731436847],[33.65311706100016,0.731053173000078],[33.653857887000186,0.73074941699997],[33.65471046099998,0.730372429000056],[33.655661328000065,0.729938046000086],[33.65629203500015,0.729806152000037],[33.65654075700007,0.729822098000113],[33.656968352000035,0.729865479000011],[33.65851346300008,0.729886405000173],[33.658906253000055,0.729875019000133],[33.65918172500011,0.729854068000066],[33.65932431700003,0.7298856110001],[33.65949895200015,0.729901567000184],[33.659996401,0.729960092000113],[33.66040387700019,0.729949377000025],[33.660747874000094,0.730103814000131],[33.66101247600017,0.730146391000176],[33.66136703000018,0.730119703000128],[33.661499467000056,0.730070154000032],[33.661594570000034,0.730029108000167],[33.661843266000176,0.729863929000089],[33.66200201000015,0.729773344000137],[33.662335389000134,0.729693387],[33.66263703400011,0.729735960000085],[33.66276404300004,0.729751923000038],[33.66303392600008,0.729725246000044],[33.66317014200018,0.729631263000044],[33.66327732700006,0.729544087000079],[33.663666876000036,0.729239798000037],[33.66406046700018,0.729112472000168],[33.664790740000115,0.728932729000121],[33.665447446000144,0.728933680000125],[33.66573270000009,0.729037642000037],[33.666129609000166,0.729144126000108],[33.66638119400011,0.729107190000093],[33.666679945000055,0.728989557000034],[33.66679828400015,0.728890254000078],[33.666870430000074,0.728829714000028],[33.66705561300006,0.728600620000122],[33.66717202000018,0.72849938700017],[33.66734664500012,0.728440762],[33.66769062000009,0.728451365000069],[33.667912879000085,0.728440678000027],[33.66825684300011,0.728376700000069],[33.66851979000012,0.728250900000091],[33.66869649000017,0.728002866],[33.66890766100016,0.727790618000029],[33.66907699400002,0.727737321000177],[33.6694050910001,0.727726618000077],[33.669674974000145,0.727699941000083],[33.669801975999974,0.72767861300008],[33.66991086200011,0.727644668000039],[33.670098004000124,0.727563214000043],[33.67035228700013,0.727358903000095],[33.67054277000017,0.727188406000153],[33.67087085400016,0.727092469000127],[33.671479423000164,0.727097704000073],[33.673105618000136,0.727149054000051],[33.674412626000105,0.727004110000166],[33.675080477,0.727094475000115],[33.67545807800008,0.72810764999997],[33.67712130700011,0.728749714000173],[33.679449817000034,0.731047222000029],[33.68088745600005,0.733037275000129],[33.681671258999984,0.734737933000133],[33.682334094000055,0.735400873000117],[33.68307343500004,0.736194235000028],[33.684855282000115,0.737487635000093],[33.685687233000124,0.738156961000072],[33.68587682300017,0.73885908800014],[33.68599111800012,0.738998321000054],[33.68618360100015,0.739149651000105],[33.68676707300011,0.739633914000137],[33.68762146199998,0.740517842999964],[33.68873998999999,0.741956090000087],[33.68931036700002,0.743702010000106],[33.69007053300004,0.74506793900008],[33.691674364000164,0.74655134000011],[33.69235414600007,0.747501133000128],[33.69375028700006,0.749816858000145],[33.69412768300003,0.750478584000177],[33.695748392999974,0.751826844],[33.69779699100019,0.753657891000046],[33.698605182,0.75431026900003],[33.69944793500002,0.754906091000123],[33.69990604300011,0.755206171000111],[33.69985557000007,0.755705252000098],[33.69989852700019,0.757378877000122],[33.700369500000136,0.75914289900004],[33.700885549000134,0.761775392000175],[33.700958613000125,0.765502603000073],[33.70051511800011,0.766932049000047],[33.69974927599998,0.768723414000021],[33.69940374000004,0.769642607000151],[33.706119053000066,0.772226574000172],[33.71054204,0.773997090000137],[33.71276778500004,0.774791385000185],[33.713452575000076,0.774714673000062],[33.714774614000135,0.774637853000115],[33.71669591900019,0.774953480000022],[33.7182178220001,0.77565214800012],[33.71981587400012,0.776705053000057],[33.720919324000135,0.777624001000106],[33.72211792400003,0.778772717000095],[33.72356382800007,0.779997983000044],[33.725028741000074,0.78113707600005],[33.72603700600007,0.781625192000149],[33.72739717000019,0.782027075999963],[33.72917577500016,0.782151231000057],[33.73117313000017,0.782237049000059],[33.73299931700018,0.782514383000091],[33.734340438,0.782810950000169],[33.73532973300007,0.78359586900001],[33.736100282000166,0.784438273000092],[33.73816457300018,0.786572979000141],[33.740637880000065,0.788899095000033],[33.743082644000026,0.791158191000079],[33.74414808300014,0.79223989500008],[33.74539421900005,0.793225822000011],[33.74680199200009,0.793924490000109],[33.748682259000134,0.794461535000039],[33.75098407899998,0.794560634000163],[33.751887865000185,0.794795679000174],[33.75258946400004,0.795139318000054],[33.755561519000025,0.796287681000138],[33.758771771000056,0.797698346000061],[33.7603772060001,0.798548421000135],[33.76346869800011,0.801641756000038],[33.76544276200019,0.803387363000127],[33.76862960800008,0.805756945999974],[33.7706626800001,0.807647280000083],[33.77426595900005,0.811183772000106],[33.77711988200002,0.814295216000176],[33.78036603200002,0.818284086000176],[33.78562229500017,0.824407517000111],[33.786478383000144,0.82485967100007],[33.786888814000065,0.826913139000112],[33.78697937200013,0.827564468000105],[33.787670639,0.835235741000076],[33.78805306400011,0.840437387],[33.789112245000126,0.854362368000125],[33.789802931000054,0.863568857000075],[33.789732633000085,0.868553478000138],[33.785262719000116,0.868436814000063],[33.78242095100018,0.867469435000032],[33.77985270300013,0.866393438000102],[33.77611866500007,0.863879285],[33.77146955700016,0.860949171000073],[33.767783983000015,0.859203945000047],[33.765619843000025,0.859394360000124],[33.761578178000036,0.860571225000058],[33.75817959300008,0.861591627999985],[33.75549098400012,0.86248126900017],[33.75293586600009,0.863290480000046],[33.75255617500005,0.863320339000154],[33.751983993000124,0.863458998000169],[33.75122292100002,0.863549615000068],[33.75104235600014,0.863504301000091],[33.750559076000116,0.86335052000004],[33.74977993500005,0.863236508000057],[33.74900079500003,0.863127460000044],[33.74844357600006,0.863117643000066],[33.74793564500004,0.862988685000062],[33.74719848600006,0.862736239000128],[33.74655973700004,0.862361336999982],[33.74528226700005,0.861761543000114],[33.743600308000055,0.861183259000029],[33.742019458000186,0.860680494000121],[33.73964724500007,0.86163403300003],[33.73576776000016,0.865126773000043],[33.731895028,0.868728073999989],[33.72927930900005,0.869153775000143],[33.72676006300014,0.868882867000139],[33.725072713000145,0.868756542000085],[33.724074064000035,0.868973854000103]]]}},{"type":"Feature","properties":{"country":"Uganda","admin_level":"Admin2","name":"Namwendwa"},"geometry":{"type":"Polygon","coordinates":[[[33.30677178300016,0.98457293700011],[33.305760645000134,0.984500892000085],[33.30181728000008,0.98574072100007],[33.30034213000005,0.985767998000142],[33.299616687000025,0.986039141000106],[33.2989676790001,0.986169859000086],[33.29832457700019,0.986354028000108],[33.29760705300015,0.986672966000071],[33.29572218400011,0.987424679000185],[33.294728378000116,0.987497656000073],[33.29361319500009,0.987516274000029],[33.29293673400019,0.987442398000098],[33.290949679000164,0.987503173999983],[33.29066652800009,0.987430650000022],[33.29038336600013,0.98722857700011],[33.28997151000016,0.987140519000093],[33.289297109000074,0.987130214000047],[33.288756563000106,0.987171718000127],[33.28848887400005,0.987306474000036],[33.288175938999984,0.987485962000164],[33.287876648,0.98774279200012],[33.28670922700013,0.988076251000052],[33.28484310900012,0.988266404000058],[33.28337407000015,0.988487325000165],[33.28035771500009,0.988624511000125],[33.27897373400003,0.98860081600003],[33.27764297900018,0.988541394000094],[33.27718756000007,0.988464038000075],[33.276921396000034,0.988285458000064],[33.276690719000044,0.988136643000075],[33.27634177100015,0.988178345000165],[33.27585679500015,0.988291501000106],[33.27543687400015,0.988333210000121],[33.27502285000003,0.988184410000031],[33.27452600800012,0.987839152999982],[33.27312421100004,0.986934351000116],[33.272349376000136,0.986416469000062],[33.27170466400008,0.985946203000026],[33.27125514800019,0.985725963000107],[33.27095350700017,0.985672408000028],[33.270427119000146,0.985642684000084],[33.269464737000135,0.985601111999983],[33.268953679000106,0.985583653000049],[33.2685285770001,0.985571398000047],[33.268014019000134,0.985553579000054],[33.26767098100004,0.985553607000043],[33.26734569500013,0.985660795000058],[33.26712687000003,0.985779881000155],[33.266925792999984,0.985952546000135],[33.26678290000018,0.986094980000189],[33.266535476000115,0.986405037000168],[33.26618655400006,0.986792037000043],[33.265875454000025,0.987124945000062],[33.265469704000054,0.987713657000086],[33.26498040800004,0.98833841700008],[33.26449112100016,0.989047273000097],[33.26395408100012,0.989623982000126],[33.26347672700007,0.990332837000096],[33.261852045000126,0.99183292500004],[33.25982365300018,0.993045416000086],[33.25759065700015,0.992665608000095],[33.25561945300012,0.992466723000064],[33.25400388300005,0.992873975],[33.25201487600003,0.994964041000117],[33.250588085,0.995778402999974],[33.249922410000124,0.995823690000122],[33.24909045400017,0.995823754000128],[33.24816355100012,0.995697163000045],[33.24733159600015,0.995724368000026],[33.246547378000116,0.995579671000087],[33.245453103000045,0.995860218000075],[33.244264973000156,0.995570795000049],[33.243421208000086,0.995426102000067],[33.24249375900018,0.995498549000104],[33.241804494000064,0.995589073000133],[33.24130617500015,0.99499199100012],[33.24037980300005,0.994440177000115],[33.23928605500015,0.994250265],[33.238787752,0.993861270000082],[33.238361307,0.992838961000132],[33.23762535200012,0.992024762000028],[33.236913002000165,0.991355317000114],[33.235605785000075,0.991111134999983],[33.234996,0.990744672000119],[33.23445764900015,0.990271534999977],[33.2339571870001,0.989500751000151],[33.23360837900003,0.988928385000065],[33.233352396999976,0.988315695000153],[33.23164016900006,0.988234390000116],[33.22909707300016,0.987637448999976],[33.22759997800017,0.987293756999975],[33.22574615900004,0.98678723800009],[33.22496087200017,0.987429648000102],[33.22353187800002,0.98900396800002],[33.2208541550001,0.991338343000166],[33.21937796700013,0.992858382000065],[33.21809166300011,0.99457744800003],[33.217556352000145,0.995094440000173],[33.21691354800009,0.995529396999984],[33.216081078000116,0.996303809000096],[33.21453204700015,0.997714728000062],[33.2138413940001,0.998386628000048],[33.21230087599997,0.999879528000122],[33.21031041100008,1.001680064000084],[33.20885751300011,1.003010106000147],[33.207514155000126,1.004294905000165],[33.20663785500011,1.00492827000005],[33.20450663200006,1.006231212000046],[33.20372470900014,1.006918854000105],[33.20334444800005,1.007705991000137],[33.20251479000012,1.008628865000105],[33.20207751800018,1.00953362000007],[33.200498294000056,1.007534271000111],[33.199017290000086,1.004042114000129],[33.19745371400006,1.000595197999985],[33.196415683000055,0.997446809],[33.19670579399997,0.996858718000112],[33.19684165500013,0.995447335000108],[33.19677355500016,0.993294087000152],[33.19641900300013,0.991864638999971],[33.196070076000126,0.990561852000098],[33.19557875300006,0.989376688000107],[33.195343015000105,0.987992469000062],[33.195221891000074,0.986852519000081],[33.195179696000025,0.985775895000188],[33.195490293000034,0.984871149000071],[33.195385166000165,0.983505016000095],[33.19491207400006,0.98185844000011],[33.194343510000124,0.980664232000095],[33.19375241800003,0.978438636000135],[33.193696388000035,0.976077300000156],[33.19312808700016,0.974530248000065],[33.19302719400008,0.973498863999964],[33.19291731300012,0.972476528000129],[33.19262203600016,0.971137547000126],[33.19271941000005,0.969536173000108],[33.192959196000174,0.968106689000138],[33.19291443300011,0.966270094000151],[33.19280426700004,0.965157285000032],[33.19284127599997,0.963990184000181],[33.19327232000012,0.962225940000053],[33.19223039400009,0.95935801100012],[33.19157895800015,0.957774774000143],[33.19122495800019,0.956010574],[33.1909650930001,0.955006340000068],[33.190324915000076,0.953812135000135],[33.19208484800009,0.95335967200009],[33.193250447000025,0.952862006000089],[33.19600379999997,0.951848554000094],[33.19891216200011,0.950301301000081],[33.200292052000066,0.949568391000184],[33.20193451900019,0.948138825],[33.205361868000125,0.945569196000122],[33.206432794000136,0.944827256],[33.20914482800015,0.943524285000137],[33.21228517900005,0.942004151000106],[33.21319062000009,0.940475107000054],[33.213561556,0.93888276500013],[33.21313728900003,0.93642193400018],[33.21153217800014,0.933002163000083],[33.210916988000065,0.931672252000112],[33.21023491200009,0.929681893000179],[33.209142828000154,0.928768183999978],[33.20629163300009,0.927664586000162],[33.204475423000076,0.926063325000086],[33.200580694000166,0.923240799000155],[33.19961318300011,0.922208606000083],[33.19851781799997,0.920792843000129],[33.19802163800017,0.919149792000155],[33.19821090700009,0.919083705000105],[33.198443855000164,0.919014961000073],[33.19881736600007,0.918731933000117],[33.19912259300003,0.918384223000146],[33.199600517000135,0.917882871000018],[33.20316431600003,0.915373217000024],[33.20644441000019,0.912772763000021],[33.20958500400019,0.910990267000159],[33.2122731450001,0.909777774000077],[33.21370158000008,0.908565355000064],[33.214121396000166,0.907126813000048],[33.214198806000184,0.905263071000036],[33.21434560400007,0.903598365000107],[33.21414338400001,0.898920938000117],[33.21358837500003,0.897397082000111],[33.213382129000024,0.896425368],[33.21325087900016,0.895764978000102],[33.21326021700003,0.895161187000156],[33.21324632000005,0.894650679000165],[33.211198788000104,0.893003316000033],[33.20906975600019,0.891121773000066],[33.20823883200018,0.88890040800004],[33.20824249800012,0.887268393000056],[33.21084743000017,0.885878935000051],[33.21366391200013,0.884370569000112],[33.21512721000005,0.884068138000032],[33.216910509000115,0.884535614000185],[33.21777757000018,0.884897454000111],[33.22281507500014,0.885504525000158],[33.22424319100003,0.885412759000189],[33.22545541700009,0.885394590000033],[33.22612041200017,0.884067607000077],[33.226358137000034,0.882798899000079],[33.226001355000164,0.881482353000081],[33.22452591900014,0.878971089000117],[33.22411183400004,0.877532599000119],[33.222974732000125,0.875026575000049],[33.22282187600007,0.873940912000023],[33.22240940700016,0.871299135000015],[33.22149813400017,0.868910710000023],[33.221650183000065,0.865807489000019],[33.22218367200003,0.863111371000059],[33.22265196900014,0.859863375000089],[33.224459613000136,0.859655181000107],[33.22745530800012,0.859211686000094],[33.2308082560001,0.858650553000132],[33.23263946000009,0.857935707000138],[33.23372018500004,0.857157576000134],[33.23520929400007,0.856460845000129],[33.238740852000035,0.855637324000099],[33.24183148700007,0.85544713600018],[33.24350092200007,0.854967525],[33.24450695500013,0.854524145000084],[33.247194789000105,0.853745908000121],[33.24919120100009,0.854062431000102],[33.25084780600008,0.854985142000146],[33.251769625000065,0.854840535000164],[33.25335974500018,0.853121243000032],[33.25657584700019,0.850846668000031],[33.258273306000035,0.849828968],[33.260619243000065,0.848600026000099],[33.26327036500004,0.847582259000035],[33.26498692300015,0.847006148000048],[33.26506324200017,0.847370939000143],[33.26510142500007,0.847908528000119],[33.265139632000114,0.848791713000082],[33.26519692800002,0.849905293],[33.265158825000185,0.850538886000152],[33.26510163800015,0.851018883000165],[33.2650444570001,0.851594879],[33.26498729000008,0.852362872000072],[33.264891977000104,0.853150067000115],[33.26477759700009,0.85403326300019],[33.26483485200009,0.854532451000068],[33.264853973000186,0.855223639999963],[33.264949418000185,0.856356417000029],[33.26484020300012,0.859344508000049],[33.26496834100004,0.861448890000077],[33.26525766000009,0.863805386000024],[33.267136461,0.865180269000177],[33.26932902500005,0.866944323000155],[33.270034033000115,0.867432823000058],[33.27300339400006,0.868074961000048],[33.277398264000055,0.866428043000042],[33.280094411000164,0.864202224000167],[33.282219933000135,0.863279249000129],[33.28325001100012,0.863414119000083],[33.28358952700012,0.865594370000053],[33.28389461200004,0.868417019000105],[33.284746989000155,0.870270324000103],[33.28588987300003,0.872293146000118],[33.28779145300018,0.875131359000022],[33.28898966700018,0.877099995000037],[33.291056196,0.88078267200018],[33.2912903670001,0.881372005000173],[33.291642595000155,0.882258414000034],[33.29219702800009,0.884914121000122],[33.29278940800009,0.887149171000146],[33.29323754100011,0.889352132999988],[33.29415201300009,0.893034073000024],[33.29501615500004,0.89650875000018],[33.29586298600003,0.900242130000152],[33.29656415000011,0.903268370000092],[33.297156013000176,0.90573219800001],[33.29707381600019,0.906110804999969],[33.297073571000055,0.906425704000014],[33.297073310000144,0.906758612000033],[33.29631619000003,0.910396985000091],[33.296078510000086,0.912094356000068],[33.296016592000115,0.91256740700004],[33.29619143200017,0.914519464000023],[33.29635253600003,0.916028204000156],[33.296692979000056,0.918208715],[33.296954683000024,0.919678207000061],[33.297218399000144,0.921248811],[33.297307089000014,0.921818737000081],[33.297619712000085,0.92365854500008],[33.29814229600015,0.924519454000176],[33.298736140000074,0.925332591000029],[33.29987189600007,0.927328349000163],[33.300386916000036,0.928077992999988],[33.301096391000044,0.929207834000124],[33.30264332700011,0.931448370000055],[33.30226065500011,0.934957456000177],[33.30176052400003,0.937064203000091],[33.301678256000116,0.941810400000179],[33.30149498300017,0.946195437000142],[33.301603608000164,0.950469305000126],[33.30286137100006,0.958345692000137],[33.30224259100004,0.960925646000078],[33.30246209600017,0.962184461000049],[33.30241991300011,0.963528219000068],[33.30242949400014,0.965442764999977],[33.30339211199998,0.969454741000106],[33.30381666900007,0.971041950000085],[33.30504444500019,0.975585802000182],[33.30534279300019,0.976661407999984],[33.30563628800007,0.977970941000081],[33.30600172600009,0.979107866000106],[33.306059799000025,0.979311363000136],[33.30652707500013,0.981103038000128],[33.307001814000046,0.983109891000026],[33.30697560100015,0.983485503],[33.30689226900017,0.984241917000077],[33.30677178300016,0.98457293700011]]]}},{"type":"Feature","properties":{"country":"Uganda","admin_level":"Admin2","name":"Nawanyago"},"geometry":{"type":"Polygon","coordinates":[[[33.12312265700007,0.792317048000143],[33.12287093100019,0.792563715000028],[33.122665527000095,0.792704503000152],[33.12251693700006,0.792770497999982],[33.1224470090001,0.792708909000169],[33.12234648700013,0.792585729000109],[33.122254707000025,0.792519740000046],[33.122106111000164,0.792449354000098],[33.121996852999985,0.792466955],[33.12181330400017,0.792717726999967],[33.1217521260001,0.792950897000082],[33.12162976299999,0.793206066000153],[33.12145495100009,0.79334245299998],[33.12122769000007,0.793294066000158],[33.120921761000034,0.793192889000068],[33.1206595380001,0.793188497000017],[33.12046724300012,0.793245695000167],[33.120205027000054,0.793465673000071],[33.120100143000116,0.793641653000066],[33.119855408000035,0.793857230000015],[33.11966748300017,0.793914428000164],[33.11948829400018,0.79380884800014],[33.11935280900008,0.79368566800008],[33.119173621000186,0.793632880000132],[33.118854585000065,0.793672484000012],[33.118605477000074,0.793800075000036],[33.11832577500019,0.79386607400005],[33.11805044100015,0.793861682000056],[33.117971772000146,0.793795693],[33.11783628800009,0.793707708999989],[33.117635252000184,0.793751709000105],[33.117600297000024,0.794046471000172],[33.11754348500011,0.794147658000099],[33.11732933900015,0.794235652000111],[33.11715015100009,0.79416966600013],[33.1169141470001,0.794024493000109],[33.116704362000064,0.793808928000146],[33.116560139000114,0.793786935000185],[33.11644651300014,0.79391452100009],[33.116144962000135,0.794116902000042],[33.116009480000116,0.794125705000113],[33.11581281700012,0.794222496999964],[33.115515641,0.79458765600009],[33.11539764200012,0.79463165400017],[33.11526652800012,0.794539269999973],[33.11508296400018,0.794279711000115],[33.114405538000085,0.793655014000024],[33.11407775800018,0.793633025000076],[33.11377183700017,0.793800212000122],[33.11340909800009,0.793919005000078],[33.11305509900018,0.793989406000151],[33.11283657900003,0.793941019000158],[33.112982327000054,0.7935661140001],[33.113048064000054,0.793261680000171],[33.1127061790001,0.792719007000073],[33.11253522900017,0.792149857000084],[33.11274559300017,0.791514514000028],[33.11277115200005,0.791347679000125],[33.112872586000094,0.79120894700003],[33.11295802100017,0.790936578000128],[33.11285832600015,0.790506530000073],[33.11268743300013,0.79021983399997],[33.112523657999986,0.789875797000036],[33.11245245000015,0.789624936000166],[33.1124809210001,0.789273727000136],[33.11262331500018,0.788886677000107],[33.11265178100001,0.788327610000124],[33.112673133000044,0.788005071000157],[33.112836893000065,0.787818711],[33.11288672400019,0.787438831000031],[33.112787027000024,0.786915604000171],[33.112381157000186,0.786284873000113],[33.112160416000165,0.785761650999973],[33.112317043000076,0.785052062000148],[33.11250216000019,0.784743853000123],[33.11253775400013,0.784485822000022],[33.11246654300015,0.784156118000112],[33.11234548800019,0.783733238000082],[33.1124593990001,0.783267345000183],[33.112459392000176,0.783002148000037],[33.11241666400019,0.782736950000071],[33.1121888130001,0.782622276000041],[33.11196808100016,0.782385754000188],[33.111854150000056,0.782127726000112],[33.11190398100018,0.781719176000081],[33.11197517800008,0.781489813],[33.11208197300016,0.781210277000184],[33.11205348200019,0.780859069999963],[33.11198227200015,0.780515030000117],[33.112124663000145,0.780027635000181],[33.112380985000186,0.779855608000105],[33.11252338300005,0.779604741000185],[33.11245217200013,0.779246367000042],[33.112295509000035,0.778586959],[33.112238528000034,0.777827203000015],[33.11211747300007,0.77741149000002],[33.11222426699999,0.7770531110001],[33.11237378300012,0.776759239000114],[33.11238801500008,0.776465370000039],[33.11231680600014,0.776157169000044],[33.112160152000115,0.775827467000113],[33.11216726300012,0.775476258000083],[33.11225269900007,0.775189555000111],[33.11233101100015,0.774852679000105],[33.112224199000025,0.774494306000065],[33.11187060400016,0.77387353],[33.11139224400017,0.772844102000079],[33.11122728300012,0.772130139000069],[33.11101284000006,0.771482592999973],[33.11074999200014,0.771162340000046],[33.11054302800011,0.770784266000021],[33.11043570700019,0.770344462000025],[33.110366706000036,0.769719474000055],[33.10990679300011,0.769171655000093],[33.109201595,0.768338353000047],[33.10886432100017,0.767721088000087],[33.10869567300011,0.766972648000149],[33.10861133800012,0.766177910000124],[33.10846568600016,0.765498912000055],[33.10798278200019,0.765005106000046],[33.10733124600006,0.76448044000017],[33.106564732000095,0.763708867],[33.10595918200005,0.762975869000115],[33.10584419800017,0.762605508000092],[33.10580586200018,0.762119405000135],[33.1059438150001,0.761478980000163],[33.10618908000009,0.760938859000134],[33.10639602400016,0.760529910000116],[33.106503323000084,0.760105532000011],[33.10654930000004,0.759580848000155],[33.10653395600019,0.759009869000067],[33.106648919,0.758585491000133],[33.10702449000013,0.758091662000027],[33.107177781000075,0.757783022000069],[33.107162442000174,0.757404942000051],[33.106932485000016,0.757042299000148],[33.106855826000185,0.75664878900011],[33.10662586300009,0.756070100000102],[33.10651854400015,0.75567659100011],[33.106825129000015,0.755121036000048],[33.107422975000134,0.754341712999974],[33.10826610100008,0.753600964000043],[33.10825076300006,0.753292327],[33.10828907600012,0.752806223000107],[33.108542008000086,0.752374125000074],[33.108718292000106,0.751996040000165],[33.10877193200008,0.751401913000109],[33.108733599,0.751077845000111],[33.108879222999974,0.75067661300011],[33.10897885900005,0.750367974000085],[33.10900184400009,0.749959030000184],[33.10891752100014,0.749588667000182],[33.108963499000026,0.749148858000126],[33.10912445500003,0.748824785000011],[33.10935439100007,0.748330960000146],[33.10963798500006,0.747983737000084],[33.10965330300007,0.747536212999989],[33.10985258400018,0.747235287000137],[33.10992922600008,0.746972944000049],[33.10997520900008,0.746679738000125],[33.110182154000086,0.74634023200008],[33.11019747300003,0.745923571000162],[33.11054238300011,0.745429743000159],[33.11075699300011,0.745121101],[33.11093327800006,0.744812460000162],[33.1110175820001,0.744403513000123],[33.11107122600009,0.743971421000083],[33.111063553000065,0.743670500000178],[33.11129349100008,0.743276982000111],[33.1119603300001,0.742898884000113],[33.11252752900003,0.742667392000101],[33.11285130800013,0.7422429450001],[33.11330030900007,0.741790932000072],[33.1134799080001,0.741519726000035],[33.11359963300015,0.74103758900003],[33.113819136000075,0.740505227000028],[33.11407855600004,0.740093397000066],[33.114447733000134,0.739641386000017],[33.11470715100012,0.739199423000173],[33.114846831000136,0.738687151000022],[33.11499648400013,0.738014167000131],[33.115315770999985,0.737562158000117],[33.11558516200017,0.736899216000154],[33.1156849300001,0.73643716700002],[33.115654985,0.735995212000148],[33.115555194000024,0.735603480000066],[33.11560507500013,0.735241878000181],[33.11592435500012,0.73454880100013],[33.11604407600015,0.733915997000167],[33.116004147000126,0.733283196000116],[33.11587441300003,0.732549953000103],[33.115764633000026,0.731716265000045],[33.11594422200005,0.731093503000011],[33.11577457500016,0.730320082999981],[33.11565482499998,0.729807819000087],[33.115644834000136,0.729275462000146],[33.115585280000175,0.728865497000072],[33.11554582500003,0.728482232999966],[33.11548147400015,0.728212348000113],[33.115631603000054,0.727910071000053],[33.1158246280001,0.727564611999981],[33.11602837600009,0.727219152000032],[33.116178505000164,0.726906079000116],[33.11642514600004,0.726409483000054],[33.11635006600005,0.725977666000119],[33.11631788500017,0.72562141700007],[33.116575259000115,0.725491864999981],[33.11713289800019,0.725027645000125],[33.11741171800014,0.724811729000066],[33.117711981000014,0.724401494000119],[33.117980074000116,0.724056032000135],[33.11814092800006,0.723796937000088],[33.118398293000155,0.723343521000061],[33.11858059500014,0.723073630000044],[33.1187200010001,0.722814535000168],[33.118945193000116,0.722328733000097],[33.118977355000084,0.721907710000039],[33.11922399700006,0.721519067000088],[33.11941701300009,0.720882129000131],[33.119642199000054,0.720137238000063],[33.11963146700003,0.719824169],[33.11963145300007,0.719273601000111],[33.11980302500001,0.718787801000076],[33.120028217000026,0.718345181000018],[33.12016762400009,0.718096882],[33.12033919900017,0.717719037000109],[33.120542943000146,0.717244031000064],[33.120939728,0.717071293000174],[33.12120782500011,0.716920149999964],[33.12129361000018,0.716650261000154],[33.121368671000084,0.716369577000023],[33.1212789170001,0.716129220000084],[33.12134721000018,0.715883782000049],[33.12157240400012,0.715484344],[33.12155094800016,0.715182072000061],[33.12132573700006,0.714955373000066],[33.12122921400015,0.714717876],[33.12104689500012,0.714296858000182],[33.121017097000106,0.714126566000118],[33.1210897790001,0.713800266000135],[33.121314973000096,0.713444009000057],[33.12147582400013,0.713076960000137],[33.121625956000116,0.712893433000147],[33.12167956900004,0.712623545000042],[33.12188332200009,0.712493995000159],[33.122065625000175,0.712288876000116],[33.122387335000155,0.711900231000016],[33.122709050000026,0.711662722000028],[33.12271976700015,0.711392836000073],[33.12293423800003,0.711036580000098],[33.122837712000035,0.710701922999988],[33.122859152000046,0.710345673],[33.12318086300007,0.710011004000137],[33.12335243900009,0.70967634100009],[33.12336315100009,0.709222932000102],[33.12363123400013,0.708585992000167],[33.12388859700019,0.708089394000126],[33.12415669500018,0.707992229000183],[33.124403343000154,0.707808699000054],[33.124424783000165,0.707528016000026],[33.12475722100015,0.707268916000089],[33.12498242000004,0.707106979000116],[33.12523979000002,0.706858676000081],[33.125593676000165,0.706631962000131],[33.12585104900006,0.706502409000166],[33.12603334900001,0.706200132000106],[33.12607623600013,0.705843880000145],[33.125990432000094,0.705433656000139],[33.125593634000154,0.705055826000148],[33.12559362200017,0.704624007000177],[33.12573302400011,0.704224572000101],[33.12593676700004,0.703760362000025],[33.12594747900005,0.703328543000111],[33.1260010900001,0.702993883000147],[33.12612977200013,0.70275637900005],[33.12650510300017,0.702421709000021],[33.126912608000055,0.702162607000105],[33.127052014000185,0.701935898999977],[33.12709490000003,0.701547262000076],[33.12742733500011,0.701223389],[33.12756674100007,0.701007477000076],[33.12737370000019,0.700640436000185],[33.12744875200019,0.700079070000129],[33.127663216000144,0.699496109999984],[33.127727548000166,0.699053495000044],[33.12784549800011,0.698524514000098],[33.128070691,0.69816825700002],[33.12845674699997,0.697855179000044],[33.12895003300014,0.697207438000021],[33.129207395000094,0.696700044000124],[33.129818642000146,0.69596593700004],[33.130462064000085,0.695350578000046],[33.13060146700019,0.695037506000062],[33.130569279000156,0.694454553000071],[33.13059071700019,0.694087507000063],[33.13070866500016,0.693526140000074],[33.13091899200003,0.693151915000101],[33.13145162500018,0.692328442000075],[33.13221254100006,0.691619862999971],[33.13287834199997,0.690968738000038],[33.133277822000025,0.690566573000069],[33.134190943000135,0.690489946000184],[33.134421166000095,0.690438492],[33.13726002900006,0.689180834000069],[33.14139758900012,0.688592636000067],[33.14334615000013,0.687895934000153],[33.148831310000105,0.689053820000026],[33.149336020000135,0.689406648999977],[33.15108952900016,0.689518359000033],[33.152776516000074,0.689587485000061],[33.15551917300007,0.692491581000183],[33.158223616999976,0.69480760100015],[33.15852497900005,0.694898064000085],[33.15934002299997,0.6948437530001],[33.1599747570001,0.694807542000035],[33.162860840000064,0.694825536999986],[33.165263290999974,0.694979257000114],[33.167822876000116,0.695057832000145],[33.16894729000006,0.695096740000167],[33.170530458000144,0.694553843999984],[33.17469218200006,0.69440893400008],[33.17726617200003,0.692852702000096],[33.17821528800005,0.692833170000085],[33.181933201000106,0.693974388000186],[33.18724993300003,0.697140730000172],[33.18919968400013,0.698440934000075],[33.18918906000016,0.698585405000074],[33.189110959000175,0.698932019000154],[33.18893716499997,0.699038632000168],[33.18874014200014,0.699223459000109],[33.188646117000076,0.69948942200017],[33.188619263000135,0.699841031000062],[33.18861031600005,0.700057404000063],[33.1886089620001,0.700289435],[33.18856366900019,0.700367188000143],[33.18854105300005,0.700398496000048],[33.18850430000015,0.700438343000087],[33.18842937900007,0.700485307000065],[33.18841081100015,0.700604372000043],[33.18804802700015,0.701664345000097],[33.187803583000175,0.702031705000081],[33.18775116400019,0.702321998000059],[33.18766379300013,0.702656276000027],[33.187454091,0.703175290000161],[33.18714827200006,0.703879038000082],[33.187069644000076,0.704345266000132],[33.186964796000154,0.704679544999976],[33.186798784000075,0.705154573000016],[33.18674636999998,0.705568020000044],[33.186851251000064,0.706043038000075],[33.187008558,0.706421289000048],[33.1870435460001,0.707256974000188],[33.18702608900014,0.707749590000049],[33.186964940000166,0.708268597000142],[33.18691252200006,0.708585280000136],[33.186694079,0.709069108],[33.1865018470001,0.709420983000086],[33.18620475100005,0.709737676000088],[33.18568919500018,0.710107159000188],[33.18524354599998,0.710441451000122],[33.18480664300017,0.71099566099997],[33.184448393000025,0.711699411000097],[33.184264908000046,0.712288797000042],[33.18410765200014,0.713203660000147],[33.184072711,0.71353793600008],[33.18394164900019,0.713916199000039],[33.18373194200018,0.714356043],[33.183373695000114,0.71512137000002],[33.183268852000026,0.71559639600008],[33.183190229,0.716212168000027],[33.18317277100016,0.716687190000073],[33.18315532200006,0.717382130000033],[33.18298932300007,0.718191433000129],[33.18285827799997,0.719009531000097],[33.18290198900013,0.719466957000122],[33.182945694000125,0.719783637000035],[33.18279715500017,0.720161901000097],[33.182412696000085,0.721059180000168],[33.18187968800004,0.722106009000186],[33.18125055500013,0.723100060999968],[33.180924694000055,0.723446661000082],[33.18043641300005,0.724138411000126],[33.18034131300004,0.724605200000099],[33.18019864900009,0.72490442700007],[33.18000841500003,0.724916403000179],[33.17979440500005,0.725048070000128],[33.179592294000145,0.725383205000071],[33.17948528100004,0.725239583000075],[33.17950904600019,0.72484461],[33.179342583000164,0.724677053000107],[33.17902157300006,0.724964318000161],[33.17874812500003,0.725335363],[33.178415229000166,0.725718379000114],[33.178142986000125,0.725857619000067],[33.17777319600009,0.725981720000107],[33.177440294000064,0.726209141000027],[33.177178738000066,0.726640029000123],[33.177047968000124,0.727082882000104],[33.17654861800003,0.727537718000065],[33.176239499000076,0.727848920000099],[33.17606117100007,0.728291774000127],[33.17574015499997,0.728459351000026],[33.17541913600019,0.728519208000137],[33.17540726000004,0.728854336000154],[33.175538062000044,0.729261272000031],[33.17551429400004,0.729536556000085],[33.17569264800005,0.729775926000173],[33.175882892000175,0.729991357000131],[33.17590668300011,0.730302546000075],[33.175835356000164,0.730577832999984],[33.17551435400003,0.731092506000039],[33.17534791300005,0.731475515],[33.17544305400003,0.732073954000043],[33.175609533,0.73267239],[33.17543120099998,0.733019493000029],[33.17530042400011,0.733270844000174],[33.17530043900018,0.733653847000141],[33.175348010000164,0.733965035000153],[33.17549069700016,0.734228344000144],[33.17549070700011,0.734479690000171],[33.175443168000186,0.734982383000101],[33.175324283000066,0.735293577999983],[33.17530051700004,0.735652644000027],[33.17542660600009,0.736652485000093],[33.17488445000015,0.737519801000076],[33.17393328800017,0.737908826000023],[33.17306534700003,0.738138732000039],[33.173007309000184,0.73845429000005],[33.17275189500003,0.738582859000132],[33.172531305000064,0.738536119000173],[33.17210173800015,0.738582885000142],[33.17200886899997,0.738886756000113],[33.17219464300007,0.739260739999963],[33.17251973700019,0.739623031],[33.172484922000024,0.740020399000059],[33.172368831000085,0.74025414700003],[33.17197410000006,0.740452846000039],[33.171463266000046,0.74056973800009],[33.171033699000134,0.740628191000042],[33.17085955900012,0.740897004000033],[33.17022103900001,0.74160995],[33.16975665400008,0.741995646000134],[33.16943157700007,0.742030721000106],[33.169257424000136,0.74193722900003],[33.16887429400009,0.741948931000081],[33.16866532500012,0.742206058000136],[33.16828221700018,0.74276706],[33.16801520000007,0.743094313000029],[33.16735345400019,0.743713762000027],[33.166807807000055,0.744309832000113],[33.166366646000085,0.744800712000085],[33.165867428000126,0.745081223999989],[33.165472697999974,0.74533835800014],[33.16521730400018,0.74602791500007],[33.16533342100013,0.746483712000042],[33.16548436900018,0.746974569999963],[33.16572820000016,0.747523861000047],[33.16554246400011,0.748166666000031],[33.165577315000064,0.748727652000071],[33.1660041720001,0.749183184000117],[33.166485390000105,0.749778188000164],[33.16652224600017,0.749895352000067],[33.16652225100006,0.75002782700011],[33.166538705000164,0.750148472000035],[33.16653871099999,0.750304601999972],[33.166526967000095,0.750470195000105],[33.166470573000026,0.750621596000087],[33.166404778000185,0.750735147000171],[33.16619798600016,0.750896017000173],[33.165993544000116,0.751033230000075],[33.16583610200007,0.751201194000089],[33.165786756000045,0.751300551000043],[33.165852559000086,0.751407001000189],[33.16598885900015,0.751444846000027],[33.16606170900013,0.751470865000101],[33.16612281200014,0.751534734000188],[33.166101665999975,0.751657747000138],[33.166066419000174,0.75171925300009],[33.16592307600013,0.75187538900002],[33.165899583000055,0.752057542000102],[33.16602883700011,0.752180549000059],[33.166143987000055,0.752211297000088],[33.166200389000096,0.752286994999963],[33.16619334300003,0.752391081000042],[33.16612989700013,0.752478611000186],[33.166005352000184,0.75257324100005],[33.16600770700012,0.752698618000181],[33.16607821200017,0.752854745000036],[33.1660688180001,0.753025069000103],[33.16603592200005,0.753110232000154],[33.16594897800013,0.753245075],[33.165901984000186,0.753377551000142],[33.16592313800015,0.753505293000046],[33.16598608000004,0.753611281000133],[33.166156354000066,0.753777644000138],[33.166345804000116,0.75391576700008],[33.166377733,0.754013922000127],[33.16631007300009,0.754172861000029],[33.16597911600013,0.754320489000179],[33.16552967900003,0.754613373000097],[33.165340217000164,0.754645168000138],[33.165182327000025,0.75454981200005],[33.16512753200004,0.754423290000091],[33.16507404900017,0.754191073000129],[33.16503344300014,0.754009433000022],[33.164803378000045,0.753973113000029],[33.164632391,0.753933374000042],[33.16395942600019,0.753678208000053],[33.16327101700017,0.753099207000048],[33.16258123300014,0.753316368000128],[33.16215265800008,0.753813986000125],[33.16207967500003,0.754908712000088],[33.16153256900003,0.755171105000045],[33.16108039500011,0.75546063500002],[33.16088972100016,0.756292994000034],[33.16084031400004,0.756935355000167],[33.160292385000105,0.75774963300006],[33.15957845600008,0.758247261000179],[33.15888867300015,0.758509659000026],[33.15864997000017,0.759296782999968],[33.15807844100004,0.759912021000105],[33.15769650700008,0.760916286000111],[33.15748139600015,0.761703409000177],[33.15762297900005,0.762490520000028],[33.15695678500015,0.76270767900013],[33.15649226599999,0.763386245000106],[33.15611115500019,0.763856718000056],[33.15563511400012,0.764363384999967],[33.15522931100003,0.765503360000082],[33.155060841000136,0.766797131000089],[33.154443217,0.766507640000043],[33.15406183300007,0.767222391000075],[33.153277114000105,0.767412412999988],[33.152682263000145,0.767792421000024],[33.152134604000025,0.768362422],[33.151301865000164,0.768742438],[33.15144317000005,0.769674306000013],[33.15070591600016,0.769864326000118],[33.15032480600007,0.770407178000085],[33.15056329100014,0.771348089000071],[33.15023947600008,0.771881892000067],[33.1499530210001,0.772542356000031],[33.149643254000125,0.773193773000173],[33.14945228500005,0.773691382000038],[33.14828672100009,0.774044268000125],[33.14750255300004,0.773944775000132],[33.14705010300008,0.774496677000172],[33.147310762000075,0.77504855400008],[33.147381,0.775690910000094],[33.14733271200009,0.776288034000117],[33.14673675500012,0.777219928000136],[33.14574532500012,0.777581855000165],[33.1449336390001,0.777708546000042],[33.14448877200016,0.778251400000045],[33.143846177,0.778749023999978],[33.14344064300002,0.779653769000163],[33.14336848300013,0.780296131],[33.143034565,0.781110400000159],[33.14241583900014,0.781490407999968],[33.142153254,0.782114682000099],[33.14148734100007,0.782467550000035],[33.14083294400018,0.782811370000047],[33.14045127900016,0.783625641000185],[33.14016537900011,0.784168489000137],[33.140045472000054,0.784810852000078],[33.13928461600017,0.784838020000052],[33.139140570000166,0.785914655000056],[33.138711436000165,0.786629407000021],[33.13802274900013,0.786267537000072],[33.13697681100007,0.786095673000091],[33.13619263700002,0.785923799999978],[33.135311880000074,0.786810465999963],[33.13428926200004,0.786928114000148],[33.133884828000134,0.787163358000043],[33.13336268900002,0.786683867000079],[33.132743686000026,0.787253867000175],[33.13210191400003,0.787253888000066],[33.1317685410001,0.787606744000129],[33.13145876700003,0.788158640000177],[33.13107902300004,0.787606766000124],[33.1302465550001,0.787914401000137],[33.12912956100007,0.787823963000108],[33.12877176600006,0.788583949000099],[33.12805782700019,0.789081573000033],[33.127249231000064,0.789343971000108],[33.12703410900008,0.78998633700013],[33.12632045100014,0.790465866000091],[33.12553599900008,0.790411607000124],[33.124751270000104,0.790484009000068],[33.12425134800009,0.790981627000065],[33.12375115000009,0.791605907000189],[33.12347980200002,0.792012788000022],[33.12324677400011,0.792233749000104],[33.12312265700007,0.792317048000143]]]}},{"type":"Feature","properties":{"country":"Uganda","admin_level":"Admin2","name":"Nawanyingi"},"geometry":{"type":"Polygon","coordinates":[[[33.43332638100003,0.720166528],[33.432953933000135,0.720314797000128],[33.43246890500012,0.72074210400001],[33.432087836000164,0.721335075000127],[33.43199929000008,0.72135511700003],[33.43182881400003,0.721178492999968],[33.431537998000124,0.720820192000076],[33.43143770600017,0.720593092000115],[33.43142766600005,0.720451781000065],[33.431452719000106,0.720295325000109],[33.431437669000104,0.720199436000087],[33.43135744900019,0.720154022000031],[33.43116192600007,0.72018432200008],[33.43107167900018,0.720143955000026],[33.43099145800005,0.720078353000076],[33.43097139200012,0.719952184000022],[33.430961357000115,0.719871435000186],[33.43095132400009,0.719805826000027],[33.4308711,0.719720037000116],[33.430760795000026,0.719634250000013],[33.43059033300017,0.719603985000106],[33.43032961900008,0.719472791000101],[33.43010399800016,0.719321407000166],[33.42995357400014,0.719119546000059],[33.42987450600015,0.718649847],[33.42996827100018,0.718267692000097],[33.43007379900001,0.718059690000132],[33.43029938300003,0.717812372000083],[33.43063341700014,0.71754413900004],[33.43079567200016,0.717322778000096],[33.43076558100006,0.717216796],[33.430645249000065,0.71713101],[33.430527475000076,0.717059178000113],[33.43051488500009,0.716984663000062],[33.43058004800008,0.716853438000157],[33.43069033600017,0.716767631000096],[33.430875829000115,0.716696957000067],[33.431061321000016,0.716626284000029],[33.43125341900014,0.716505660000166],[33.431311976000075,0.716409243999976],[33.431301936000125,0.716272979000166],[33.431269692000114,0.716179010000133],[33.43130692900013,0.716066057000091],[33.43142653900003,0.715943504],[33.43151747600001,0.71584902100011],[33.43148237200012,0.715748087000065],[33.431369721000124,0.715696416000185],[33.431362998000054,0.715681452000183],[33.43132544400015,0.71559785900007],[33.43129265699997,0.715524560000176],[33.43131528400016,0.715390980000109],[33.43133923200003,0.715349129000117],[33.431366147,0.715302096000073],[33.43142143299997,0.715206526000145],[33.43147729600008,0.715081900000143],[33.43138947000011,0.714929159000178],[33.43131683400014,0.714758915000118],[33.43132183000017,0.714572180000062],[33.431467202000135,0.714370291000137],[33.43176797700005,0.713996794000025],[33.43180014900008,0.713920447000021],[33.431863215000135,0.713810051000166],[33.43183312200006,0.713683881000179],[33.431810381,0.71362503],[33.43182809400014,0.713522382000065],[33.43192333100012,0.713310403000037],[33.43229674700012,0.71283905700011],[33.43250885900005,0.712386847000175],[33.432670210000026,0.711927489000175],[33.432610037000074,0.711811417000149],[33.43257993999998,0.711634779000121],[33.43258994600012,0.71140262199998],[33.43256581100019,0.711223673],[33.43254981200016,0.71113514100017],[33.43262829800011,0.711008364000065],[33.43270521200009,0.710938298000144],[33.432765362000055,0.710812120000185],[33.432690154000056,0.710746518000064],[33.43255979800011,0.710696062000125],[33.43239434600008,0.710610281000072],[33.43231913300019,0.710504303],[33.432248922000156,0.710272153000176],[33.43223887000005,0.709994576000042],[33.43233912700009,0.709858301],[33.432492506000074,0.709757619000015],[33.432589783000026,0.709661449000066],[33.432569716000046,0.709520139000119],[33.432454399,0.709449494000012],[33.432349105000185,0.709333425000125],[33.432344077000096,0.709182019000025],[33.43242428200011,0.709070980000149],[33.432569658000034,0.708904420000067],[33.43255961200009,0.708697499000095],[33.43238912000004,0.708344234000094],[33.432023106000145,0.708011174000035],[33.43194287300014,0.707824447000121],[33.431566835000126,0.707541858000127],[33.431486606000135,0.707390459000123],[33.431491608000044,0.707269333000056],[33.431556770999975,0.707143155999972],[33.43154171800006,0.706996798000148],[33.43146149500012,0.706921102000081],[33.43134116900012,0.706890832000056],[33.43123618000004,0.706800621000184],[33.4312809810001,0.70661326000004],[33.43138625600017,0.706517358999974],[33.43152160900013,0.706406315000038],[33.43168202700008,0.706259940999985],[33.43177225400012,0.706098432000033],[33.43177224500005,0.70599749400003],[33.43171708900013,0.705916750000142],[33.431551634000186,0.705795640000076],[33.43134605800003,0.705548362],[33.431205656000145,0.705285938000145],[33.43111539200015,0.705053790000136],[33.43108028100016,0.704867059000037],[33.43107713900008,0.704654352000148],[33.431093844000145,0.70458061800008],[33.43113539900014,0.704539007000108],[33.43113538900013,0.704433022000103],[33.43111532600017,0.704332086000079],[33.43104011000014,0.704180687000076],[33.430839549000154,0.703943503],[33.43074929300013,0.70379715200005],[33.43063395300004,0.703469116000122],[33.43046848900019,0.70325716200017],[33.430222818,0.703146154000024],[33.43007411400015,0.70311861600004],[33.42998449600003,0.703056480999976],[33.42990192600013,0.702813090000177],[33.42979161500011,0.702661694000085],[33.42963117800008,0.702591052000116],[33.42946862000014,0.702564480000035],[33.42938402300018,0.702515216000052],[33.429300267000144,0.702353880000032],[33.42912980600016,0.702328660999967],[33.42897438600011,0.702303441000026],[33.42877383200005,0.702136912000185],[33.428553212000054,0.701839167000173],[33.42830750800016,0.701359737000132],[33.42812700200017,0.701127597000095],[33.42797158100018,0.70109228299998],[33.42778107100003,0.701117535000151],[33.42760058600015,0.701112505000083],[33.42749937600013,0.700987729000076],[33.427374937000025,0.700653260000024],[33.427389942000104,0.700259601000027],[33.427710762000174,0.699676141000054],[33.428046606000066,0.699154274000136],[33.428141852000124,0.699043234000044],[33.42819196600004,0.698806027000046],[33.428118062000124,0.698603863000187],[33.428046541000185,0.69844266500013],[33.42798636500015,0.69828117000003],[33.427967700000124,0.698173860000054],[33.42799140500006,0.697957324000072],[33.42803965400003,0.697870737000073],[33.428304922000166,0.697378061000165],[33.428402383000105,0.697180912000135],[33.42843745700003,0.696948752000083],[33.42844745700012,0.696661079000023],[33.428123800000094,0.696269627000106],[33.42798114400017,0.695989888000156],[33.427847789000054,0.695631351000088],[33.42783064900004,0.694975479000163],[33.42783061000017,0.694551539999964],[33.427723844000184,0.694361662000063],[33.427714350000144,0.694346836000079],[33.427454555000054,0.694062028000189],[33.42734424200006,0.693875303000084],[33.427264002000186,0.693592686000045],[33.427168700000095,0.693082959000094],[33.42712914700013,0.692907172],[33.42709655600015,0.691957540000146],[33.42713342800005,0.691099539000106],[33.427093288000094,0.690741214000013],[33.427038123000045,0.690549438000119],[33.426909411000054,0.6903954550001],[33.42676737100004,0.690276931000085],[33.42671434500005,0.690183503000128],[33.42672223300019,0.690080106000039],[33.42687478200014,0.689898218999986],[33.426922752000166,0.689868118999982],[33.4269979390001,0.689701565000064],[33.426942774000054,0.689509789],[33.42685753000012,0.689338203000034],[33.42666199900003,0.689272611000092],[33.426556713000025,0.689232246000074],[33.42643136800018,0.68915150700002],[33.426293249000025,0.688995716000022],[33.42628595300016,0.688863848000096],[33.42617063600011,0.688793202000113],[33.42602524200015,0.688747793],[33.42590463700003,0.688603937000039],[33.425926281000045,0.688478489000147],[33.4260402430001,0.688303666000138],[33.426105404000054,0.688152254000045],[33.42605024800008,0.688066462000052],[33.42593994500015,0.687980675000119],[33.4257644760001,0.688005926000187],[33.42558900200015,0.687970613],[33.42549374100014,0.687915106000162],[33.425343326000075,0.687783900000113],[33.424936477000074,0.687223035000159],[33.42491712900005,0.687198500000022],[33.42521067000007,0.687077425000041],[33.425263027000085,0.686840141000118],[33.425190636000025,0.686476676000154],[33.42525939600006,0.686242396000125],[33.42527800500005,0.686138623000147],[33.425366268000175,0.686080827000183],[33.425370372000145,0.686076769000181],[33.42552365300014,0.686022523000133],[33.42564396000006,0.685835777000136],[33.42548024800004,0.685666712000113],[33.42543838900019,0.68560868600008],[33.425421704000144,0.685393221000083],[33.42542332100004,0.685310921000053],[33.42517764700011,0.685144396000055],[33.42501719899997,0.684942536000051],[33.424901859000045,0.684599358000071],[33.42492017400002,0.684470764000082],[33.42497703400011,0.684286445],[33.42516252400003,0.684195584000065],[33.42541319500009,0.684190515000068],[33.4254426760001,0.684198759000026],[33.4255886680001,0.684205640000187],[33.4257541020001,0.684089547000042],[33.42573904300019,0.68388262600007],[33.42574403500009,0.683630281000092],[33.425839274000055,0.683458679000069],[33.42617639300016,0.683047731000045],[33.42629544800013,0.682883294000021],[33.42641073300018,0.682605705000014],[33.42637562100009,0.682403833000023],[33.4261299420001,0.682171698000104],[33.42550821900011,0.6815661280001],[33.42548815500004,0.681445005000114],[33.425508185000126,0.681172472000014],[33.42532768100011,0.680950425000049],[33.425046906000034,0.680703153000024],[33.424985387,0.680511918000093],[33.425017572000115,0.680356964000055],[33.42517719600016,0.680026859000179],[33.42515209300012,0.679613017000065],[33.425086897000085,0.679375820000075],[33.425016680000056,0.679057872000044],[33.424946470000066,0.678805534000105],[33.424896322,0.678654133000123],[33.42491608000006,0.678502570000092],[33.424983742000165,0.678377615000159],[33.42509181100013,0.678240271000163],[33.425141926000094,0.678023250000024],[33.42513618200013,0.677645897],[33.42517168200004,0.677616587000045],[33.42527724000007,0.67746303500013],[33.42538251700017,0.677397416000133],[33.425362456000016,0.677316667000127],[33.42525716200004,0.677180411000052],[33.42522205400013,0.677023961000032],[33.425247085000024,0.676615160999972],[33.42513173300006,0.67611553100005],[33.424600245000136,0.675409014000081],[33.424214160000076,0.674838750000163],[33.42418905300019,0.674374439000019],[33.42428428200003,0.674066571000139],[33.424389520000034,0.673561873000153],[33.42437944700015,0.673031952000088],[33.42434933900017,0.67271904800009],[33.42435431600012,0.672300156000119],[33.42449966800007,0.671861065000087],[33.424574832000076,0.671432073000119],[33.42456976300008,0.670775979000041],[33.424434358000155,0.670301584000129],[33.42435914300006,0.670145138000123],[33.424208725000085,0.669968510000103],[33.42335136600008,0.669272115000126],[33.423266117000026,0.669034919000012],[33.423251049000044,0.668722013000092],[33.42319589300013,0.66863117500003],[33.42307803800003,0.66849579400008],[33.42307577100013,0.668491025000151],[33.42302039000003,0.668252673000154],[33.42304042800009,0.668060890000163],[33.42314568600011,0.667773209000075],[33.42308548900019,0.667369463000057],[33.42304536200015,0.667127217000086],[33.4230102460001,0.666879921999964],[33.42298515600015,0.666612440000051],[33.42295505900006,0.666420661000075],[33.42273944800007,0.666037116000041],[33.42259403100002,0.665714129000037],[33.422413497000036,0.665133752000088],[33.42224799700017,0.664462531000083],[33.42224292500015,0.663771109000038],[33.4221827450001,0.663564192000081],[33.422067415000186,0.663306810999984],[33.42184178200006,0.662978783000028],[33.42158605800006,0.66251953800014],[33.421510835000106,0.662267200000031],[33.421485748000066,0.662029999000083],[33.42155090400013,0.66182811800013],[33.421545863000176,0.661500071000091],[33.42150574100003,0.661328480000179],[33.42141548500007,0.661156894000044],[33.42129514800013,0.660985310000058],[33.42122995500017,0.660768300000029],[33.42119483800019,0.660495771000114],[33.42103940200013,0.660268674000065],[33.42081378000012,0.660061772000176],[33.42073855400008,0.659774105999986],[33.42072851600017,0.659627747000059],[33.42068338000013,0.659461204000081],[33.42050287500001,0.659208875000047],[33.42041261900005,0.659032240999977],[33.42039755900004,0.658805133000044],[33.4204326310001,0.658537646000013],[33.42039751800013,0.658315585000025],[33.42028720800005,0.658149047000109],[33.42006158300012,0.657896723000022],[33.419850989999986,0.657553552000138],[33.419780778000074,0.65727093300012],[33.41977575200019,0.657119526000088],[33.41968047600011,0.656872237000186],[33.419540087000144,0.656720843000073],[33.419394684999986,0.656569448000084],[33.41925894100012,0.656374628000094],[33.419224192,0.656140477000179],[33.41920412700006,0.655999167000061],[33.41924155000004,0.655866835000097],[33.41943593400015,0.655861227000173],[33.41960745800009,0.655655634000141],[33.41964011500005,0.655450053000095],[33.419787126000074,0.65516223200018],[33.41997499400014,0.65503886900018],[33.42017104100012,0.655047076000074],[33.420522304000144,0.655203285000084],[33.420841089000135,0.655430031000037],[33.421371867000175,0.655515691000176],[33.421894640000176,0.655301846000157],[33.42243372700011,0.65482485900003],[33.42277676600014,0.654306774000077],[33.42285025199999,0.653936727000087],[33.422915577000026,0.653648913000097],[33.42302912300016,0.653417645000161],[33.423133489000065,0.653300794000131],[33.42326508700012,0.653297202000033],[33.42333730399997,0.653369613000052],[33.42346071800006,0.65344040400015],[33.423570975000075,0.653436814000031],[33.42363854400003,0.653332975000069],[33.42365630800009,0.653089504000093],[33.423674067000036,0.652795906000108],[33.423770073000185,0.652505881000025],[33.42390163800013,0.652108441000166],[33.42402297300015,0.651907829000095],[33.42418258400011,0.651707408000107],[33.42429638500005,0.651542698000185],[33.424353281000094,0.651413797000089],[33.424342600000045,0.651277740000126],[33.42436037200008,0.651148842999987],[33.424470620000136,0.65101635700006],[33.42460107000011,0.650936965000085],[33.42473379500018,0.650769285000024],[33.425370333000046,0.649433725000051],[33.425491243000124,0.649211727000136],[33.4255787190001,0.649111660000131],[33.42574374600014,0.648946754000121],[33.425857557000086,0.648900198000035],[33.426021160000175,0.648828575000039],[33.426149186000146,0.648653123000088],[33.426198960000136,0.648413229000141],[33.42634474700003,0.647965661000057],[33.42654745400006,0.647664887000019],[33.42670037400006,0.647450047],[33.42679143300006,0.647327356000119],[33.42696354999998,0.647217296000065],[33.42716628000005,0.647188635000077],[33.4272729810001,0.647195787000157],[33.427376124000034,0.647163554000031],[33.427475706999985,0.647117],[33.427550389000146,0.64700958100002],[33.42752192400019,0.646866365000051],[33.427432993000025,0.646708834000094],[33.427429426000174,0.646594260000029],[33.42744008700009,0.646486845000084],[33.427487506000034,0.646370606000175],[33.427717481000116,0.64615026000007],[33.42784551000017,0.645996290000085],[33.42789173600005,0.645863810000151],[33.42788815600011,0.645588117000159],[33.42799483900018,0.645373281000161],[33.42824188300017,0.644945018000158],[33.428567397999984,0.644538989000068],[33.428684758000145,0.644410083000025],[33.428844800000036,0.644321027000103],[33.42895150000015,0.644291906000092],[33.42909376000006,0.644184481000025],[33.42919332800011,0.643948164000108],[33.42928455600003,0.643645231000164],[33.429740831,0.642986911000037],[33.43009968900003,0.642437199000028],[33.430234708000114,0.641925327000138],[33.43018700400006,0.641501447000053],[33.43021081500018,0.64123751600016],[33.430282297000076,0.640981581000062],[33.43040939600019,0.640773627000044],[33.430417312000145,0.6404297200001],[33.43060880500008,0.639515812000184],[33.43097015200004,0.638500847000159],[33.4315407630001,0.637658212000133],[33.43205430300014,0.63679643200004],[33.432099112000174,0.635933436000073],[33.432263401,0.634977193000111],[33.43220627400018,0.634268659000099],[33.43211110800013,0.633636726000134],[33.432586670000035,0.633579237000049],[33.434203555000124,0.633062059000054],[33.43521177600019,0.633291769000095],[33.43600174900007,0.633392883999988],[33.440360334,0.631378600000119],[33.44133954800003,0.630469895000033],[33.44187265800008,0.627696311000022],[33.44225060500003,0.626863948000164],[33.44331899400004,0.627488105000054],[33.445938893000175,0.629532517000087],[33.44786728200012,0.63074465699998],[33.45060452500019,0.632191948000127],[33.45112194700005,0.632445069000028],[33.45158360900001,0.632655545000034],[33.451670416000184,0.632671426000172],[33.451701964000165,0.63247679400007],[33.451780854000106,0.632206688999986],[33.45185973700012,0.631853173000081],[33.45193863200018,0.631634704000021],[33.4520372610001,0.631491702000062],[33.452151670000035,0.631312951000154],[33.4521832210001,0.631146124000111],[33.45222661500014,0.631046819000119],[33.45234940100016,0.630876349000062],[33.45252931800002,0.630789484000047],[33.45283965500005,0.630350199000077],[33.453116743000066,0.629595221000102],[33.45306602500011,0.629291961999968],[33.45302600500003,0.628831998000123],[33.453070028000184,0.628518625000027],[33.45375630900003,0.627306259000079],[33.453827705000094,0.626940501000036],[33.45380434700013,0.626443283000071],[33.453920139000104,0.625991260999967],[33.45404292400002,0.625815790000104],[33.454145913000104,0.625771916000076],[33.45429644100017,0.625759939000034],[33.45443903700004,0.625640295000096],[33.45450240700012,0.625532621000048],[33.4545103050001,0.625237528000071],[33.45458555000016,0.625022183000112],[33.45517176900012,0.624447899000188],[33.45537377200003,0.624188679000042],[33.45548071200017,0.62403314800008],[33.45548465200011,0.623785908000059],[33.455480672000135,0.623570571000073],[33.455504417999975,0.623315354],[33.455607398000154,0.623163810999984],[33.45573415200016,0.623084046000031],[33.455845058000136,0.622964404000129],[33.455880698000044,0.622832805000144],[33.455900481000185,0.622561637999979],[33.455924234000065,0.62239813900004],[33.45608663100012,0.622214690000078],[33.456395596,0.622059141000079],[33.45665305500006,0.621787953000023],[33.456712464000134,0.621668316000182],[33.456724338000015,0.621548683000128],[33.45668867600011,0.621433041000159],[33.45664112800006,0.62128151200011],[33.456645075000154,0.621110039000087],[33.45674805100015,0.620910644000162],[33.45703719900007,0.620631477000074],[33.45731843600015,0.620479919000161],[33.45770267100005,0.620380191999971],[33.45791657900003,0.620380173000058],[33.458086913000045,0.620368196000072],[33.45846718900009,0.620292395000092],[33.458702060000064,0.62032921500014],[33.45903386000015,0.62052004200018],[33.45979222400001,0.620555761000048],[33.46235169600004,0.620627105999972],[33.46335264100003,0.620790858000021],[33.463633985,0.621080007000046],[33.46386435400018,0.621285756000134],[33.464126613000076,0.621411132],[33.46463801100015,0.621556288000136],[33.46499863500014,0.62191265600012],[33.46526089300016,0.622024833000069],[33.46557560100007,0.622137005000127],[33.46638206900019,0.622724334000111],[33.467044276000024,0.623054275000186],[33.468237567000074,0.623720769000045],[33.4687620950001,0.624063922000119],[33.469221042000186,0.624202481000111],[33.469745542000055,0.624222233000182],[33.47028634300011,0.624496153000109],[33.47174418800006,0.624861951000184],[33.47260195100006,0.625594683000031],[33.47396139799997,0.627385871000115],[33.475331476,0.628697565000095],[33.47718620900008,0.629122603999974],[33.47863592100015,0.629068188000133],[33.48008737500015,0.629638016],[33.47930850600011,0.631718904000081],[33.47869474400011,0.633510272000137],[33.47880611700003,0.635229197000172],[33.47888211800017,0.637083830000051],[33.47945629300017,0.638467969999965],[33.47942441800012,0.63999692100009],[33.47933415099999,0.641761099000064],[33.478908474000036,0.642647748000172],[33.477392672000065,0.644782990000067],[33.47701712900016,0.645152377000159],[33.47657047800004,0.645683582000174],[33.47626772800004,0.64616577400011],[33.47590440800019,0.64653158800013],[33.47540345200014,0.646875247000082],[33.47488597900019,0.647224449000021],[33.47412078500014,0.647784276000039],[33.473377658000175,0.648842890000083],[33.473212531000115,0.649203144000069],[33.473030903,0.649729662000084],[33.472981400000094,0.6502173720001],[33.47297594100007,0.650716164000187],[33.47299659400011,0.650802064000175],[33.473216852,0.651259269000093],[33.47357479000016,0.652201394000144],[33.47419422000007,0.65300494100012],[33.47471729800003,0.653711512000029],[33.47504772000019,0.654764482000132],[33.47544697000018,0.655928288000155],[33.47590121700017,0.656482455000059],[33.476947307000046,0.657202830000074],[33.47729142600019,0.657549179000057],[33.47742920100012,0.659017825000035],[33.47758077600014,0.660874419000038],[33.47752601900015,0.663964152000119],[33.47739649800019,0.665463319000082],[33.47737884400016,0.665574784000171],[33.477072165000095,0.667483437999977],[33.47650819800003,0.670947314000045],[33.47623305500008,0.672249738000176],[33.47602672199997,0.673482879000176],[33.476054315000056,0.674147930000061],[33.476205812000046,0.675159351000161],[33.47659134300011,0.676724959000182],[33.47641249900005,0.677556294000112],[33.47640046999999,0.678569074000109],[33.47607993500003,0.679429055000128],[33.47595850500011,0.679620776999968],[33.475559376000035,0.679745514000103],[33.47494209900003,0.679681169],[33.47396620600006,0.679702857],[33.472893827000064,0.68004842400012],[33.471984778000035,0.680456948000142],[33.47226842500015,0.682599753999966],[33.472323369000094,0.683381508000025],[33.47240358400006,0.683627924000177],[33.472488017000046,0.683848847000036],[33.47265265600009,0.684231213000089],[33.47277931200006,0.684626329000082],[33.47282154400017,0.684898240000109],[33.472842664000154,0.685080932000119],[33.47284691300007,0.685369842000057],[33.472838497000055,0.685616268],[33.47285962200016,0.685841446000154],[33.47292718100016,0.686147345000165],[33.473111354000025,0.686622130000103],[33.47335987000014,0.68712143],[33.4734594790001,0.687309396000103],[33.473942569000144,0.688111377000098],[33.47416668000011,0.688449711000032],[33.47472443100014,0.689267488000098],[33.47533607400004,0.689918301000034],[33.475581755000064,0.69017893500012],[33.475688007000144,0.690406166],[33.47576769700015,0.69058661400004],[33.47587394300007,0.690749995000147],[33.476571470000124,0.691121942000109],[33.47761852200006,0.691646564000166],[33.47792823300006,0.692027165000127],[33.47796067100006,0.692349303000128],[33.47790399200005,0.692651060000117],[33.47774605000012,0.693026227000189],[33.477426093000076,0.693540055000028],[33.477138518000174,0.69380513700014],[33.47691169900014,0.694021280000186],[33.4767172920001,0.694310819000066],[33.476360868000086,0.694710472000168],[33.47569661300014,0.695371133000037],[33.47543739900016,0.695697378000091],[33.475240234000125,0.696064022999963],[33.47505381600013,0.697192652000012],[33.47462872700004,0.698341668000069],[33.47375143200003,0.699083614000187],[33.473870192000106,0.701481065],[33.47375311000019,0.70457516200014],[33.473826196000175,0.705217493000077],[33.47390125599998,0.705579674000148],[33.47407013000009,0.706764510000085],[33.47395396700017,0.707823025000039],[33.473266522000074,0.708537810999985],[33.47122600500006,0.709831747000123],[33.469767370000056,0.71076374200004],[33.46841319300006,0.711532879],[33.46665628700015,0.712401574000069],[33.46556439300002,0.712881179000021],[33.463997923000136,0.713939843000048],[33.463237972,0.714229426000088],[33.462967483000114,0.714196673000174],[33.46272968800008,0.714106933000039],[33.46248595000014,0.714035147000118],[33.46227195600005,0.714178791000109],[33.46195096800011,0.714418194000075],[33.46161763700019,0.714463039000179],[33.46138028800016,0.714490063000085],[33.46121977500013,0.714430236000055],[33.460999817000186,0.714333227999987],[33.46097075500012,0.714330602000132],[33.46068474700007,0.714334542000131],[33.46045292200017,0.714514093000105],[33.4602924510001,0.714867182000148],[33.46013196500019,0.715064678000147],[33.45990014400007,0.715268166000101],[33.45896955500007,0.715977168000109],[33.45832491300001,0.716321554000046],[33.45774237400008,0.716722559000061],[33.45751055800008,0.716979905000073],[33.45730254400007,0.717470636000087],[33.45714619300003,0.717854577000139],[33.45590563700006,0.718536584000162],[33.45543008800007,0.718637755000088],[33.45515068700013,0.718619831000012],[33.45498423200013,0.718571974000042],[33.45485938700017,0.718512144000101],[33.45472752100011,0.718473353000149],[33.4533491250001,0.718645386000105],[33.452517840000155,0.718962116],[33.451702804000035,0.71891340600007],[33.45116777800018,0.71885960000003],[33.45073499299997,0.718871823000086],[33.448894357000086,0.719451019000076],[33.44766158000016,0.719813413],[33.44670036400004,0.719912355000019],[33.44584283900002,0.719947317999981],[33.445288471000026,0.719903775000034],[33.444806385000106,0.71989921300019],[33.44446719700011,0.719838182000046],[33.44398920800006,0.719749154000112],[33.44370237200013,0.719664966999972],[33.443347811000024,0.71955271600001],[33.44296537000008,0.719496610000022],[33.442267277000155,0.719487337000032],[33.44222258000008,0.719489631000044],[33.44198936200013,0.71952076700012],[33.44159896500008,0.719580959000155],[33.44135595900008,0.719580983000128],[33.44110069600015,0.719521242000098],[33.44096612300012,0.719372304000046],[33.440758219000145,0.71918921300005],[33.43974474600003,0.718892845000028],[33.438739959000145,0.718840624000109],[33.437587936000114,0.718980250000072],[33.4363146660001,0.719320438000182],[33.43498077800007,0.719826303],[33.434270519000165,0.720035643000131],[33.43390672400017,0.720087996000075],[33.43365553199999,0.720131618000153],[33.43332638100003,0.720166528]]]}},{"type":"Feature","properties":{"country":"Uganda","admin_level":"Admin2","name":"Wankole"},"geometry":{"type":"Polygon","coordinates":[[[33.17375103100005,0.780802366000103],[33.17288154700009,0.781489169000167],[33.17222608200012,0.781825846],[33.1718381550001,0.782054784000138],[33.17159737400016,0.782256783999969],[33.17155725700013,0.782620369000142],[33.17146362800008,0.782876226999974],[33.17110245500015,0.783105163000073],[33.17079478400018,0.783172506000085],[33.17052724500013,0.783280245000185],[33.170487121,0.783455305000132],[33.17025972800013,0.783899693000137],[33.16997882400017,0.784290218000024],[33.169724669000175,0.784546083000123],[33.168962163000174,0.784317192000117],[33.168279913,0.783926706000102],[33.167878579000046,0.783401547000096],[33.16738361000017,0.78302451899998],[33.16696891000015,0.782822546000091],[33.166487325,0.78258017700017],[33.165978977000066,0.78216275],[33.16531010800003,0.781826127000159],[33.16478839000007,0.781597226000144],[33.16467481100017,0.780965828000092],[33.16441623500009,0.779831896000076],[33.164268486000026,0.77940435000005],[33.16369599300015,0.778605036000158],[33.16336358000012,0.778168203000178],[33.163326632000064,0.777787123999985],[33.16321410100011,0.773664309000026],[33.16300443000006,0.766706360000114],[33.162411178000184,0.764752166000108],[33.16177215000005,0.762870351000061],[33.16028007500017,0.759043398000074],[33.160292385000105,0.75774963300006],[33.16084031400004,0.756935355000167],[33.16088972100016,0.756292994000034],[33.16108039500011,0.75546063500002],[33.16153256900003,0.755171105000045],[33.16207967500003,0.754908712000088],[33.16215265800008,0.753813986000125],[33.16258123300014,0.753316368000128],[33.16327101700017,0.753099207000048],[33.16395942600019,0.753678208000053],[33.164632391,0.753933374000042],[33.164803378000045,0.753973113000029],[33.16503344300014,0.754009433000022],[33.16507404900017,0.754191073000129],[33.16512753200004,0.754423290000091],[33.165182327000025,0.75454981200005],[33.165340217000164,0.754645168000138],[33.16552967900003,0.754613373000097],[33.16597911600013,0.754320489000179],[33.16631007300009,0.754172861000029],[33.166377733,0.754013922000127],[33.166345804000116,0.75391576700008],[33.166156354000066,0.753777644000138],[33.16598608000004,0.753611281000133],[33.16592313800015,0.753505293000046],[33.165901984000186,0.753377551000142],[33.16594897800013,0.753245075],[33.16603592200005,0.753110232000154],[33.1660688180001,0.753025069000103],[33.16607821200017,0.752854745000036],[33.16600770700012,0.752698618000181],[33.166005352000184,0.75257324100005],[33.16612989700013,0.752478611000186],[33.16619334300003,0.752391081000042],[33.166200389000096,0.752286994999963],[33.166143987000055,0.752211297000088],[33.16602883700011,0.752180549000059],[33.165899583000055,0.752057542000102],[33.16592307600013,0.75187538900002],[33.166066419000174,0.75171925300009],[33.166101665999975,0.751657747000138],[33.16612281200014,0.751534734000188],[33.16606170900013,0.751470865000101],[33.16598885900015,0.751444846000027],[33.165852559000086,0.751407001000189],[33.165786756000045,0.751300551000043],[33.16583610200007,0.751201194000089],[33.165993544000116,0.751033230000075],[33.16619798600016,0.750896017000173],[33.166404778000185,0.750735147000171],[33.166470573000026,0.750621596000087],[33.166526967000095,0.750470195000105],[33.16653871099999,0.750304601999972],[33.166538705000164,0.750148472000035],[33.16652225100006,0.75002782700011],[33.16652224600017,0.749895352000067],[33.166485390000105,0.749778188000164],[33.1660041720001,0.749183184000117],[33.165577315000064,0.748727652000071],[33.16554246400011,0.748166666000031],[33.16572820000016,0.747523861000047],[33.16548436900018,0.746974569999963],[33.16533342100013,0.746483712000042],[33.16521730400018,0.74602791500007],[33.165472697999974,0.74533835800014],[33.165867428000126,0.745081223999989],[33.166366646000085,0.744800712000085],[33.166807807000055,0.744309832000113],[33.16735345400019,0.743713762000027],[33.16801520000007,0.743094313000029],[33.16828221700018,0.74276706],[33.16866532500012,0.742206058000136],[33.16887429400009,0.741948931000081],[33.169257424000136,0.74193722900003],[33.16943157700007,0.742030721000106],[33.16975665400008,0.741995646000134],[33.17022103900001,0.74160995],[33.17085955900012,0.740897004000033],[33.171033699000134,0.740628191000042],[33.171463266000046,0.74056973800009],[33.17197410000006,0.740452846000039],[33.172368831000085,0.74025414700003],[33.172484922000024,0.740020399000059],[33.17251973700019,0.739623031],[33.17219464300007,0.739260739999963],[33.17200886899997,0.738886756000113],[33.17210173800015,0.738582885000142],[33.172531305000064,0.738536119000173],[33.17275189500003,0.738582859000132],[33.173007309000184,0.73845429000005],[33.17306534700003,0.738138732000039],[33.17393328800017,0.737908826000023],[33.17488445000015,0.737519801000076],[33.17542660600009,0.736652485000093],[33.17530051700004,0.735652644000027],[33.175324283000066,0.735293577999983],[33.175443168000186,0.734982383000101],[33.17549070700011,0.734479690000171],[33.17549069700016,0.734228344000144],[33.175348010000164,0.733965035000153],[33.17530043900018,0.733653847000141],[33.17530042400011,0.733270844000174],[33.17543120099998,0.733019493000029],[33.175609533,0.73267239],[33.17544305400003,0.732073954000043],[33.17534791300005,0.731475515],[33.17551435400003,0.731092506000039],[33.175835356000164,0.730577832999984],[33.17590668300011,0.730302546000075],[33.175882892000175,0.729991357000131],[33.17569264800005,0.729775926000173],[33.17551429400004,0.729536556000085],[33.175538062000044,0.729261272000031],[33.17540726000004,0.728854336000154],[33.17541913600019,0.728519208000137],[33.17574015499997,0.728459351000026],[33.17606117100007,0.728291774000127],[33.176239499000076,0.727848920000099],[33.17654861800003,0.727537718000065],[33.177047968000124,0.727082882000104],[33.177178738000066,0.726640029000123],[33.177440294000064,0.726209141000027],[33.17777319600009,0.725981720000107],[33.178142986000125,0.725857619000067],[33.178415229000166,0.725718379000114],[33.17874812500003,0.725335363],[33.17902157300006,0.724964318000161],[33.179342583000164,0.724677053000107],[33.17950904600019,0.72484461],[33.17948528100004,0.725239583000075],[33.179592294000145,0.725383205000071],[33.17979440500005,0.725048070000128],[33.18000841500003,0.724916403000179],[33.18019864900009,0.72490442700007],[33.18034131300004,0.724605200000099],[33.18043641300005,0.724138411000126],[33.180924694000055,0.723446661000082],[33.18125055500013,0.723100060999968],[33.18187968800004,0.722106009000186],[33.182412696000085,0.721059180000168],[33.18279715500017,0.720161901000097],[33.182945694000125,0.719783637000035],[33.18290198900013,0.719466957000122],[33.18285827799997,0.719009531000097],[33.18298932300007,0.718191433000129],[33.18315532200006,0.717382130000033],[33.18317277100016,0.716687190000073],[33.183190229,0.716212168000027],[33.183268852000026,0.71559639600008],[33.183373695000114,0.71512137000002],[33.18373194200018,0.714356043],[33.18394164900019,0.713916199000039],[33.184072711,0.71353793600008],[33.18410765200014,0.713203660000147],[33.184264908000046,0.712288797000042],[33.184448393000025,0.711699411000097],[33.18480664300017,0.71099566099997],[33.18524354599998,0.710441451000122],[33.18568919500018,0.710107159000188],[33.18620475100005,0.709737676000088],[33.1865018470001,0.709420983000086],[33.186694079,0.709069108],[33.18691252200006,0.708585280000136],[33.186964940000166,0.708268597000142],[33.18702608900014,0.707749590000049],[33.1870435460001,0.707256974000188],[33.187008558,0.706421289000048],[33.186851251000064,0.706043038000075],[33.18674636999998,0.705568020000044],[33.186798784000075,0.705154573000016],[33.186964796000154,0.704679544999976],[33.187069644000076,0.704345266000132],[33.18714827200006,0.703879038000082],[33.187454091,0.703175290000161],[33.18766379300013,0.702656276000027],[33.18775116400019,0.702321998000059],[33.187803583000175,0.702031705000081],[33.18804802700015,0.701664345000097],[33.18841081100015,0.700604372000043],[33.18842937900007,0.700485307000065],[33.18850430000015,0.700438343000087],[33.18854105300005,0.700398496000048],[33.18856366900019,0.700367188000143],[33.1886089620001,0.700289435],[33.18861031600005,0.700057404000063],[33.188619263000135,0.699841031000062],[33.188646117000076,0.69948942200017],[33.18874014200014,0.699223459000109],[33.18893716499997,0.699038632000168],[33.189110959000175,0.698932019000154],[33.18918906000016,0.698585405000074],[33.18919968400013,0.698440934000075],[33.18926428600014,0.698416317000124],[33.18941843700003,0.697430156000109],[33.189774224000075,0.69600067000016],[33.190189855000085,0.695104971000035],[33.191749350000066,0.694154732000186],[33.19304103999997,0.693494436000094],[33.193505707000156,0.693272658000069],[33.194004830000154,0.693245043000161],[33.19595826000011,0.692734342999984],[33.19819554700007,0.692471878000049],[33.19983371800015,0.691033289000131],[33.20020219800011,0.690969943000027],[33.20046113400019,0.690671371],[33.20091244000008,0.689956616000131],[33.20100703700018,0.688762371000166],[33.20157714200019,0.687993327000129],[33.20164789100005,0.687378109],[33.20164763100007,0.686618967000072],[33.20167114600014,0.686039109000092],[33.21001517600007,0.681867950000026],[33.215139914000076,0.681379168000092],[33.22321797600017,0.683912033000126],[33.22320872100005,0.683979228000112],[33.223097315000075,0.68516599000003],[33.22307394900008,0.685977304],[33.22312198900016,0.687215011000035],[33.22302742000005,0.687981707000063],[33.22299238600016,0.689222527000027],[33.2225653750001,0.690862376000098],[33.222100735000026,0.6926128610001],[33.221948465000025,0.693185234000111],[33.221830730000136,0.69516373600004],[33.22182085100013,0.699172585000156],[33.22177436400011,0.701272438999979],[33.22183481500002,0.703324623000128],[33.22182727400002,0.703641456000184],[33.221781610000164,0.705881049000084],[33.22173085600008,0.709313994000183],[33.22173190500007,0.71141387300014],[33.22171614600006,0.711741589000042],[33.221629393000114,0.714982914000132],[33.221214659000054,0.717382675000181],[33.22096290300004,0.718132218000108],[33.22053560600011,0.719359495000106],[33.22049836700012,0.720844536000129],[33.220493143000056,0.721053596000047],[33.22045363400008,0.721908973000041],[33.22032936300019,0.72481259],[33.22030137000007,0.725596694000046],[33.22021040200019,0.727682886000025],[33.22011612800003,0.729609960000118],[33.220294227000124,0.730342780000171],[33.22292538700003,0.732061631000022],[33.22640548400011,0.734071275000019],[33.22616105200012,0.735698470000102],[33.22462264900014,0.738430824000034],[33.22699261300011,0.740050163000035],[33.22894742800014,0.74086431600017],[33.22981757200017,0.741750903000025],[33.23018945500013,0.742266577000066],[33.23123602200013,0.743958361000068],[33.23320995500012,0.745107258000189],[33.23466435800009,0.745825571000012],[33.235754036,0.746355644000118],[33.23622594300008,0.747549857000081],[33.23583169100016,0.748934110000107],[33.23402357100008,0.749829887000089],[33.23214412500005,0.750969943000086],[33.23007763600003,0.752290955000149],[33.22568347000009,0.755276785000092],[33.224463923000144,0.755930786000079],[33.22260916100015,0.756649011000093],[33.22117052100015,0.75702011900006],[33.219731904000014,0.757834072000037],[33.21889877300009,0.758367985000064],[33.21842969400012,0.758732903000066],[33.21804590400018,0.759076354000115],[33.21782202100019,0.759183687000018],[33.21747020000015,0.759226634000129],[33.216997553,0.759305360000099],[33.21680920800014,0.759380495000187],[33.21666351000016,0.759512866000023],[33.21652136500006,0.759630928000036],[33.21631525500004,0.759820541000181],[33.21609848300005,0.759967225000025],[33.21579997300006,0.760113913999987],[33.21537352700011,0.760235567000052],[33.215078567000035,0.760299975],[33.214876116000084,0.760373740000034],[33.21476584200019,0.760446664000028],[33.21469527200003,0.760589533000029],[33.214698334000104,0.760700664000069],[33.214687679,0.760822296000185],[33.21461006900017,0.760930568000049],[33.21453842700009,0.760976131],[33.214396279000084,0.761022645000139],[33.21416528500015,0.761051276000103],[33.21399114900015,0.76102624300006],[33.21384340600008,0.760932573000161],[33.213466843000106,0.76074306300012],[33.2131373580001,0.760705174000066],[33.21292084500004,0.760799948999988],[33.21215834100019,0.761131662000025],[33.2108498450001,0.76167188300002],[33.21012499800008,0.762041499000077],[33.20972022700005,0.762505864000047],[33.209409590000064,0.76292284200008],[33.209268388000055,0.763036566000039],[33.20908952500014,0.763027099000055],[33.20881652300011,0.763027111999975],[33.208421156000156,0.763311424000051],[33.20802580100019,0.763832646000026],[33.20784694500014,0.763993755000115],[33.20768690800014,0.763965333000101],[33.20744214300004,0.763842152000109],[33.20746083500018,0.764009858000122],[33.20765868400014,0.764325439000061],[33.20796936300013,0.764761340000121],[33.20812000400008,0.765187771000171],[33.20802603800013,0.765494962999981],[33.20766526800014,0.765780339000173],[33.20724006100005,0.765871155000013],[33.20707256100019,0.76601384300011],[33.20703391300003,0.766156523],[33.20693084100003,0.766351091000104],[33.20668603000013,0.766493782000111],[33.206312374000106,0.766792129],[33.20582277800008,0.767622286000062],[33.20498529499997,0.768724846000168],[33.20441835700018,0.768932407000023],[33.20405757300017,0.768945396000106],[33.20359371100011,0.769023243000049],[33.203232946000014,0.76945129700016],[33.20278198600005,0.769892327000036],[33.201390415000105,0.77048905200013],[33.199290183000016,0.771591673000103],[33.19720177000016,0.773182763000136],[33.19527454800004,0.77417805500005],[33.19348855900017,0.774295752000114],[33.191019228000016,0.774268723000091],[33.188437351,0.776078298000186],[33.187135935000185,0.77696665700006],[33.1851482460001,0.778781975000129],[33.184532911000076,0.779078255000172],[33.18417173700004,0.779239862000111],[33.18365003100007,0.779293749000033],[33.183101556000054,0.778957123000055],[33.18256646999998,0.77893021400007],[33.180733804000056,0.778862964000041],[33.179677010000034,0.778809146000185],[33.17940946900018,0.778849555000079],[33.179101814000035,0.779280481],[33.178700507000144,0.779415158000063],[33.17841958700018,0.779401704000179],[33.17797814700009,0.77953638300005],[33.177523343000075,0.779940382000177],[33.17713541200004,0.780088525000053],[33.17647993500009,0.78010201900014],[33.17605186200012,0.780007775000172],[33.175784319000115,0.779980854000144],[33.17528937499998,0.780182866000132],[33.1747944330001,0.780465672000105],[33.17441987899997,0.780586882000023],[33.17392492700009,0.780654233000178],[33.17375103100005,0.780802366000103]]]}}]}